provider,indicator_id,geo,period,frequency,period_start,period_end,value,unit,obs_status,publication_lag_days,available_from,retrieved_at,source_url,payload_sha256,data_origin
worldbank,gdp_growth,BG,2019,A,2019-01-01,2019-12-31,6.24,% annual,,300,2020-10-26,2026-01-15T08:00:00Z,SYNTHETIC/gdp_growth,f8f4d38efb10ada2ba668ba394850ba3e7fedbef66f311b65ccde69254fe4b2e,fixture_synthetic
worldbank,gdp_growth,BG,2020,A,2020-01-01,2020-12-31,1.59,% annual,,300,2021-10-27,2026-01-15T08:00:00Z,SYNTHETIC/gdp_growth,f8f4d38efb10ada2ba668ba394850ba3e7fedbef66f311b65ccde69254fe4b2e,fixture_synthetic
worldbank,gdp_growth,BG,2021,A,2021-01-01,2021-12-31,5.29,% annual,,300,2022-10-27,2026-01-15T08:00:00Z,SYNTHETIC/gdp_growth,f8f4d38efb10ada2ba668ba394850ba3e7fedbef66f311b65ccde69254fe4b2e,fixture_synthetic
worldbank,gdp_growth,BG,2022,A,2022-01-01,2022-12-31,5.53,% annual,,300,2023-10-27,2026-01-15T08:00:00Z,SYNTHETIC/gdp_growth,f8f4d38efb10ada2ba668ba394850ba3e7fedbef66f311b65ccde69254fe4b2e,fixture_synthetic
worldbank,gdp_growth,BG,2023,A,2023-01-01,2023-12-31,1.18,% annual,,300,2024-10-26,2026-01-15T08:00:00Z,SYNTHETIC/gdp_growth,f8f4d38efb10ada2ba668ba394850ba3e7fedbef66f311b65ccde69254fe4b2e,fixture_synthetic
worldbank,gdp_growth,BG,2024,A,2024-01-01,2024-12-31,-3.65,% annual,,300,2025-10-27,2026-01-15T08:00:00Z,SYNTHETIC/gdp_growth,f8f4d38efb10ada2ba668ba394850ba3e7fedbef66f311b65ccde69254fe4b2e,fixture_synthetic
worldbank,gdp_growth,GR,2019,A,2019-01-01,2019-12-31,-3.52,% annual,,300,2020-10-26,2026-01-15T08:00:00Z,SYNTHETIC/gdp_growth,f8f4d38efb10ada2ba668ba394850ba3e7fedbef66f311b65ccde69254fe4b2e,fixture_synthetic
worldbank,gdp_growth,GR,2020,A,2020-01-01,2020-12-31,3.82,% annual,,300,2021-10-27,2026-01-15T08:00:00Z,SYNTHETIC/gdp_growth,f8f4d38efb10ada2ba668ba394850ba3e7fedbef66f311b65ccde69254fe4b2e,fixture_synthetic
worldbank,gdp_growth,GR,2021,A,2021-01-01,2021-12-31,-4.41,% annual,,300,2022-10-27,2026-01-15T08:00:00Z,SYNTHETIC/gdp_growth,f8f4d38efb10ada2ba668ba394850ba3e7fedbef66f311b65ccde69254fe4b2e,fixture_synthetic
worldbank,gdp_growth,GR,2022,A,2022-01-01,2022-12-31,-4.9,% annual,,300,2023-10-27,2026-01-15T08:00:00Z,SYNTHETIC/gdp_growth,f8f4d38efb10ada2ba668ba394850ba3e7fedbef66f311b65ccde69254fe4b2e,fixture_synthetic
worldbank,gdp_growth,GR,2023,A,2023-01-01,2023-12-31,-3.22,% annual,,300,2024-10-26,2026-01-15T08:00:00Z,SYNTHETIC/gdp_growth,f8f4d38efb10ada2ba668ba394850ba3e7fedbef66f311b65ccde69254fe4b2e,fixture_synthetic
worldbank,gdp_growth,GR,2024,A,2024-01-01,2024-12-31,-4.9,% annual,,300,2025-10-27,2026-01-15T08:00:00Z,SYNTHETIC/gdp_growth,f8f4d38efb10ada2ba668ba394850ba3e7fedbef66f311b65ccde69254fe4b2e,fixture_synthetic
worldbank,gdp_growth,IE,2019,A,2019-01-01,2019-12-31,7.01,% annual,,300,2020-10-26,2026-01-15T08:00:00Z,SYNTHETIC/gdp_growth,f8f4d38efb10ada2ba668ba394850ba3e7fedbef66f311b65ccde69254fe4b2e,fixture_synthetic
worldbank,gdp_growth,IE,2020,A,2020-01-01,2020-12-31,3.12,% annual,,300,2021-10-27,2026-01-15T08:00:00Z,SYNTHETIC/gdp_growth,f8f4d38efb10ada2ba668ba394850ba3e7fedbef66f311b65ccde69254fe4b2e,fixture_synthetic
worldbank,gdp_growth,IE,2021,A,2021-01-01,2021-12-31,-3.04,% annual,p,300,2022-10-27,2026-01-15T08:00:00Z,SYNTHETIC/gdp_growth,f8f4d38efb10ada2ba668ba394850ba3e7fedbef66f311b65ccde69254fe4b2e,fixture_synthetic
worldbank,gdp_growth,IE,2022,A,2022-01-01,2022-12-31,-1.06,% annual,,300,2023-10-27,2026-01-15T08:00:00Z,SYNTHETIC/gdp_growth,f8f4d38efb10ada2ba668ba394850ba3e7fedbef66f311b65ccde69254fe4b2e,fixture_synthetic
worldbank,gdp_growth,IE,2023,A,2023-01-01,2023-12-31,1.6,% annual,,300,2024-10-26,2026-01-15T08:00:00Z,SYNTHETIC/gdp_growth,f8f4d38efb10ada2ba668ba394850ba3e7fedbef66f311b65ccde69254fe4b2e,fixture_synthetic
worldbank,gdp_growth,IE,2024,A,2024-01-01,2024-12-31,-4.26,% annual,,300,2025-10-27,2026-01-15T08:00:00Z,SYNTHETIC/gdp_growth,f8f4d38efb10ada2ba668ba394850ba3e7fedbef66f311b65ccde69254fe4b2e,fixture_synthetic
worldbank,gdp_growth,IT,2019,A,2019-01-01,2019-12-31,1.63,% annual,,300,2020-10-26,2026-01-15T08:00:00Z,SYNTHETIC/gdp_growth,f8f4d38efb10ada2ba668ba394850ba3e7fedbef66f311b65ccde69254fe4b2e,fixture_synthetic
worldbank,gdp_growth,IT,2020,A,2020-01-01,2020-12-31,4.46,% annual,,300,2021-10-27,2026-01-15T08:00:00Z,SYNTHETIC/gdp_growth,f8f4d38efb10ada2ba668ba394850ba3e7fedbef66f311b65ccde69254fe4b2e,fixture_synthetic
worldbank,gdp_growth,IT,2021,A,2021-01-01,2021-12-31,-1.93,% annual,,300,2022-10-27,2026-01-15T08:00:00Z,SYNTHETIC/gdp_growth,f8f4d38efb10ada2ba668ba394850ba3e7fedbef66f311b65ccde69254fe4b2e,fixture_synthetic
worldbank,gdp_growth,IT,2022,A,2022-01-01,2022-12-31,2.83,% annual,,300,2023-10-27,2026-01-15T08:00:00Z,SYNTHETIC/gdp_growth,f8f4d38efb10ada2ba668ba394850ba3e7fedbef66f311b65ccde69254fe4b2e,fixture_synthetic
worldbank,gdp_growth,IT,2023,A,2023-01-01,2023-12-31,-2.7,% annual,,300,2024-10-26,2026-01-15T08:00:00Z,SYNTHETIC/gdp_growth,f8f4d38efb10ada2ba668ba394850ba3e7fedbef66f311b65ccde69254fe4b2e,fixture_synthetic
worldbank,gdp_growth,IT,2024,A,2024-01-01,2024-12-31,4.81,% annual,,300,2025-10-27,2026-01-15T08:00:00Z,SYNTHETIC/gdp_growth,f8f4d38efb10ada2ba668ba394850ba3e7fedbef66f311b65ccde69254fe4b2e,fixture_synthetic
worldbank,gdp_growth,PL,2020,A,2020-01-01,2020-12-31,3.04,% annual,,300,2021-10-27,2026-01-15T08:00:00Z,SYNTHETIC/gdp_growth,f8f4d38efb10ada2ba668ba394850ba3e7fedbef66f311b65ccde69254fe4b2e,fixture_synthetic
worldbank,gdp_growth,PL,2021,A,2021-01-01,2021-12-31,-3.85,% annual,,300,2022-10-27,2026-01-15T08:00:00Z,SYNTHETIC/gdp_growth,f8f4d38efb10ada2ba668ba394850ba3e7fedbef66f311b65ccde69254fe4b2e,fixture_synthetic
worldbank,gdp_growth,PL,2022,A,2022-01-01,2022-12-31,2.66,% annual,,300,2023-10-27,2026-01-15T08:00:00Z,SYNTHETIC/gdp_growth,f8f4d38efb10ada2ba668ba394850ba3e7fedbef66f311b65ccde69254fe4b2e,fixture_synthetic
worldbank,gdp_growth,PL,2023,A,2023-01-01,2023-12-31,-0.97,% annual,,300,2024-10-26,2026-01-15T08:00:00Z,SYNTHETIC/gdp_growth,f8f4d38efb10ada2ba668ba394850ba3e7fedbef66f311b65ccde69254fe4b2e,fixture_synthetic
worldbank,gdp_growth,PL,2024,A,2024-01-01,2024-12-31,-2.81,% annual,,300,2025-10-27,2026-01-15T08:00:00Z,SYNTHETIC/gdp_growth,f8f4d38efb10ada2ba668ba394850ba3e7fedbef66f311b65ccde69254fe4b2e,fixture_synthetic
worldbank,gdp_growth,RO,2019,A,2019-01-01,2019-12-31,-0.06,% annual,,300,2020-10-26,2026-01-15T08:00:00Z,SYNTHETIC/gdp_growth,f8f4d38efb10ada2ba668ba394850ba3e7fedbef66f311b65ccde69254fe4b2e,fixture_synthetic
worldbank,gdp_growth,RO,2020,A,2020-01-01,2020-12-31,5.83,% annual,,300,2021-10-27,2026-01-15T08:00:00Z,SYNTHETIC/gdp_growth,f8f4d38efb10ada2ba668ba394850ba3e7fedbef66f311b65ccde69254fe4b2e,fixture_synthetic
worldbank,gdp_growth,RO,2021,A,2021-01-01,2021-12-31,6.2,% annual,p,300,2022-10-27,2026-01-15T08:00:00Z,SYNTHETIC/gdp_growth,f8f4d38efb10ada2ba668ba394850ba3e7fedbef66f311b65ccde69254fe4b2e,fixture_synthetic
worldbank,gdp_growth,RO,2023,A,2023-01-01,2023-12-31,2.48,% annual,,300,2024-10-26,2026-01-15T08:00:00Z,SYNTHETIC/gdp_growth,f8f4d38efb10ada2ba668ba394850ba3e7fedbef66f311b65ccde69254fe4b2e,fixture_synthetic
worldbank,gdp_growth,RO,2024,A,2024-01-01,2024-12-31,0.43,% annual,,300,2025-10-27,2026-01-15T08:00:00Z,SYNTHETIC/gdp_growth,f8f4d38efb10ada2ba668ba394850ba3e7fedbef66f311b65ccde69254fe4b2e,fixture_synthetic
eurostat,hicp_inflation,BG,2019-01,M,2019-01-01,2019-01-31,9.39,% year on year,,30,2019-03-02,2026-01-15T08:00:00Z,SYNTHETIC/hicp_inflation,02e76947d762bba708a53f7c05d6db4b521640b7391f3b3bc8e1254983dc8643,fixture_synthetic
eurostat,hicp_inflation,BG,2019-02,M,2019-02-01,2019-02-28,6.89,% year on year,,30,2019-03-30,2026-01-15T08:00:00Z,SYNTHETIC/hicp_inflation,02e76947d762bba708a53f7c05d6db4b521640b7391f3b3bc8e1254983dc8643,fixture_synthetic
eurostat,hicp_inflation,BG,2019-03,M,2019-03-01,2019-03-31,3.58,% year on year,,30,2019-04-30,2026-01-15T08:00:00Z,SYNTHETIC/hicp_inflation,02e76947d762bba708a53f7c05d6db4b521640b7391f3b3bc8e1254983dc8643,fixture_synthetic
eurostat,hicp_inflation,BG,2019-04,M,2019-04-01,2019-04-30,7.28,% year on year,,30,2019-05-30,2026-01-15T08:00:00Z,SYNTHETIC/hicp_inflation,02e76947d762bba708a53f7c05d6db4b521640b7391f3b3bc8e1254983dc8643,fixture_synthetic
eurostat,hicp_inflation,BG,2019-05,M,2019-05-01,2019-05-31,7.07,% year on year,,30,2019-06-30,2026-01-15T08:00:00Z,SYNTHETIC/hicp_inflation,02e76947d762bba708a53f7c05d6db4b521640b7391f3b3bc8e1254983dc8643,fixture_synthetic
eurostat,hicp_inflation,BG,2019-06,M,2019-06-01,2019-06-30,7.81,% year on year,,30,2019-07-30,2026-01-15T08:00:00Z,SYNTHETIC/hicp_inflation,02e76947d762bba708a53f7c05d6db4b521640b7391f3b3bc8e1254983dc8643,fixture_synthetic
eurostat,hicp_inflation,BG,2019-07,M,2019-07-01,2019-07-31,8.37,% year on year,,30,2019-08-30,2026-01-15T08:00:00Z,SYNTHETIC/hicp_inflation,02e76947d762bba708a53f7c05d6db4b521640b7391f3b3bc8e1254983dc8643,fixture_synthetic
eurostat,hicp_inflation,BG,2019-08,M,2019-08-01,2019-08-31,7.57,% year on year,,30,2019-09-30,2026-01-15T08:00:00Z,SYNTHETIC/hicp_inflation,02e76947d762bba708a53f7c05d6db4b521640b7391f3b3bc8e1254983dc8643,fixture_synthetic
eurostat,hicp_inflation,BG,2019-09,M,2019-09-01,2019-09-30,9.9,% year on year,,30,2019-10-30,2026-01-15T08:00:00Z,SYNTHETIC/hicp_inflation,02e76947d762bba708a53f7c05d6db4b521640b7391f3b3bc8e1254983dc8643,fixture_synthetic
eurostat,hicp_inflation,BG,2019-10,M,2019-10-01,2019-10-31,7.17,% year on year,,30,2019-11-30,2026-01-15T08:00:00Z,SYNTHETIC/hicp_inflation,02e76947d762bba708a53f7c05d6db4b521640b7391f3b3bc8e1254983dc8643,fixture_synthetic
eurostat,hicp_inflation,BG,2019-11,M,2019-11-01,2019-11-30,10.74,% year on year,,30,2019-12-30,2026-01-15T08:00:00Z,SYNTHETIC/hicp_inflation,02e76947d762bba708a53f7c05d6db4b521640b7391f3b3bc8e1254983dc8643,fixture_synthetic
eurostat,hicp_inflation,BG,2019-12,M,2019-12-01,2019-12-31,7.4,% year on year,,30,2020-01-30,2026-01-15T08:00:00Z,SYNTHETIC/hicp_inflation,02e76947d762bba708a53f7c05d6db4b521640b7391f3b3bc8e1254983dc8643,fixture_synthetic
eurostat,hicp_inflation,BG,2020-01,M,2020-01-01,2020-01-31,3.02,% year on year,,30,2020-03-01,2026-01-15T08:00:00Z,SYNTHETIC/hicp_inflation,02e76947d762bba708a53f7c05d6db4b521640b7391f3b3bc8e1254983dc8643,fixture_synthetic
eurostat,hicp_inflation,BG,2020-02,M,2020-02-01,2020-02-29,4.73,% year on year,,30,2020-03-30,2026-01-15T08:00:00Z,SYNTHETIC/hicp_inflation,02e76947d762bba708a53f7c05d6db4b521640b7391f3b3bc8e1254983dc8643,fixture_synthetic
eurostat,hicp_inflation,BG,2020-03,M,2020-03-01,2020-03-31,6.53,% year on year,,30,2020-04-30,2026-01-15T08:00:00Z,SYNTHETIC/hicp_inflation,02e76947d762bba708a53f7c05d6db4b521640b7391f3b3bc8e1254983dc8643,fixture_synthetic
eurostat,hicp_inflation,BG,2020-04,M,2020-04-01,2020-04-30,8.52,% year on year,,30,2020-05-30,2026-01-15T08:00:00Z,SYNTHETIC/hicp_inflation,02e76947d762bba708a53f7c05d6db4b521640b7391f3b3bc8e1254983dc8643,fixture_synthetic
eurostat,hicp_inflation,BG,2020-05,M,2020-05-01,2020-05-31,0.17,% year on year,,30,2020-06-30,2026-01-15T08:00:00Z,SYNTHETIC/hicp_inflation,02e76947d762bba708a53f7c05d6db4b521640b7391f3b3bc8e1254983dc8643,fixture_synthetic
eurostat,hicp_inflation,BG,2020-06,M,2020-06-01,2020-06-30,2.84,% year on year,,30,2020-07-30,2026-01-15T08:00:00Z,SYNTHETIC/hicp_inflation,02e76947d762bba708a53f7c05d6db4b521640b7391f3b3bc8e1254983dc8643,fixture_synthetic
eurostat,hicp_inflation,BG,2020-07,M,2020-07-01,2020-07-31,8.72,% year on year,,30,2020-08-30,2026-01-15T08:00:00Z,SYNTHETIC/hicp_inflation,02e76947d762bba708a53f7c05d6db4b521640b7391f3b3bc8e1254983dc8643,fixture_synthetic
eurostat,hicp_inflation,BG,2020-08,M,2020-08-01,2020-08-31,1.28,% year on year,,30,2020-09-30,2026-01-15T08:00:00Z,SYNTHETIC/hicp_inflation,02e76947d762bba708a53f7c05d6db4b521640b7391f3b3bc8e1254983dc8643,fixture_synthetic
eurostat,hicp_inflation,BG,2020-09,M,2020-09-01,2020-09-30,0.72,% year on year,,30,2020-10-30,2026-01-15T08:00:00Z,SYNTHETIC/hicp_inflation,02e76947d762bba708a53f7c05d6db4b521640b7391f3b3bc8e1254983dc8643,fixture_synthetic
eurostat,hicp_inflation,BG,2020-10,M,2020-10-01,2020-10-31,6.01,% year on year,,30,2020-11-30,2026-01-15T08:00:00Z,SYNTHETIC/hicp_inflation,02e76947d762bba708a53f7c05d6db4b521640b7391f3b3bc8e1254983dc8643,fixture_synthetic
eurostat,hicp_inflation,BG,2020-11,M,2020-11-01,2020-11-30,11.63,% year on year,,30,2020-12-30,2026-01-15T08:00:00Z,SYNTHETIC/hicp_inflation,02e76947d762bba708a53f7c05d6db4b521640b7391f3b3bc8e1254983dc8643,fixture_synthetic
eurostat,hicp_inflation,BG,2020-12,M,2020-12-01,2020-12-31,5.9,% year on year,,30,2021-01-30,2026-01-15T08:00:00Z,SYNTHETIC/hicp_inflation,02e76947d762bba708a53f7c05d6db4b521640b7391f3b3bc8e1254983dc8643,fixture_synthetic
eurostat,hicp_inflation,BG,2021-01,M,2021-01-01,2021-01-31,10.88,% year on year,,30,2021-03-02,2026-01-15T08:00:00Z,SYNTHETIC/hicp_inflation,02e76947d762bba708a53f7c05d6db4b521640b7391f3b3bc8e1254983dc8643,fixture_synthetic
eurostat,hicp_inflation,BG,2021-02,M,2021-02-01,2021-02-28,9.8,% year on year,,30,2021-03-30,2026-01-15T08:00:00Z,SYNTHETIC/hicp_inflation,02e76947d762bba708a53f7c05d6db4b521640b7391f3b3bc8e1254983dc8643,fixture_synthetic
eurostat,hicp_inflation,BG,2021-03,M,2021-03-01,2021-03-31,2.34,% year on year,,30,2021-04-30,2026-01-15T08:00:00Z,SYNTHETIC/hicp_inflation,02e76947d762bba708a53f7c05d6db4b521640b7391f3b3bc8e1254983dc8643,fixture_synthetic
eurostat,hicp_inflation,BG,2021-04,M,2021-04-01,2021-04-30,9.72,% year on year,,30,2021-05-30,2026-01-15T08:00:00Z,SYNTHETIC/hicp_inflation,02e76947d762bba708a53f7c05d6db4b521640b7391f3b3bc8e1254983dc8643,fixture_synthetic
eurostat,hicp_inflation,BG,2021-05,M,2021-05-01,2021-05-31,5.26,% year on year,,30,2021-06-30,2026-01-15T08:00:00Z,SYNTHETIC/hicp_inflation,02e76947d762bba708a53f7c05d6db4b521640b7391f3b3bc8e1254983dc8643,fixture_synthetic
eurostat,hicp_inflation,BG,2021-06,M,2021-06-01,2021-06-30,9.48,% year on year,,30,2021-07-30,2026-01-15T08:00:00Z,SYNTHETIC/hicp_inflation,02e76947d762bba708a53f7c05d6db4b521640b7391f3b3bc8e1254983dc8643,fixture_synthetic
eurostat,hicp_inflation,BG,2021-07,M,2021-07-01,2021-07-31,8.71,% year on year,,30,2021-08-30,2026-01-15T08:00:00Z,SYNTHETIC/hicp_inflation,02e76947d762bba708a53f7c05d6db4b521640b7391f3b3bc8e1254983dc8643,fixture_synthetic
eurostat,hicp_inflation,BG,2021-08,M,2021-08-01,2021-08-31,3.4,% year on year,,30,2021-09-30,2026-01-15T08:00:00Z,SYNTHETIC/hicp_inflation,02e76947d762bba708a53f7c05d6db4b521640b7391f3b3bc8e1254983dc8643,fixture_synthetic
eurostat,hicp_inflation,BG,2021-09,M,2021-09-01,2021-09-30,0.5,% year on year,,30,2021-10-30,2026-01-15T08:00:00Z,SYNTHETIC/hicp_inflation,02e76947d762bba708a53f7c05d6db4b521640b7391f3b3bc8e1254983dc8643,fixture_synthetic
eurostat,hicp_inflation,BG,2021-10,M,2021-10-01,2021-10-31,11.52,% year on year,,30,2021-11-30,2026-01-15T08:00:00Z,SYNTHETIC/hicp_inflation,02e76947d762bba708a53f7c05d6db4b521640b7391f3b3bc8e1254983dc8643,fixture_synthetic
eurostat,hicp_inflation,BG,2021-11,M,2021-11-01,2021-11-30,0.83,% year on year,,30,2021-12-30,2026-01-15T08:00:00Z,SYNTHETIC/hicp_inflation,02e76947d762bba708a53f7c05d6db4b521640b7391f3b3bc8e1254983dc8643,fixture_synthetic
eurostat,hicp_inflation,BG,2021-12,M,2021-12-01,2021-12-31,11.56,% year on year,,30,2022-01-30,2026-01-15T08:00:00Z,SYNTHETIC/hicp_inflation,02e76947d762bba708a53f7c05d6db4b521640b7391f3b3bc8e1254983dc8643,fixture_synthetic
eurostat,hicp_inflation,BG,2022-01,M,2022-01-01,2022-01-31,10.18,% year on year,,30,2022-03-02,2026-01-15T08:00:00Z,SYNTHETIC/hicp_inflation,02e76947d762bba708a53f7c05d6db4b521640b7391f3b3bc8e1254983dc8643,fixture_synthetic
eurostat,hicp_inflation,BG,2022-02,M,2022-02-01,2022-02-28,8.41,% year on year,,30,2022-03-30,2026-01-15T08:00:00Z,SYNTHETIC/hicp_inflation,02e76947d762bba708a53f7c05d6db4b521640b7391f3b3bc8e1254983dc8643,fixture_synthetic
eurostat,hicp_inflation,BG,2022-03,M,2022-03-01,2022-03-31,11.74,% year on year,,30,2022-04-30,2026-01-15T08:00:00Z,SYNTHETIC/hicp_inflation,02e76947d762bba708a53f7c05d6db4b521640b7391f3b3bc8e1254983dc8643,fixture_synthetic
eurostat,hicp_inflation,BG,2022-04,M,2022-04-01,2022-04-30,11.57,% year on year,,30,2022-05-30,2026-01-15T08:00:00Z,SYNTHETIC/hicp_inflation,02e76947d762bba708a53f7c05d6db4b521640b7391f3b3bc8e1254983dc8643,fixture_synthetic
eurostat,hicp_inflation,BG,2022-05,M,2022-05-01,2022-05-31,9.46,% year on year,,30,2022-06-30,2026-01-15T08:00:00Z,SYNTHETIC/hicp_inflation,02e76947d762bba708a53f7c05d6db4b521640b7391f3b3bc8e1254983dc8643,fixture_synthetic
eurostat,hicp_inflation,BG,2022-06,M,2022-06-01,2022-06-30,3.76,% year on year,,30,2022-07-30,2026-01-15T08:00:00Z,SYNTHETIC/hicp_inflation,02e76947d762bba708a53f7c05d6db4b521640b7391f3b3bc8e1254983dc8643,fixture_synthetic
eurostat,hicp_inflation,BG,2022-07,M,2022-07-01,2022-07-31,9.28,% year on year,,30,2022-08-30,2026-01-15T08:00:00Z,SYNTHETIC/hicp_inflation,02e76947d762bba708a53f7c05d6db4b521640b7391f3b3bc8e1254983dc8643,fixture_synthetic
eurostat,hicp_inflation,BG,2022-08,M,2022-08-01,2022-08-31,-0.82,% year on year,,30,2022-09-30,2026-01-15T08:00:00Z,SYNTHETIC/hicp_inflation,02e76947d762bba708a53f7c05d6db4b521640b7391f3b3bc8e1254983dc8643,fixture_synthetic
eurostat,hicp_inflation,BG,2022-09,M,2022-09-01,2022-09-30,5.98,% year on year,,30,2022-10-30,2026-01-15T08:00:00Z,SYNTHETIC/hicp_inflation,02e76947d762bba708a53f7c05d6db4b521640b7391f3b3bc8e1254983dc8643,fixture_synthetic
eurostat,hicp_inflation,BG,2022-10,M,2022-10-01,2022-10-31,4.91,% year on year,,30,2022-11-30,2026-01-15T08:00:00Z,SYNTHETIC/hicp_inflation,02e76947d762bba708a53f7c05d6db4b521640b7391f3b3bc8e1254983dc8643,fixture_synthetic
eurostat,hicp_inflation,BG,2022-11,M,2022-11-01,2022-11-30,7.75,% year on year,,30,2022-12-30,2026-01-15T08:00:00Z,SYNTHETIC/hicp_inflation,02e76947d762bba708a53f7c05d6db4b521640b7391f3b3bc8e1254983dc8643,fixture_synthetic
eurostat,hicp_inflation,BG,2022-12,M,2022-12-01,2022-12-31,7.74,% year on year,,30,2023-01-30,2026-01-15T08:00:00Z,SYNTHETIC/hicp_inflation,02e76947d762bba708a53f7c05d6db4b521640b7391f3b3bc8e1254983dc8643,fixture_synthetic
eurostat,hicp_inflation,BG,2023-01,M,2023-01-01,2023-01-31,6.6,% year on year,,30,2023-03-02,2026-01-15T08:00:00Z,SYNTHETIC/hicp_inflation,02e76947d762bba708a53f7c05d6db4b521640b7391f3b3bc8e1254983dc8643,fixture_synthetic
eurostat,hicp_inflation,BG,2023-02,M,2023-02-01,2023-02-28,9.69,% year on year,,30,2023-03-30,2026-01-15T08:00:00Z,SYNTHETIC/hicp_inflation,02e76947d762bba708a53f7c05d6db4b521640b7391f3b3bc8e1254983dc8643,fixture_synthetic
eurostat,hicp_inflation,BG,2023-03,M,2023-03-01,2023-03-31,11.22,% year on year,,30,2023-04-30,2026-01-15T08:00:00Z,SYNTHETIC/hicp_inflation,02e76947d762bba708a53f7c05d6db4b521640b7391f3b3bc8e1254983dc8643,fixture_synthetic
eurostat,hicp_inflation,BG,2023-04,M,2023-04-01,2023-04-30,0.41,% year on year,,30,2023-05-30,2026-01-15T08:00:00Z,SYNTHETIC/hicp_inflation,02e76947d762bba708a53f7c05d6db4b521640b7391f3b3bc8e1254983dc8643,fixture_synthetic
eurostat,hicp_inflation,BG,2023-05,M,2023-05-01,2023-05-31,2.04,% year on year,,30,2023-06-30,2026-01-15T08:00:00Z,SYNTHETIC/hicp_inflation,02e76947d762bba708a53f7c05d6db4b521640b7391f3b3bc8e1254983dc8643,fixture_synthetic
eurostat,hicp_inflation,BG,2023-06,M,2023-06-01,2023-06-30,-0.67,% year on year,,30,2023-07-30,2026-01-15T08:00:00Z,SYNTHETIC/hicp_inflation,02e76947d762bba708a53f7c05d6db4b521640b7391f3b3bc8e1254983dc8643,fixture_synthetic
eurostat,hicp_inflation,BG,2023-07,M,2023-07-01,2023-07-31,10.5,% year on year,,30,2023-08-30,2026-01-15T08:00:00Z,SYNTHETIC/hicp_inflation,02e76947d762bba708a53f7c05d6db4b521640b7391f3b3bc8e1254983dc8643,fixture_synthetic
eurostat,hicp_inflation,BG,2023-08,M,2023-08-01,2023-08-31,6.3,% year on year,,30,2023-09-30,2026-01-15T08:00:00Z,SYNTHETIC/hicp_inflation,02e76947d762bba708a53f7c05d6db4b521640b7391f3b3bc8e1254983dc8643,fixture_synthetic
eurostat,hicp_inflation,BG,2023-09,M,2023-09-01,2023-09-30,10.9,% year on year,,30,2023-10-30,2026-01-15T08:00:00Z,SYNTHETIC/hicp_inflation,02e76947d762bba708a53f7c05d6db4b521640b7391f3b3bc8e1254983dc8643,fixture_synthetic
eurostat,hicp_inflation,BG,2023-10,M,2023-10-01,2023-10-31,1.88,% year on year,,30,2023-11-30,2026-01-15T08:00:00Z,SYNTHETIC/hicp_inflation,02e76947d762bba708a53f7c05d6db4b521640b7391f3b3bc8e1254983dc8643,fixture_synthetic
eurostat,hicp_inflation,BG,2023-11,M,2023-11-01,2023-11-30,-0.18,% year on year,,30,2023-12-30,2026-01-15T08:00:00Z,SYNTHETIC/hicp_inflation,02e76947d762bba708a53f7c05d6db4b521640b7391f3b3bc8e1254983dc8643,fixture_synthetic
eurostat,hicp_inflation,BG,2023-12,M,2023-12-01,2023-12-31,9.71,% year on year,,30,2024-01-30,2026-01-15T08:00:00Z,SYNTHETIC/hicp_inflation,02e76947d762bba708a53f7c05d6db4b521640b7391f3b3bc8e1254983dc8643,fixture_synthetic
eurostat,hicp_inflation,BG,2024-01,M,2024-01-01,2024-01-31,10.82,% year on year,,30,2024-03-01,2026-01-15T08:00:00Z,SYNTHETIC/hicp_inflation,02e76947d762bba708a53f7c05d6db4b521640b7391f3b3bc8e1254983dc8643,fixture_synthetic
eurostat,hicp_inflation,BG,2024-02,M,2024-02-01,2024-02-29,2.93,% year on year,,30,2024-03-30,2026-01-15T08:00:00Z,SYNTHETIC/hicp_inflation,02e76947d762bba708a53f7c05d6db4b521640b7391f3b3bc8e1254983dc8643,fixture_synthetic
eurostat,hicp_inflation,BG,2024-03,M,2024-03-01,2024-03-31,4.31,% year on year,,30,2024-04-30,2026-01-15T08:00:00Z,SYNTHETIC/hicp_inflation,02e76947d762bba708a53f7c05d6db4b521640b7391f3b3bc8e1254983dc8643,fixture_synthetic
eurostat,hicp_inflation,BG,2024-04,M,2024-04-01,2024-04-30,0.82,% year on year,,30,2024-05-30,2026-01-15T08:00:00Z,SYNTHETIC/hicp_inflation,02e76947d762bba708a53f7c05d6db4b521640b7391f3b3bc8e1254983dc8643,fixture_synthetic
eurostat,hicp_inflation,BG,2024-05,M,2024-05-01,2024-05-31,11.3,% year on year,,30,2024-06-30,2026-01-15T08:00:00Z,SYNTHETIC/hicp_inflation,02e76947d762bba708a53f7c05d6db4b521640b7391f3b3bc8e1254983dc8643,fixture_synthetic
eurostat,hicp_inflation,BG,2024-06,M,2024-06-01,2024-06-30,2.96,% year on year,,30,2024-07-30,2026-01-15T08:00:00Z,SYNTHETIC/hicp_inflation,02e76947d762bba708a53f7c05d6db4b521640b7391f3b3bc8e1254983dc8643,fixture_synthetic
eurostat,hicp_inflation,BG,2024-07,M,2024-07-01,2024-07-31,5.4,% year on year,,30,2024-08-30,2026-01-15T08:00:00Z,SYNTHETIC/hicp_inflation,02e76947d762bba708a53f7c05d6db4b521640b7391f3b3bc8e1254983dc8643,fixture_synthetic
eurostat,hicp_inflation,BG,2024-08,M,2024-08-01,2024-08-31,0.26,% year on year,,30,2024-09-30,2026-01-15T08:00:00Z,SYNTHETIC/hicp_inflation,02e76947d762bba708a53f7c05d6db4b521640b7391f3b3bc8e1254983dc8643,fixture_synthetic
eurostat,hicp_inflation,BG,2024-09,M,2024-09-01,2024-09-30,10.53,% year on year,,30,2024-10-30,2026-01-15T08:00:00Z,SYNTHETIC/hicp_inflation,02e76947d762bba708a53f7c05d6db4b521640b7391f3b3bc8e1254983dc8643,fixture_synthetic
eurostat,hicp_inflation,BG,2024-10,M,2024-10-01,2024-10-31,0.76,% year on year,,30,2024-11-30,2026-01-15T08:00:00Z,SYNTHETIC/hicp_inflation,02e76947d762bba708a53f7c05d6db4b521640b7391f3b3bc8e1254983dc8643,fixture_synthetic
eurostat,hicp_inflation,BG,2024-11,M,2024-11-01,2024-11-30,4.9,% year on year,,30,2024-12-30,2026-01-15T08:00:00Z,SYNTHETIC/hicp_inflation,02e76947d762bba708a53f7c05d6db4b521640b7391f3b3bc8e1254983dc8643,fixture_synthetic
eurostat,hicp_inflation,BG,2024-12,M,2024-12-01,2024-12-31,7.72,% year on year,,30,2025-01-30,2026-01-15T08:00:00Z,SYNTHETIC/hicp_inflation,02e76947d762bba708a53f7c05d6db4b521640b7391f3b3bc8e1254983dc8643,fixture_synthetic
eurostat,hicp_inflation,BG,2025-01,M,2025-01-01,2025-01-31,8.66,% year on year,,30,2025-03-02,2026-01-15T08:00:00Z,SYNTHETIC/hicp_inflation,02e76947d762bba708a53f7c05d6db4b521640b7391f3b3bc8e1254983dc8643,fixture_synthetic
eurostat,hicp_inflation,BG,2025-02,M,2025-02-01,2025-02-28,11.3,% year on year,,30,2025-03-30,2026-01-15T08:00:00Z,SYNTHETIC/hicp_inflation,02e76947d762bba708a53f7c05d6db4b521640b7391f3b3bc8e1254983dc8643,fixture_synthetic
eurostat,hicp_inflation,BG,2025-03,M,2025-03-01,2025-03-31,4.45,% year on year,,30,2025-04-30,2026-01-15T08:00:00Z,SYNTHETIC/hicp_inflation,02e76947d762bba708a53f7c05d6db4b521640b7391f3b3bc8e1254983dc8643,fixture_synthetic
eurostat,hicp_inflation,BG,2025-04,M,2025-04-01,2025-04-30,8.65,% year on year,,30,2025-05-30,2026-01-15T08:00:00Z,SYNTHETIC/hicp_inflation,02e76947d762bba708a53f7c05d6db4b521640b7391f3b3bc8e1254983dc8643,fixture_synthetic
eurostat,hicp_inflation,BG,2025-05,M,2025-05-01,2025-05-31,1.01,% year on year,,30,2025-06-30,2026-01-15T08:00:00Z,SYNTHETIC/hicp_inflation,02e76947d762bba708a53f7c05d6db4b521640b7391f3b3bc8e1254983dc8643,fixture_synthetic
eurostat,hicp_inflation,BG,2025-06,M,2025-06-01,2025-06-30,4.39,% year on year,,30,2025-07-30,2026-01-15T08:00:00Z,SYNTHETIC/hicp_inflation,02e76947d762bba708a53f7c05d6db4b521640b7391f3b3bc8e1254983dc8643,fixture_synthetic
eurostat,hicp_inflation,BG,2025-07,M,2025-07-01,2025-07-31,0.29,% year on year,,30,2025-08-30,2026-01-15T08:00:00Z,SYNTHETIC/hicp_inflation,02e76947d762bba708a53f7c05d6db4b521640b7391f3b3bc8e1254983dc8643,fixture_synthetic
eurostat,hicp_inflation,BG,2025-08,M,2025-08-01,2025-08-31,5.36,% year on year,,30,2025-09-30,2026-01-15T08:00:00Z,SYNTHETIC/hicp_inflation,02e76947d762bba708a53f7c05d6db4b521640b7391f3b3bc8e1254983dc8643,fixture_synthetic
eurostat,hicp_inflation,BG,2025-09,M,2025-09-01,2025-09-30,4.31,% year on year,,30,2025-10-30,2026-01-15T08:00:00Z,SYNTHETIC/hicp_inflation,02e76947d762bba708a53f7c05d6db4b521640b7391f3b3bc8e1254983dc8643,fixture_synthetic
eurostat,hicp_inflation,BG,2025-10,M,2025-10-01,2025-10-31,11.37,% year on year,,30,2025-11-30,2026-01-15T08:00:00Z,SYNTHETIC/hicp_inflation,02e76947d762bba708a53f7c05d6db4b521640b7391f3b3bc8e1254983dc8643,fixture_synthetic
eurostat,hicp_inflation,BG,2025-11,M,2025-11-01,2025-11-30,-0.57,% year on year,,30,2025-12-30,2026-01-15T08:00:00Z,SYNTHETIC/hicp_inflation,02e76947d762bba708a53f7c05d6db4b521640b7391f3b3bc8e1254983dc8643,fixture_synthetic
eurostat,hicp_inflation,GR,2019-01,M,2019-01-01,2019-01-31,5.08,% year on year,,30,2019-03-02,2026-01-15T08:00:00Z,SYNTHETIC/hicp_inflation,02e76947d762bba708a53f7c05d6db4b521640b7391f3b3bc8e1254983dc8643,fixture_synthetic
eurostat,hicp_inflation,GR,2019-02,M,2019-02-01,2019-02-28,0.66,% year on year,,30,2019-03-30,2026-01-15T08:00:00Z,SYNTHETIC/hicp_inflation,02e76947d762bba708a53f7c05d6db4b521640b7391f3b3bc8e1254983dc8643,fixture_synthetic
eurostat,hicp_inflation,GR,2019-03,M,2019-03-01,2019-03-31,7.09,% year on year,,30,2019-04-30,2026-01-15T08:00:00Z,SYNTHETIC/hicp_inflation,02e76947d762bba708a53f7c05d6db4b521640b7391f3b3bc8e1254983dc8643,fixture_synthetic
eurostat,hicp_inflation,GR,2019-04,M,2019-04-01,2019-04-30,-0.65,% year on year,,30,2019-05-30,2026-01-15T08:00:00Z,SYNTHETIC/hicp_inflation,02e76947d762bba708a53f7c05d6db4b521640b7391f3b3bc8e1254983dc8643,fixture_synthetic
eurostat,hicp_inflation,GR,2019-05,M,2019-05-01,2019-05-31,4.12,% year on year,,30,2019-06-30,2026-01-15T08:00:00Z,SYNTHETIC/hicp_inflation,02e76947d762bba708a53f7c05d6db4b521640b7391f3b3bc8e1254983dc8643,fixture_synthetic
eurostat,hicp_inflation,GR,2019-06,M,2019-06-01,2019-06-30,6.34,% year on year,,30,2019-07-30,2026-01-15T08:00:00Z,SYNTHETIC/hicp_inflation,02e76947d762bba708a53f7c05d6db4b521640b7391f3b3bc8e1254983dc8643,fixture_synthetic
eurostat,hicp_inflation,GR,2019-07,M,2019-07-01,2019-07-31,-0.65,% year on year,,30,2019-08-30,2026-01-15T08:00:00Z,SYNTHETIC/hicp_inflation,02e76947d762bba708a53f7c05d6db4b521640b7391f3b3bc8e1254983dc8643,fixture_synthetic
eurostat,hicp_inflation,GR,2019-08,M,2019-08-01,2019-08-31,7.36,% year on year,,30,2019-09-30,2026-01-15T08:00:00Z,SYNTHETIC/hicp_inflation,02e76947d762bba708a53f7c05d6db4b521640b7391f3b3bc8e1254983dc8643,fixture_synthetic
eurostat,hicp_inflation,GR,2019-09,M,2019-09-01,2019-09-30,0.76,% year on year,,30,2019-10-30,2026-01-15T08:00:00Z,SYNTHETIC/hicp_inflation,02e76947d762bba708a53f7c05d6db4b521640b7391f3b3bc8e1254983dc8643,fixture_synthetic
eurostat,hicp_inflation,GR,2019-10,M,2019-10-01,2019-10-31,5.0,% year on year,,30,2019-11-30,2026-01-15T08:00:00Z,SYNTHETIC/hicp_inflation,02e76947d762bba708a53f7c05d6db4b521640b7391f3b3bc8e1254983dc8643,fixture_synthetic
eurostat,hicp_inflation,GR,2019-11,M,2019-11-01,2019-11-30,-0.35,% year on year,p,30,2019-12-30,2026-01-15T08:00:00Z,SYNTHETIC/hicp_inflation,02e76947d762bba708a53f7c05d6db4b521640b7391f3b3bc8e1254983dc8643,fixture_synthetic
eurostat,hicp_inflation,GR,2019-12,M,2019-12-01,2019-12-31,3.93,% year on year,,30,2020-01-30,2026-01-15T08:00:00Z,SYNTHETIC/hicp_inflation,02e76947d762bba708a53f7c05d6db4b521640b7391f3b3bc8e1254983dc8643,fixture_synthetic
eurostat,hicp_inflation,GR,2020-01,M,2020-01-01,2020-01-31,1.75,% year on year,,30,2020-03-01,2026-01-15T08:00:00Z,SYNTHETIC/hicp_inflation,02e76947d762bba708a53f7c05d6db4b521640b7391f3b3bc8e1254983dc8643,fixture_synthetic
eurostat,hicp_inflation,GR,2020-02,M,2020-02-01,2020-02-29,3.25,% year on year,,30,2020-03-30,2026-01-15T08:00:00Z,SYNTHETIC/hicp_inflation,02e76947d762bba708a53f7c05d6db4b521640b7391f3b3bc8e1254983dc8643,fixture_synthetic
eurostat,hicp_inflation,GR,2020-03,M,2020-03-01,2020-03-31,8.9,% year on year,,30,2020-04-30,2026-01-15T08:00:00Z,SYNTHETIC/hicp_inflation,02e76947d762bba708a53f7c05d6db4b521640b7391f3b3bc8e1254983dc8643,fixture_synthetic
eurostat,hicp_inflation,GR,2020-04,M,2020-04-01,2020-04-30,3.93,% year on year,,30,2020-05-30,2026-01-15T08:00:00Z,SYNTHETIC/hicp_inflation,02e76947d762bba708a53f7c05d6db4b521640b7391f3b3bc8e1254983dc8643,fixture_synthetic
eurostat,hicp_inflation,GR,2020-05,M,2020-05-01,2020-05-31,8.78,% year on year,,30,2020-06-30,2026-01-15T08:00:00Z,SYNTHETIC/hicp_inflation,02e76947d762bba708a53f7c05d6db4b521640b7391f3b3bc8e1254983dc8643,fixture_synthetic
eurostat,hicp_inflation,GR,2020-06,M,2020-06-01,2020-06-30,9.82,% year on year,,30,2020-07-30,2026-01-15T08:00:00Z,SYNTHETIC/hicp_inflation,02e76947d762bba708a53f7c05d6db4b521640b7391f3b3bc8e1254983dc8643,fixture_synthetic
eurostat,hicp_inflation,GR,2020-07,M,2020-07-01,2020-07-31,2.28,% year on year,,30,2020-08-30,2026-01-15T08:00:00Z,SYNTHETIC/hicp_inflation,02e76947d762bba708a53f7c05d6db4b521640b7391f3b3bc8e1254983dc8643,fixture_synthetic
eurostat,hicp_inflation,GR,2020-08,M,2020-08-01,2020-08-31,0.06,% year on year,,30,2020-09-30,2026-01-15T08:00:00Z,SYNTHETIC/hicp_inflation,02e76947d762bba708a53f7c05d6db4b521640b7391f3b3bc8e1254983dc8643,fixture_synthetic
eurostat,hicp_inflation,GR,2020-09,M,2020-09-01,2020-09-30,-0.75,% year on year,,30,2020-10-30,2026-01-15T08:00:00Z,SYNTHETIC/hicp_inflation,02e76947d762bba708a53f7c05d6db4b521640b7391f3b3bc8e1254983dc8643,fixture_synthetic
eurostat,hicp_inflation,GR,2020-10,M,2020-10-01,2020-10-31,6.01,% year on year,,30,2020-11-30,2026-01-15T08:00:00Z,SYNTHETIC/hicp_inflation,02e76947d762bba708a53f7c05d6db4b521640b7391f3b3bc8e1254983dc8643,fixture_synthetic
eurostat,hicp_inflation,GR,2020-11,M,2020-11-01,2020-11-30,12.0,% year on year,,30,2020-12-30,2026-01-15T08:00:00Z,SYNTHETIC/hicp_inflation,02e76947d762bba708a53f7c05d6db4b521640b7391f3b3bc8e1254983dc8643,fixture_synthetic
eurostat,hicp_inflation,GR,2020-12,M,2020-12-01,2020-12-31,3.55,% year on year,,30,2021-01-30,2026-01-15T08:00:00Z,SYNTHETIC/hicp_inflation,02e76947d762bba708a53f7c05d6db4b521640b7391f3b3bc8e1254983dc8643,fixture_synthetic
eurostat,hicp_inflation,GR,2021-01,M,2021-01-01,2021-01-31,7.45,% year on year,,30,2021-03-02,2026-01-15T08:00:00Z,SYNTHETIC/hicp_inflation,02e76947d762bba708a53f7c05d6db4b521640b7391f3b3bc8e1254983dc8643,fixture_synthetic
eurostat,hicp_inflation,GR,2021-02,M,2021-02-01,2021-02-28,9.16,% year on year,p,30,2021-03-30,2026-01-15T08:00:00Z,SYNTHETIC/hicp_inflation,02e76947d762bba708a53f7c05d6db4b521640b7391f3b3bc8e1254983dc8643,fixture_synthetic
eurostat,hicp_inflation,GR,2021-03,M,2021-03-01,2021-03-31,7.47,% year on year,,30,2021-04-30,2026-01-15T08:00:00Z,SYNTHETIC/hicp_inflation,02e76947d762bba708a53f7c05d6db4b521640b7391f3b3bc8e1254983dc8643,fixture_synthetic
eurostat,hicp_inflation,GR,2021-04,M,2021-04-01,2021-04-30,8.81,% year on year,,30,2021-05-30,2026-01-15T08:00:00Z,SYNTHETIC/hicp_inflation,02e76947d762bba708a53f7c05d6db4b521640b7391f3b3bc8e1254983dc8643,fixture_synthetic
eurostat,hicp_inflation,GR,2021-05,M,2021-05-01,2021-05-31,11.34,% year on year,,30,2021-06-30,2026-01-15T08:00:00Z,SYNTHETIC/hicp_inflation,02e76947d762bba708a53f7c05d6db4b521640b7391f3b3bc8e1254983dc8643,fixture_synthetic
eurostat,hicp_inflation,GR,2021-06,M,2021-06-01,2021-06-30,1.59,% year on year,,30,2021-07-30,2026-01-15T08:00:00Z,SYNTHETIC/hicp_inflation,02e76947d762bba708a53f7c05d6db4b521640b7391f3b3bc8e1254983dc8643,fixture_synthetic
eurostat,hicp_inflation,GR,2021-07,M,2021-07-01,2021-07-31,-0.74,% year on year,,30,2021-08-30,2026-01-15T08:00:00Z,SYNTHETIC/hicp_inflation,02e76947d762bba708a53f7c05d6db4b521640b7391f3b3bc8e1254983dc8643,fixture_synthetic
eurostat,hicp_inflation,GR,2021-08,M,2021-08-01,2021-08-31,0.98,% year on year,,30,2021-09-30,2026-01-15T08:00:00Z,SYNTHETIC/hicp_inflation,02e76947d762bba708a53f7c05d6db4b521640b7391f3b3bc8e1254983dc8643,fixture_synthetic
eurostat,hicp_inflation,GR,2021-09,M,2021-09-01,2021-09-30,0.64,% year on year,,30,2021-10-30,2026-01-15T08:00:00Z,SYNTHETIC/hicp_inflation,02e76947d762bba708a53f7c05d6db4b521640b7391f3b3bc8e1254983dc8643,fixture_synthetic
eurostat,hicp_inflation,GR,2021-10,M,2021-10-01,2021-10-31,7.7,% year on year,,30,2021-11-30,2026-01-15T08:00:00Z,SYNTHETIC/hicp_inflation,02e76947d762bba708a53f7c05d6db4b521640b7391f3b3bc8e1254983dc8643,fixture_synthetic
eurostat,hicp_inflation,GR,2021-11,M,2021-11-01,2021-11-30,6.33,% year on year,,30,2021-12-30,2026-01-15T08:00:00Z,SYNTHETIC/hicp_inflation,02e76947d762bba708a53f7c05d6db4b521640b7391f3b3bc8e1254983dc8643,fixture_synthetic
eurostat,hicp_inflation,GR,2021-12,M,2021-12-01,2021-12-31,1.83,% year on year,,30,2022-01-30,2026-01-15T08:00:00Z,SYNTHETIC/hicp_inflation,02e76947d762bba708a53f7c05d6db4b521640b7391f3b3bc8e1254983dc8643,fixture_synthetic
eurostat,hicp_inflation,GR,2022-01,M,2022-01-01,2022-01-31,8.09,% year on year,,30,2022-03-02,2026-01-15T08:00:00Z,SYNTHETIC/hicp_inflation,02e76947d762bba708a53f7c05d6db4b521640b7391f3b3bc8e1254983dc8643,fixture_synthetic
eurostat,hicp_inflation,GR,2022-02,M,2022-02-01,2022-02-28,8.97,% year on year,,30,2022-03-30,2026-01-15T08:00:00Z,SYNTHETIC/hicp_inflation,02e76947d762bba708a53f7c05d6db4b521640b7391f3b3bc8e1254983dc8643,fixture_synthetic
eurostat,hicp_inflation,GR,2022-03,M,2022-03-01,2022-03-31,1.18,% year on year,,30,2022-04-30,2026-01-15T08:00:00Z,SYNTHETIC/hicp_inflation,02e76947d762bba708a53f7c05d6db4b521640b7391f3b3bc8e1254983dc8643,fixture_synthetic
eurostat,hicp_inflation,GR,2022-04,M,2022-04-01,2022-04-30,6.89,% year on year,,30,2022-05-30,2026-01-15T08:00:00Z,SYNTHETIC/hicp_inflation,02e76947d762bba708a53f7c05d6db4b521640b7391f3b3bc8e1254983dc8643,fixture_synthetic
eurostat,hicp_inflation,GR,2022-05,M,2022-05-01,2022-05-31,8.72,% year on year,,30,2022-06-30,2026-01-15T08:00:00Z,SYNTHETIC/hicp_inflation,02e76947d762bba708a53f7c05d6db4b521640b7391f3b3bc8e1254983dc8643,fixture_synthetic
eurostat,hicp_inflation,GR,2022-06,M,2022-06-01,2022-06-30,0.49,% year on year,,30,2022-07-30,2026-01-15T08:00:00Z,SYNTHETIC/hicp_inflation,02e76947d762bba708a53f7c05d6db4b521640b7391f3b3bc8e1254983dc8643,fixture_synthetic
eurostat,hicp_inflation,GR,2022-07,M,2022-07-01,2022-07-31,9.65,% year on year,,30,2022-08-30,2026-01-15T08:00:00Z,SYNTHETIC/hicp_inflation,02e76947d762bba708a53f7c05d6db4b521640b7391f3b3bc8e1254983dc8643,fixture_synthetic
eurostat,hicp_inflation,GR,2022-08,M,2022-08-01,2022-08-31,11.54,% year on year,,30,2022-09-30,2026-01-15T08:00:00Z,SYNTHETIC/hicp_inflation,02e76947d762bba708a53f7c05d6db4b521640b7391f3b3bc8e1254983dc8643,fixture_synthetic
eurostat,hicp_inflation,GR,2022-09,M,2022-09-01,2022-09-30,0.41,% year on year,,30,2022-10-30,2026-01-15T08:00:00Z,SYNTHETIC/hicp_inflation,02e76947d762bba708a53f7c05d6db4b521640b7391f3b3bc8e1254983dc8643,fixture_synthetic
eurostat,hicp_inflation,GR,2022-10,M,2022-10-01,2022-10-31,-0.67,% year on year,,30,2022-11-30,2026-01-15T08:00:00Z,SYNTHETIC/hicp_inflation,02e76947d762bba708a53f7c05d6db4b521640b7391f3b3bc8e1254983dc8643,fixture_synthetic
eurostat,hicp_inflation,GR,2022-11,M,2022-11-01,2022-11-30,3.06,% year on year,,30,2022-12-30,2026-01-15T08:00:00Z,SYNTHETIC/hicp_inflation,02e76947d762bba708a53f7c05d6db4b521640b7391f3b3bc8e1254983dc8643,fixture_synthetic
eurostat,hicp_inflation,GR,2022-12,M,2022-12-01,2022-12-31,7.81,% year on year,,30,2023-01-30,2026-01-15T08:00:00Z,SYNTHETIC/hicp_inflation,02e76947d762bba708a53f7c05d6db4b521640b7391f3b3bc8e1254983dc8643,fixture_synthetic
eurostat,hicp_inflation,GR,2023-01,M,2023-01-01,2023-01-31,11.46,% year on year,,30,2023-03-02,2026-01-15T08:00:00Z,SYNTHETIC/hicp_inflation,02e76947d762bba708a53f7c05d6db4b521640b7391f3b3bc8e1254983dc8643,fixture_synthetic
eurostat,hicp_inflation,GR,2023-02,M,2023-02-01,2023-02-28,4.16,% year on year,,30,2023-03-30,2026-01-15T08:00:00Z,SYNTHETIC/hicp_inflation,02e76947d762bba708a53f7c05d6db4b521640b7391f3b3bc8e1254983dc8643,fixture_synthetic
eurostat,hicp_inflation,GR,2023-03,M,2023-03-01,2023-03-31,8.3,% year on year,,30,2023-04-30,2026-01-15T08:00:00Z,SYNTHETIC/hicp_inflation,02e76947d762bba708a53f7c05d6db4b521640b7391f3b3bc8e1254983dc8643,fixture_synthetic
eurostat,hicp_inflation,GR,2023-04,M,2023-04-01,2023-04-30,-0.01,% year on year,,30,2023-05-30,2026-01-15T08:00:00Z,SYNTHETIC/hicp_inflation,02e76947d762bba708a53f7c05d6db4b521640b7391f3b3bc8e1254983dc8643,fixture_synthetic
eurostat,hicp_inflation,GR,2023-05,M,2023-05-01,2023-05-31,7.98,% year on year,,30,2023-06-30,2026-01-15T08:00:00Z,SYNTHETIC/hicp_inflation,02e76947d762bba708a53f7c05d6db4b521640b7391f3b3bc8e1254983dc8643,fixture_synthetic
eurostat,hicp_inflation,GR,2023-06,M,2023-06-01,2023-06-30,7.15,% year on year,,30,2023-07-30,2026-01-15T08:00:00Z,SYNTHETIC/hicp_inflation,02e76947d762bba708a53f7c05d6db4b521640b7391f3b3bc8e1254983dc8643,fixture_synthetic
eurostat,hicp_inflation,GR,2023-07,M,2023-07-01,2023-07-31,0.32,% year on year,,30,2023-08-30,2026-01-15T08:00:00Z,SYNTHETIC/hicp_inflation,02e76947d762bba708a53f7c05d6db4b521640b7391f3b3bc8e1254983dc8643,fixture_synthetic
eurostat,hicp_inflation,GR,2023-08,M,2023-08-01,2023-08-31,9.04,% year on year,,30,2023-09-30,2026-01-15T08:00:00Z,SYNTHETIC/hicp_inflation,02e76947d762bba708a53f7c05d6db4b521640b7391f3b3bc8e1254983dc8643,fixture_synthetic
eurostat,hicp_inflation,GR,2023-09,M,2023-09-01,2023-09-30,10.05,% year on year,,30,2023-10-30,2026-01-15T08:00:00Z,SYNTHETIC/hicp_inflation,02e76947d762bba708a53f7c05d6db4b521640b7391f3b3bc8e1254983dc8643,fixture_synthetic
eurostat,hicp_inflation,GR,2023-10,M,2023-10-01,2023-10-31,6.81,% year on year,,30,2023-11-30,2026-01-15T08:00:00Z,SYNTHETIC/hicp_inflation,02e76947d762bba708a53f7c05d6db4b521640b7391f3b3bc8e1254983dc8643,fixture_synthetic
eurostat,hicp_inflation,GR,2023-11,M,2023-11-01,2023-11-30,0.57,% year on year,,30,2023-12-30,2026-01-15T08:00:00Z,SYNTHETIC/hicp_inflation,02e76947d762bba708a53f7c05d6db4b521640b7391f3b3bc8e1254983dc8643,fixture_synthetic
eurostat,hicp_inflation,GR,2023-12,M,2023-12-01,2023-12-31,11.79,% year on year,,30,2024-01-30,2026-01-15T08:00:00Z,SYNTHETIC/hicp_inflation,02e76947d762bba708a53f7c05d6db4b521640b7391f3b3bc8e1254983dc8643,fixture_synthetic
eurostat,hicp_inflation,GR,2024-01,M,2024-01-01,2024-01-31,9.17,% year on year,,30,2024-03-01,2026-01-15T08:00:00Z,SYNTHETIC/hicp_inflation,02e76947d762bba708a53f7c05d6db4b521640b7391f3b3bc8e1254983dc8643,fixture_synthetic
eurostat,hicp_inflation,GR,2024-02,M,2024-02-01,2024-02-29,3.51,% year on year,,30,2024-03-30,2026-01-15T08:00:00Z,SYNTHETIC/hicp_inflation,02e76947d762bba708a53f7c05d6db4b521640b7391f3b3bc8e1254983dc8643,fixture_synthetic
eurostat,hicp_inflation,GR,2024-03,M,2024-03-01,2024-03-31,4.57,% year on year,,30,2024-04-30,2026-01-15T08:00:00Z,SYNTHETIC/hicp_inflation,02e76947d762bba708a53f7c05d6db4b521640b7391f3b3bc8e1254983dc8643,fixture_synthetic
eurostat,hicp_inflation,GR,2024-04,M,2024-04-01,2024-04-30,3.82,% year on year,,30,2024-05-30,2026-01-15T08:00:00Z,SYNTHETIC/hicp_inflation,02e76947d762bba708a53f7c05d6db4b521640b7391f3b3bc8e1254983dc8643,fixture_synthetic
eurostat,hicp_inflation,GR,2024-05,M,2024-05-01,2024-05-31,5.58,% year on year,,30,2024-06-30,2026-01-15T08:00:00Z,SYNTHETIC/hicp_inflation,02e76947d762bba708a53f7c05d6db4b521640b7391f3b3bc8e1254983dc8643,fixture_synthetic
eurostat,hicp_inflation,GR,2024-06,M,2024-06-01,2024-06-30,3.44,% year on year,,30,2024-07-30,2026-01-15T08:00:00Z,SYNTHETIC/hicp_inflation,02e76947d762bba708a53f7c05d6db4b521640b7391f3b3bc8e1254983dc8643,fixture_synthetic
eurostat,hicp_inflation,GR,2024-07,M,2024-07-01,2024-07-31,10.04,% year on year,,30,2024-08-30,2026-01-15T08:00:00Z,SYNTHETIC/hicp_inflation,02e76947d762bba708a53f7c05d6db4b521640b7391f3b3bc8e1254983dc8643,fixture_synthetic
eurostat,hicp_inflation,GR,2024-08,M,2024-08-01,2024-08-31,9.69,% year on year,,30,2024-09-30,2026-01-15T08:00:00Z,SYNTHETIC/hicp_inflation,02e76947d762bba708a53f7c05d6db4b521640b7391f3b3bc8e1254983dc8643,fixture_synthetic
eurostat,hicp_inflation,GR,2024-09,M,2024-09-01,2024-09-30,0.37,% year on year,,30,2024-10-30,2026-01-15T08:00:00Z,SYNTHETIC/hicp_inflation,02e76947d762bba708a53f7c05d6db4b521640b7391f3b3bc8e1254983dc8643,fixture_synthetic
eurostat,hicp_inflation,GR,2024-10,M,2024-10-01,2024-10-31,11.49,% year on year,,30,2024-11-30,2026-01-15T08:00:00Z,SYNTHETIC/hicp_inflation,02e76947d762bba708a53f7c05d6db4b521640b7391f3b3bc8e1254983dc8643,fixture_synthetic
eurostat,hicp_inflation,GR,2024-11,M,2024-11-01,2024-11-30,7.26,% year on year,,30,2024-12-30,2026-01-15T08:00:00Z,SYNTHETIC/hicp_inflation,02e76947d762bba708a53f7c05d6db4b521640b7391f3b3bc8e1254983dc8643,fixture_synthetic
eurostat,hicp_inflation,GR,2024-12,M,2024-12-01,2024-12-31,9.77,% year on year,,30,2025-01-30,2026-01-15T08:00:00Z,SYNTHETIC/hicp_inflation,02e76947d762bba708a53f7c05d6db4b521640b7391f3b3bc8e1254983dc8643,fixture_synthetic
eurostat,hicp_inflation,GR,2025-01,M,2025-01-01,2025-01-31,8.2,% year on year,,30,2025-03-02,2026-01-15T08:00:00Z,SYNTHETIC/hicp_inflation,02e76947d762bba708a53f7c05d6db4b521640b7391f3b3bc8e1254983dc8643,fixture_synthetic
eurostat,hicp_inflation,GR,2025-02,M,2025-02-01,2025-02-28,4.66,% year on year,,30,2025-03-30,2026-01-15T08:00:00Z,SYNTHETIC/hicp_inflation,02e76947d762bba708a53f7c05d6db4b521640b7391f3b3bc8e1254983dc8643,fixture_synthetic
eurostat,hicp_inflation,GR,2025-03,M,2025-03-01,2025-03-31,8.54,% year on year,,30,2025-04-30,2026-01-15T08:00:00Z,SYNTHETIC/hicp_inflation,02e76947d762bba708a53f7c05d6db4b521640b7391f3b3bc8e1254983dc8643,fixture_synthetic
eurostat,hicp_inflation,GR,2025-04,M,2025-04-01,2025-04-30,11.55,% year on year,,30,2025-05-30,2026-01-15T08:00:00Z,SYNTHETIC/hicp_inflation,02e76947d762bba708a53f7c05d6db4b521640b7391f3b3bc8e1254983dc8643,fixture_synthetic
eurostat,hicp_inflation,GR,2025-05,M,2025-05-01,2025-05-31,2.51,% year on year,,30,2025-06-30,2026-01-15T08:00:00Z,SYNTHETIC/hicp_inflation,02e76947d762bba708a53f7c05d6db4b521640b7391f3b3bc8e1254983dc8643,fixture_synthetic
eurostat,hicp_inflation,GR,2025-06,M,2025-06-01,2025-06-30,9.51,% year on year,,30,2025-07-30,2026-01-15T08:00:00Z,SYNTHETIC/hicp_inflation,02e76947d762bba708a53f7c05d6db4b521640b7391f3b3bc8e1254983dc8643,fixture_synthetic
eurostat,hicp_inflation,GR,2025-07,M,2025-07-01,2025-07-31,6.0,% year on year,,30,2025-08-30,2026-01-15T08:00:00Z,SYNTHETIC/hicp_inflation,02e76947d762bba708a53f7c05d6db4b521640b7391f3b3bc8e1254983dc8643,fixture_synthetic
eurostat,hicp_inflation,GR,2025-08,M,2025-08-01,2025-08-31,5.29,% year on year,,30,2025-09-30,2026-01-15T08:00:00Z,SYNTHETIC/hicp_inflation,02e76947d762bba708a53f7c05d6db4b521640b7391f3b3bc8e1254983dc8643,fixture_synthetic
eurostat,hicp_inflation,GR,2025-09,M,2025-09-01,2025-09-30,4.66,% year on year,,30,2025-10-30,2026-01-15T08:00:00Z,SYNTHETIC/hicp_inflation,02e76947d762bba708a53f7c05d6db4b521640b7391f3b3bc8e1254983dc8643,fixture_synthetic
eurostat,hicp_inflation,GR,2025-10,M,2025-10-01,2025-10-31,8.5,% year on year,,30,2025-11-30,2026-01-15T08:00:00Z,SYNTHETIC/hicp_inflation,02e76947d762bba708a53f7c05d6db4b521640b7391f3b3bc8e1254983dc8643,fixture_synthetic
eurostat,hicp_inflation,GR,2025-11,M,2025-11-01,2025-11-30,2.49,% year on year,,30,2025-12-30,2026-01-15T08:00:00Z,SYNTHETIC/hicp_inflation,02e76947d762bba708a53f7c05d6db4b521640b7391f3b3bc8e1254983dc8643,fixture_synthetic
eurostat,hicp_inflation,IE,2019-01,M,2019-01-01,2019-01-31,10.36,% year on year,,30,2019-03-02,2026-01-15T08:00:00Z,SYNTHETIC/hicp_inflation,02e76947d762bba708a53f7c05d6db4b521640b7391f3b3bc8e1254983dc8643,fixture_synthetic
eurostat,hicp_inflation,IE,2019-02,M,2019-02-01,2019-02-28,4.72,% year on year,,30,2019-03-30,2026-01-15T08:00:00Z,SYNTHETIC/hicp_inflation,02e76947d762bba708a53f7c05d6db4b521640b7391f3b3bc8e1254983dc8643,fixture_synthetic
eurostat,hicp_inflation,IE,2019-03,M,2019-03-01,2019-03-31,5.84,% year on year,,30,2019-04-30,2026-01-15T08:00:00Z,SYNTHETIC/hicp_inflation,02e76947d762bba708a53f7c05d6db4b521640b7391f3b3bc8e1254983dc8643,fixture_synthetic
eurostat,hicp_inflation,IE,2019-04,M,2019-04-01,2019-04-30,4.94,% year on year,,30,2019-05-30,2026-01-15T08:00:00Z,SYNTHETIC/hicp_inflation,02e76947d762bba708a53f7c05d6db4b521640b7391f3b3bc8e1254983dc8643,fixture_synthetic
eurostat,hicp_inflation,IE,2019-05,M,2019-05-01,2019-05-31,8.39,% year on year,,30,2019-06-30,2026-01-15T08:00:00Z,SYNTHETIC/hicp_inflation,02e76947d762bba708a53f7c05d6db4b521640b7391f3b3bc8e1254983dc8643,fixture_synthetic
eurostat,hicp_inflation,IE,2019-06,M,2019-06-01,2019-06-30,4.33,% year on year,,30,2019-07-30,2026-01-15T08:00:00Z,SYNTHETIC/hicp_inflation,02e76947d762bba708a53f7c05d6db4b521640b7391f3b3bc8e1254983dc8643,fixture_synthetic
eurostat,hicp_inflation,IE,2019-07,M,2019-07-01,2019-07-31,7.51,% year on year,,30,2019-08-30,2026-01-15T08:00:00Z,SYNTHETIC/hicp_inflation,02e76947d762bba708a53f7c05d6db4b521640b7391f3b3bc8e1254983dc8643,fixture_synthetic
eurostat,hicp_inflation,IE,2019-08,M,2019-08-01,2019-08-31,1.01,% year on year,,30,2019-09-30,2026-01-15T08:00:00Z,SYNTHETIC/hicp_inflation,02e76947d762bba708a53f7c05d6db4b521640b7391f3b3bc8e1254983dc8643,fixture_synthetic
eurostat,hicp_inflation,IE,2019-09,M,2019-09-01,2019-09-30,5.1,% year on year,,30,2019-10-30,2026-01-15T08:00:00Z,SYNTHETIC/hicp_inflation,02e76947d762bba708a53f7c05d6db4b521640b7391f3b3bc8e1254983dc8643,fixture_synthetic
eurostat,hicp_inflation,IE,2019-10,M,2019-10-01,2019-10-31,11.6,% year on year,,30,2019-11-30,2026-01-15T08:00:00Z,SYNTHETIC/hicp_inflation,02e76947d762bba708a53f7c05d6db4b521640b7391f3b3bc8e1254983dc8643,fixture_synthetic
eurostat,hicp_inflation,IE,2019-11,M,2019-11-01,2019-11-30,3.4,% year on year,,30,2019-12-30,2026-01-15T08:00:00Z,SYNTHETIC/hicp_inflation,02e76947d762bba708a53f7c05d6db4b521640b7391f3b3bc8e1254983dc8643,fixture_synthetic
eurostat,hicp_inflation,IE,2019-12,M,2019-12-01,2019-12-31,8.01,% year on year,,30,2020-01-30,2026-01-15T08:00:00Z,SYNTHETIC/hicp_inflation,02e76947d762bba708a53f7c05d6db4b521640b7391f3b3bc8e1254983dc8643,fixture_synthetic
eurostat,hicp_inflation,IE,2020-01,M,2020-01-01,2020-01-31,7.45,% year on year,,30,2020-03-01,2026-01-15T08:00:00Z,SYNTHETIC/hicp_inflation,02e76947d762bba708a53f7c05d6db4b521640b7391f3b3bc8e1254983dc8643,fixture_synthetic
eurostat,hicp_inflation,IE,2020-02,M,2020-02-01,2020-02-29,10.07,% year on year,,30,2020-03-30,2026-01-15T08:00:00Z,SYNTHETIC/hicp_inflation,02e76947d762bba708a53f7c05d6db4b521640b7391f3b3bc8e1254983dc8643,fixture_synthetic
eurostat,hicp_inflation,IE,2020-03,M,2020-03-01,2020-03-31,10.08,% year on year,,30,2020-04-30,2026-01-15T08:00:00Z,SYNTHETIC/hicp_inflation,02e76947d762bba708a53f7c05d6db4b521640b7391f3b3bc8e1254983dc8643,fixture_synthetic
eurostat,hicp_inflation,IE,2020-04,M,2020-04-01,2020-04-30,10.17,% year on year,,30,2020-05-30,2026-01-15T08:00:00Z,SYNTHETIC/hicp_inflation,02e76947d762bba708a53f7c05d6db4b521640b7391f3b3bc8e1254983dc8643,fixture_synthetic
eurostat,hicp_inflation,IE,2020-05,M,2020-05-01,2020-05-31,3.94,% year on year,,30,2020-06-30,2026-01-15T08:00:00Z,SYNTHETIC/hicp_inflation,02e76947d762bba708a53f7c05d6db4b521640b7391f3b3bc8e1254983dc8643,fixture_synthetic
eurostat,hicp_inflation,IE,2020-06,M,2020-06-01,2020-06-30,3.12,% year on year,,30,2020-07-30,2026-01-15T08:00:00Z,SYNTHETIC/hicp_inflation,02e76947d762bba708a53f7c05d6db4b521640b7391f3b3bc8e1254983dc8643,fixture_synthetic
eurostat,hicp_inflation,IE,2020-07,M,2020-07-01,2020-07-31,8.34,% year on year,,30,2020-08-30,2026-01-15T08:00:00Z,SYNTHETIC/hicp_inflation,02e76947d762bba708a53f7c05d6db4b521640b7391f3b3bc8e1254983dc8643,fixture_synthetic
eurostat,hicp_inflation,IE,2020-08,M,2020-08-01,2020-08-31,8.87,% year on year,,30,2020-09-30,2026-01-15T08:00:00Z,SYNTHETIC/hicp_inflation,02e76947d762bba708a53f7c05d6db4b521640b7391f3b3bc8e1254983dc8643,fixture_synthetic
eurostat,hicp_inflation,IE,2020-09,M,2020-09-01,2020-09-30,10.34,% year on year,,30,2020-10-30,2026-01-15T08:00:00Z,SYNTHETIC/hicp_inflation,02e76947d762bba708a53f7c05d6db4b521640b7391f3b3bc8e1254983dc8643,fixture_synthetic
eurostat,hicp_inflation,IE,2020-10,M,2020-10-01,2020-10-31,-0.53,% year on year,,30,2020-11-30,2026-01-15T08:00:00Z,SYNTHETIC/hicp_inflation,02e76947d762bba708a53f7c05d6db4b521640b7391f3b3bc8e1254983dc8643,fixture_synthetic
eurostat,hicp_inflation,IE,2020-11,M,2020-11-01,2020-11-30,-0.11,% year on year,,30,2020-12-30,2026-01-15T08:00:00Z,SYNTHETIC/hicp_inflation,02e76947d762bba708a53f7c05d6db4b521640b7391f3b3bc8e1254983dc8643,fixture_synthetic
eurostat,hicp_inflation,IE,2020-12,M,2020-12-01,2020-12-31,7.21,% year on year,,30,2021-01-30,2026-01-15T08:00:00Z,SYNTHETIC/hicp_inflation,02e76947d762bba708a53f7c05d6db4b521640b7391f3b3bc8e1254983dc8643,fixture_synthetic
eurostat,hicp_inflation,IE,2021-01,M,2021-01-01,2021-01-31,10.97,% year on year,,30,2021-03-02,2026-01-15T08:00:00Z,SYNTHETIC/hicp_inflation,02e76947d762bba708a53f7c05d6db4b521640b7391f3b3bc8e1254983dc8643,fixture_synthetic
eurostat,hicp_inflation,IE,2021-02,M,2021-02-01,2021-02-28,11.97,% year on year,,30,2021-03-30,2026-01-15T08:00:00Z,SYNTHETIC/hicp_inflation,02e76947d762bba708a53f7c05d6db4b521640b7391f3b3bc8e1254983dc8643,fixture_synthetic
eurostat,hicp_inflation,IE,2021-03,M,2021-03-01,2021-03-31,8.71,% year on year,,30,2021-04-30,2026-01-15T08:00:00Z,SYNTHETIC/hicp_inflation,02e76947d762bba708a53f7c05d6db4b521640b7391f3b3bc8e1254983dc8643,fixture_synthetic
eurostat,hicp_inflation,IE,2021-04,M,2021-04-01,2021-04-30,4.64,% year on year,,30,2021-05-30,2026-01-15T08:00:00Z,SYNTHETIC/hicp_inflation,02e76947d762bba708a53f7c05d6db4b521640b7391f3b3bc8e1254983dc8643,fixture_synthetic
eurostat,hicp_inflation,IE,2021-05,M,2021-05-01,2021-05-31,0.28,% year on year,,30,2021-06-30,2026-01-15T08:00:00Z,SYNTHETIC/hicp_inflation,02e76947d762bba708a53f7c05d6db4b521640b7391f3b3bc8e1254983dc8643,fixture_synthetic
eurostat,hicp_inflation,IE,2021-06,M,2021-06-01,2021-06-30,7.24,% year on year,,30,2021-07-30,2026-01-15T08:00:00Z,SYNTHETIC/hicp_inflation,02e76947d762bba708a53f7c05d6db4b521640b7391f3b3bc8e1254983dc8643,fixture_synthetic
eurostat,hicp_inflation,IE,2021-07,M,2021-07-01,2021-07-31,10.34,% year on year,,30,2021-08-30,2026-01-15T08:00:00Z,SYNTHETIC/hicp_inflation,02e76947d762bba708a53f7c05d6db4b521640b7391f3b3bc8e1254983dc8643,fixture_synthetic
eurostat,hicp_inflation,IE,2021-08,M,2021-08-01,2021-08-31,4.77,% year on year,,30,2021-09-30,2026-01-15T08:00:00Z,SYNTHETIC/hicp_inflation,02e76947d762bba708a53f7c05d6db4b521640b7391f3b3bc8e1254983dc8643,fixture_synthetic
eurostat,hicp_inflation,IE,2021-09,M,2021-09-01,2021-09-30,8.02,% year on year,,30,2021-10-30,2026-01-15T08:00:00Z,SYNTHETIC/hicp_inflation,02e76947d762bba708a53f7c05d6db4b521640b7391f3b3bc8e1254983dc8643,fixture_synthetic
eurostat,hicp_inflation,IE,2021-10,M,2021-10-01,2021-10-31,10.74,% year on year,,30,2021-11-30,2026-01-15T08:00:00Z,SYNTHETIC/hicp_inflation,02e76947d762bba708a53f7c05d6db4b521640b7391f3b3bc8e1254983dc8643,fixture_synthetic
eurostat,hicp_inflation,IE,2021-11,M,2021-11-01,2021-11-30,-0.4,% year on year,,30,2021-12-30,2026-01-15T08:00:00Z,SYNTHETIC/hicp_inflation,02e76947d762bba708a53f7c05d6db4b521640b7391f3b3bc8e1254983dc8643,fixture_synthetic
eurostat,hicp_inflation,IE,2021-12,M,2021-12-01,2021-12-31,9.35,% year on year,,30,2022-01-30,2026-01-15T08:00:00Z,SYNTHETIC/hicp_inflation,02e76947d762bba708a53f7c05d6db4b521640b7391f3b3bc8e1254983dc8643,fixture_synthetic
eurostat,hicp_inflation,IE,2022-01,M,2022-01-01,2022-01-31,2.81,% year on year,,30,2022-03-02,2026-01-15T08:00:00Z,SYNTHETIC/hicp_inflation,02e76947d762bba708a53f7c05d6db4b521640b7391f3b3bc8e1254983dc8643,fixture_synthetic
eurostat,hicp_inflation,IE,2022-02,M,2022-02-01,2022-02-28,3.87,% year on year,,30,2022-03-30,2026-01-15T08:00:00Z,SYNTHETIC/hicp_inflation,02e76947d762bba708a53f7c05d6db4b521640b7391f3b3bc8e1254983dc8643,fixture_synthetic
eurostat,hicp_inflation,IE,2022-03,M,2022-03-01,2022-03-31,0.89,% year on year,,30,2022-04-30,2026-01-15T08:00:00Z,SYNTHETIC/hicp_inflation,02e76947d762bba708a53f7c05d6db4b521640b7391f3b3bc8e1254983dc8643,fixture_synthetic
eurostat,hicp_inflation,IE,2022-04,M,2022-04-01,2022-04-30,5.91,% year on year,,30,2022-05-30,2026-01-15T08:00:00Z,SYNTHETIC/hicp_inflation,02e76947d762bba708a53f7c05d6db4b521640b7391f3b3bc8e1254983dc8643,fixture_synthetic
eurostat,hicp_inflation,IE,2022-05,M,2022-05-01,2022-05-31,6.36,% year on year,,30,2022-06-30,2026-01-15T08:00:00Z,SYNTHETIC/hicp_inflation,02e76947d762bba708a53f7c05d6db4b521640b7391f3b3bc8e1254983dc8643,fixture_synthetic
eurostat,hicp_inflation,IE,2022-06,M,2022-06-01,2022-06-30,9.3,% year on year,,30,2022-07-30,2026-01-15T08:00:00Z,SYNTHETIC/hicp_inflation,02e76947d762bba708a53f7c05d6db4b521640b7391f3b3bc8e1254983dc8643,fixture_synthetic
eurostat,hicp_inflation,IE,2022-07,M,2022-07-01,2022-07-31,1.21,% year on year,,30,2022-08-30,2026-01-15T08:00:00Z,SYNTHETIC/hicp_inflation,02e76947d762bba708a53f7c05d6db4b521640b7391f3b3bc8e1254983dc8643,fixture_synthetic
eurostat,hicp_inflation,IE,2022-08,M,2022-08-01,2022-08-31,0.03,% year on year,,30,2022-09-30,2026-01-15T08:00:00Z,SYNTHETIC/hicp_inflation,02e76947d762bba708a53f7c05d6db4b521640b7391f3b3bc8e1254983dc8643,fixture_synthetic
eurostat,hicp_inflation,IE,2022-09,M,2022-09-01,2022-09-30,10.32,% year on year,,30,2022-10-30,2026-01-15T08:00:00Z,SYNTHETIC/hicp_inflation,02e76947d762bba708a53f7c05d6db4b521640b7391f3b3bc8e1254983dc8643,fixture_synthetic
eurostat,hicp_inflation,IE,2022-10,M,2022-10-01,2022-10-31,7.06,% year on year,,30,2022-11-30,2026-01-15T08:00:00Z,SYNTHETIC/hicp_inflation,02e76947d762bba708a53f7c05d6db4b521640b7391f3b3bc8e1254983dc8643,fixture_synthetic
eurostat,hicp_inflation,IE,2022-11,M,2022-11-01,2022-11-30,2.13,% year on year,,30,2022-12-30,2026-01-15T08:00:00Z,SYNTHETIC/hicp_inflation,02e76947d762bba708a53f7c05d6db4b521640b7391f3b3bc8e1254983dc8643,fixture_synthetic
eurostat,hicp_inflation,IE,2022-12,M,2022-12-01,2022-12-31,10.87,% year on year,,30,2023-01-30,2026-01-15T08:00:00Z,SYNTHETIC/hicp_inflation,02e76947d762bba708a53f7c05d6db4b521640b7391f3b3bc8e1254983dc8643,fixture_synthetic
eurostat,hicp_inflation,IE,2023-01,M,2023-01-01,2023-01-31,0.86,% year on year,,30,2023-03-02,2026-01-15T08:00:00Z,SYNTHETIC/hicp_inflation,02e76947d762bba708a53f7c05d6db4b521640b7391f3b3bc8e1254983dc8643,fixture_synthetic
eurostat,hicp_inflation,IE,2023-02,M,2023-02-01,2023-02-28,4.99,% year on year,,30,2023-03-30,2026-01-15T08:00:00Z,SYNTHETIC/hicp_inflation,02e76947d762bba708a53f7c05d6db4b521640b7391f3b3bc8e1254983dc8643,fixture_synthetic
eurostat,hicp_inflation,IE,2023-03,M,2023-03-01,2023-03-31,2.3,% year on year,,30,2023-04-30,2026-01-15T08:00:00Z,SYNTHETIC/hicp_inflation,02e76947d762bba708a53f7c05d6db4b521640b7391f3b3bc8e1254983dc8643,fixture_synthetic
eurostat,hicp_inflation,IE,2023-04,M,2023-04-01,2023-04-30,2.32,% year on year,,30,2023-05-30,2026-01-15T08:00:00Z,SYNTHETIC/hicp_inflation,02e76947d762bba708a53f7c05d6db4b521640b7391f3b3bc8e1254983dc8643,fixture_synthetic
eurostat,hicp_inflation,IE,2023-05,M,2023-05-01,2023-05-31,-0.88,% year on year,,30,2023-06-30,2026-01-15T08:00:00Z,SYNTHETIC/hicp_inflation,02e76947d762bba708a53f7c05d6db4b521640b7391f3b3bc8e1254983dc8643,fixture_synthetic
eurostat,hicp_inflation,IE,2023-06,M,2023-06-01,2023-06-30,9.46,% year on year,,30,2023-07-30,2026-01-15T08:00:00Z,SYNTHETIC/hicp_inflation,02e76947d762bba708a53f7c05d6db4b521640b7391f3b3bc8e1254983dc8643,fixture_synthetic
eurostat,hicp_inflation,IE,2023-07,M,2023-07-01,2023-07-31,10.72,% year on year,,30,2023-08-30,2026-01-15T08:00:00Z,SYNTHETIC/hicp_inflation,02e76947d762bba708a53f7c05d6db4b521640b7391f3b3bc8e1254983dc8643,fixture_synthetic
eurostat,hicp_inflation,IE,2023-08,M,2023-08-01,2023-08-31,7.81,% year on year,,30,2023-09-30,2026-01-15T08:00:00Z,SYNTHETIC/hicp_inflation,02e76947d762bba708a53f7c05d6db4b521640b7391f3b3bc8e1254983dc8643,fixture_synthetic
eurostat,hicp_inflation,IE,2023-09,M,2023-09-01,2023-09-30,1.05,% year on year,,30,2023-10-30,2026-01-15T08:00:00Z,SYNTHETIC/hicp_inflation,02e76947d762bba708a53f7c05d6db4b521640b7391f3b3bc8e1254983dc8643,fixture_synthetic
eurostat,hicp_inflation,IE,2023-10,M,2023-10-01,2023-10-31,4.74,% year on year,,30,2023-11-30,2026-01-15T08:00:00Z,SYNTHETIC/hicp_inflation,02e76947d762bba708a53f7c05d6db4b521640b7391f3b3bc8e1254983dc8643,fixture_synthetic
eurostat,hicp_inflation,IE,2023-11,M,2023-11-01,2023-11-30,3.49,% year on year,,30,2023-12-30,2026-01-15T08:00:00Z,SYNTHETIC/hicp_inflation,02e76947d762bba708a53f7c05d6db4b521640b7391f3b3bc8e1254983dc8643,fixture_synthetic
eurostat,hicp_inflation,IE,2023-12,M,2023-12-01,2023-12-31,6.64,% year on year,,30,2024-01-30,2026-01-15T08:00:00Z,SYNTHETIC/hicp_inflation,02e76947d762bba708a53f7c05d6db4b521640b7391f3b3bc8e1254983dc8643,fixture_synthetic
eurostat,hicp_inflation,IE,2024-01,M,2024-01-01,2024-01-31,7.31,% year on year,,30,2024-03-01,2026-01-15T08:00:00Z,SYNTHETIC/hicp_inflation,02e76947d762bba708a53f7c05d6db4b521640b7391f3b3bc8e1254983dc8643,fixture_synthetic
eurostat,hicp_inflation,IE,2024-02,M,2024-02-01,2024-02-29,4.52,% year on year,,30,2024-03-30,2026-01-15T08:00:00Z,SYNTHETIC/hicp_inflation,02e76947d762bba708a53f7c05d6db4b521640b7391f3b3bc8e1254983dc8643,fixture_synthetic
eurostat,hicp_inflation,IE,2024-03,M,2024-03-01,2024-03-31,2.25,% year on year,,30,2024-04-30,2026-01-15T08:00:00Z,SYNTHETIC/hicp_inflation,02e76947d762bba708a53f7c05d6db4b521640b7391f3b3bc8e1254983dc8643,fixture_synthetic
eurostat,hicp_inflation,IE,2024-04,M,2024-04-01,2024-04-30,9.99,% year on year,,30,2024-05-30,2026-01-15T08:00:00Z,SYNTHETIC/hicp_inflation,02e76947d762bba708a53f7c05d6db4b521640b7391f3b3bc8e1254983dc8643,fixture_synthetic
eurostat,hicp_inflation,IE,2024-05,M,2024-05-01,2024-05-31,1.59,% year on year,,30,2024-06-30,2026-01-15T08:00:00Z,SYNTHETIC/hicp_inflation,02e76947d762bba708a53f7c05d6db4b521640b7391f3b3bc8e1254983dc8643,fixture_synthetic
eurostat,hicp_inflation,IE,2024-06,M,2024-06-01,2024-06-30,4.0,% year on year,,30,2024-07-30,2026-01-15T08:00:00Z,SYNTHETIC/hicp_inflation,02e76947d762bba708a53f7c05d6db4b521640b7391f3b3bc8e1254983dc8643,fixture_synthetic
eurostat,hicp_inflation,IE,2024-07,M,2024-07-01,2024-07-31,5.28,% year on year,,30,2024-08-30,2026-01-15T08:00:00Z,SYNTHETIC/hicp_inflation,02e76947d762bba708a53f7c05d6db4b521640b7391f3b3bc8e1254983dc8643,fixture_synthetic
eurostat,hicp_inflation,IE,2024-08,M,2024-08-01,2024-08-31,2.08,% year on year,,30,2024-09-30,2026-01-15T08:00:00Z,SYNTHETIC/hicp_inflation,02e76947d762bba708a53f7c05d6db4b521640b7391f3b3bc8e1254983dc8643,fixture_synthetic
eurostat,hicp_inflation,IE,2024-09,M,2024-09-01,2024-09-30,6.43,% year on year,,30,2024-10-30,2026-01-15T08:00:00Z,SYNTHETIC/hicp_inflation,02e76947d762bba708a53f7c05d6db4b521640b7391f3b3bc8e1254983dc8643,fixture_synthetic
eurostat,hicp_inflation,IE,2024-10,M,2024-10-01,2024-10-31,6.47,% year on year,,30,2024-11-30,2026-01-15T08:00:00Z,SYNTHETIC/hicp_inflation,02e76947d762bba708a53f7c05d6db4b521640b7391f3b3bc8e1254983dc8643,fixture_synthetic
eurostat,hicp_inflation,IE,2024-11,M,2024-11-01,2024-11-30,11.9,% year on year,,30,2024-12-30,2026-01-15T08:00:00Z,SYNTHETIC/hicp_inflation,02e76947d762bba708a53f7c05d6db4b521640b7391f3b3bc8e1254983dc8643,fixture_synthetic
eurostat,hicp_inflation,IE,2024-12,M,2024-12-01,2024-12-31,2.84,% year on year,,30,2025-01-30,2026-01-15T08:00:00Z,SYNTHETIC/hicp_inflation,02e76947d762bba708a53f7c05d6db4b521640b7391f3b3bc8e1254983dc8643,fixture_synthetic
eurostat,hicp_inflation,IE,2025-01,M,2025-01-01,2025-01-31,11.71,% year on year,,30,2025-03-02,2026-01-15T08:00:00Z,SYNTHETIC/hicp_inflation,02e76947d762bba708a53f7c05d6db4b521640b7391f3b3bc8e1254983dc8643,fixture_synthetic
eurostat,hicp_inflation,IE,2025-02,M,2025-02-01,2025-02-28,7.56,% year on year,,30,2025-03-30,2026-01-15T08:00:00Z,SYNTHETIC/hicp_inflation,02e76947d762bba708a53f7c05d6db4b521640b7391f3b3bc8e1254983dc8643,fixture_synthetic
eurostat,hicp_inflation,IE,2025-03,M,2025-03-01,2025-03-31,2.57,% year on year,,30,2025-04-30,2026-01-15T08:00:00Z,SYNTHETIC/hicp_inflation,02e76947d762bba708a53f7c05d6db4b521640b7391f3b3bc8e1254983dc8643,fixture_synthetic
eurostat,hicp_inflation,IE,2025-04,M,2025-04-01,2025-04-30,6.36,% year on year,,30,2025-05-30,2026-01-15T08:00:00Z,SYNTHETIC/hicp_inflation,02e76947d762bba708a53f7c05d6db4b521640b7391f3b3bc8e1254983dc8643,fixture_synthetic
eurostat,hicp_inflation,IE,2025-05,M,2025-05-01,2025-05-31,7.92,% year on year,,30,2025-06-30,2026-01-15T08:00:00Z,SYNTHETIC/hicp_inflation,02e76947d762bba708a53f7c05d6db4b521640b7391f3b3bc8e1254983dc8643,fixture_synthetic
eurostat,hicp_inflation,IE,2025-06,M,2025-06-01,2025-06-30,8.68,% year on year,,30,2025-07-30,2026-01-15T08:00:00Z,SYNTHETIC/hicp_inflation,02e76947d762bba708a53f7c05d6db4b521640b7391f3b3bc8e1254983dc8643,fixture_synthetic
eurostat,hicp_inflation,IE,2025-07,M,2025-07-01,2025-07-31,-0.36,% year on year,,30,2025-08-30,2026-01-15T08:00:00Z,SYNTHETIC/hicp_inflation,02e76947d762bba708a53f7c05d6db4b521640b7391f3b3bc8e1254983dc8643,fixture_synthetic
eurostat,hicp_inflation,IE,2025-08,M,2025-08-01,2025-08-31,6.88,% year on year,,30,2025-09-30,2026-01-15T08:00:00Z,SYNTHETIC/hicp_inflation,02e76947d762bba708a53f7c05d6db4b521640b7391f3b3bc8e1254983dc8643,fixture_synthetic
eurostat,hicp_inflation,IE,2025-09,M,2025-09-01,2025-09-30,5.46,% year on year,,30,2025-10-30,2026-01-15T08:00:00Z,SYNTHETIC/hicp_inflation,02e76947d762bba708a53f7c05d6db4b521640b7391f3b3bc8e1254983dc8643,fixture_synthetic
eurostat,hicp_inflation,IE,2025-10,M,2025-10-01,2025-10-31,10.75,% year on year,,30,2025-11-30,2026-01-15T08:00:00Z,SYNTHETIC/hicp_inflation,02e76947d762bba708a53f7c05d6db4b521640b7391f3b3bc8e1254983dc8643,fixture_synthetic
eurostat,hicp_inflation,IE,2025-11,M,2025-11-01,2025-11-30,2.72,% year on year,,30,2025-12-30,2026-01-15T08:00:00Z,SYNTHETIC/hicp_inflation,02e76947d762bba708a53f7c05d6db4b521640b7391f3b3bc8e1254983dc8643,fixture_synthetic
eurostat,hicp_inflation,IT,2019-01,M,2019-01-01,2019-01-31,6.15,% year on year,,30,2019-03-02,2026-01-15T08:00:00Z,SYNTHETIC/hicp_inflation,02e76947d762bba708a53f7c05d6db4b521640b7391f3b3bc8e1254983dc8643,fixture_synthetic
eurostat,hicp_inflation,IT,2019-02,M,2019-02-01,2019-02-28,4.91,% year on year,,30,2019-03-30,2026-01-15T08:00:00Z,SYNTHETIC/hicp_inflation,02e76947d762bba708a53f7c05d6db4b521640b7391f3b3bc8e1254983dc8643,fixture_synthetic
eurostat,hicp_inflation,IT,2019-03,M,2019-03-01,2019-03-31,3.09,% year on year,,30,2019-04-30,2026-01-15T08:00:00Z,SYNTHETIC/hicp_inflation,02e76947d762bba708a53f7c05d6db4b521640b7391f3b3bc8e1254983dc8643,fixture_synthetic
eurostat,hicp_inflation,IT,2019-04,M,2019-04-01,2019-04-30,3.2,% year on year,,30,2019-05-30,2026-01-15T08:00:00Z,SYNTHETIC/hicp_inflation,02e76947d762bba708a53f7c05d6db4b521640b7391f3b3bc8e1254983dc8643,fixture_synthetic
eurostat,hicp_inflation,IT,2019-05,M,2019-05-01,2019-05-31,11.61,% year on year,,30,2019-06-30,2026-01-15T08:00:00Z,SYNTHETIC/hicp_inflation,02e76947d762bba708a53f7c05d6db4b521640b7391f3b3bc8e1254983dc8643,fixture_synthetic
eurostat,hicp_inflation,IT,2019-06,M,2019-06-01,2019-06-30,4.25,% year on year,,30,2019-07-30,2026-01-15T08:00:00Z,SYNTHETIC/hicp_inflation,02e76947d762bba708a53f7c05d6db4b521640b7391f3b3bc8e1254983dc8643,fixture_synthetic
eurostat,hicp_inflation,IT,2019-07,M,2019-07-01,2019-07-31,5.69,% year on year,,30,2019-08-30,2026-01-15T08:00:00Z,SYNTHETIC/hicp_inflation,02e76947d762bba708a53f7c05d6db4b521640b7391f3b3bc8e1254983dc8643,fixture_synthetic
eurostat,hicp_inflation,IT,2019-08,M,2019-08-01,2019-08-31,11.85,% year on year,,30,2019-09-30,2026-01-15T08:00:00Z,SYNTHETIC/hicp_inflation,02e76947d762bba708a53f7c05d6db4b521640b7391f3b3bc8e1254983dc8643,fixture_synthetic
eurostat,hicp_inflation,IT,2019-09,M,2019-09-01,2019-09-30,7.55,% year on year,,30,2019-10-30,2026-01-15T08:00:00Z,SYNTHETIC/hicp_inflation,02e76947d762bba708a53f7c05d6db4b521640b7391f3b3bc8e1254983dc8643,fixture_synthetic
eurostat,hicp_inflation,IT,2019-10,M,2019-10-01,2019-10-31,6.05,% year on year,,30,2019-11-30,2026-01-15T08:00:00Z,SYNTHETIC/hicp_inflation,02e76947d762bba708a53f7c05d6db4b521640b7391f3b3bc8e1254983dc8643,fixture_synthetic
eurostat,hicp_inflation,IT,2019-11,M,2019-11-01,2019-11-30,4.37,% year on year,,30,2019-12-30,2026-01-15T08:00:00Z,SYNTHETIC/hicp_inflation,02e76947d762bba708a53f7c05d6db4b521640b7391f3b3bc8e1254983dc8643,fixture_synthetic
eurostat,hicp_inflation,IT,2019-12,M,2019-12-01,2019-12-31,1.44,% year on year,,30,2020-01-30,2026-01-15T08:00:00Z,SYNTHETIC/hicp_inflation,02e76947d762bba708a53f7c05d6db4b521640b7391f3b3bc8e1254983dc8643,fixture_synthetic
eurostat,hicp_inflation,IT,2020-01,M,2020-01-01,2020-01-31,3.7,% year on year,,30,2020-03-01,2026-01-15T08:00:00Z,SYNTHETIC/hicp_inflation,02e76947d762bba708a53f7c05d6db4b521640b7391f3b3bc8e1254983dc8643,fixture_synthetic
eurostat,hicp_inflation,IT,2020-02,M,2020-02-01,2020-02-29,8.83,% year on year,,30,2020-03-30,2026-01-15T08:00:00Z,SYNTHETIC/hicp_inflation,02e76947d762bba708a53f7c05d6db4b521640b7391f3b3bc8e1254983dc8643,fixture_synthetic
eurostat,hicp_inflation,IT,2020-03,M,2020-03-01,2020-03-31,7.13,% year on year,,30,2020-04-30,2026-01-15T08:00:00Z,SYNTHETIC/hicp_inflation,02e76947d762bba708a53f7c05d6db4b521640b7391f3b3bc8e1254983dc8643,fixture_synthetic
eurostat,hicp_inflation,IT,2020-04,M,2020-04-01,2020-04-30,8.88,% year on year,,30,2020-05-30,2026-01-15T08:00:00Z,SYNTHETIC/hicp_inflation,02e76947d762bba708a53f7c05d6db4b521640b7391f3b3bc8e1254983dc8643,fixture_synthetic
eurostat,hicp_inflation,IT,2020-05,M,2020-05-01,2020-05-31,1.65,% year on year,,30,2020-06-30,2026-01-15T08:00:00Z,SYNTHETIC/hicp_inflation,02e76947d762bba708a53f7c05d6db4b521640b7391f3b3bc8e1254983dc8643,fixture_synthetic
eurostat,hicp_inflation,IT,2020-06,M,2020-06-01,2020-06-30,6.14,% year on year,,30,2020-07-30,2026-01-15T08:00:00Z,SYNTHETIC/hicp_inflation,02e76947d762bba708a53f7c05d6db4b521640b7391f3b3bc8e1254983dc8643,fixture_synthetic
eurostat,hicp_inflation,IT,2020-07,M,2020-07-01,2020-07-31,11.06,% year on year,,30,2020-08-30,2026-01-15T08:00:00Z,SYNTHETIC/hicp_inflation,02e76947d762bba708a53f7c05d6db4b521640b7391f3b3bc8e1254983dc8643,fixture_synthetic
eurostat,hicp_inflation,IT,2020-08,M,2020-08-01,2020-08-31,4.7,% year on year,,30,2020-09-30,2026-01-15T08:00:00Z,SYNTHETIC/hicp_inflation,02e76947d762bba708a53f7c05d6db4b521640b7391f3b3bc8e1254983dc8643,fixture_synthetic
eurostat,hicp_inflation,IT,2020-09,M,2020-09-01,2020-09-30,8.08,% year on year,,30,2020-10-30,2026-01-15T08:00:00Z,SYNTHETIC/hicp_inflation,02e76947d762bba708a53f7c05d6db4b521640b7391f3b3bc8e1254983dc8643,fixture_synthetic
eurostat,hicp_inflation,IT,2020-10,M,2020-10-01,2020-10-31,0.58,% year on year,,30,2020-11-30,2026-01-15T08:00:00Z,SYNTHETIC/hicp_inflation,02e76947d762bba708a53f7c05d6db4b521640b7391f3b3bc8e1254983dc8643,fixture_synthetic
eurostat,hicp_inflation,IT,2020-11,M,2020-11-01,2020-11-30,11.65,% year on year,,30,2020-12-30,2026-01-15T08:00:00Z,SYNTHETIC/hicp_inflation,02e76947d762bba708a53f7c05d6db4b521640b7391f3b3bc8e1254983dc8643,fixture_synthetic
eurostat,hicp_inflation,IT,2020-12,M,2020-12-01,2020-12-31,6.92,% year on year,,30,2021-01-30,2026-01-15T08:00:00Z,SYNTHETIC/hicp_inflation,02e76947d762bba708a53f7c05d6db4b521640b7391f3b3bc8e1254983dc8643,fixture_synthetic
eurostat,hicp_inflation,IT,2021-01,M,2021-01-01,2021-01-31,2.11,% year on year,,30,2021-03-02,2026-01-15T08:00:00Z,SYNTHETIC/hicp_inflation,02e76947d762bba708a53f7c05d6db4b521640b7391f3b3bc8e1254983dc8643,fixture_synthetic
eurostat,hicp_inflation,IT,2021-02,M,2021-02-01,2021-02-28,1.06,% year on year,,30,2021-03-30,2026-01-15T08:00:00Z,SYNTHETIC/hicp_inflation,02e76947d762bba708a53f7c05d6db4b521640b7391f3b3bc8e1254983dc8643,fixture_synthetic
eurostat,hicp_inflation,IT,2021-03,M,2021-03-01,2021-03-31,6.16,% year on year,,30,2021-04-30,2026-01-15T08:00:00Z,SYNTHETIC/hicp_inflation,02e76947d762bba708a53f7c05d6db4b521640b7391f3b3bc8e1254983dc8643,fixture_synthetic
eurostat,hicp_inflation,IT,2021-04,M,2021-04-01,2021-04-30,6.18,% year on year,,30,2021-05-30,2026-01-15T08:00:00Z,SYNTHETIC/hicp_inflation,02e76947d762bba708a53f7c05d6db4b521640b7391f3b3bc8e1254983dc8643,fixture_synthetic
eurostat,hicp_inflation,IT,2021-05,M,2021-05-01,2021-05-31,0.21,% year on year,,30,2021-06-30,2026-01-15T08:00:00Z,SYNTHETIC/hicp_inflation,02e76947d762bba708a53f7c05d6db4b521640b7391f3b3bc8e1254983dc8643,fixture_synthetic
eurostat,hicp_inflation,IT,2021-06,M,2021-06-01,2021-06-30,11.9,% year on year,,30,2021-07-30,2026-01-15T08:00:00Z,SYNTHETIC/hicp_inflation,02e76947d762bba708a53f7c05d6db4b521640b7391f3b3bc8e1254983dc8643,fixture_synthetic
eurostat,hicp_inflation,IT,2021-07,M,2021-07-01,2021-07-31,10.87,% year on year,,30,2021-08-30,2026-01-15T08:00:00Z,SYNTHETIC/hicp_inflation,02e76947d762bba708a53f7c05d6db4b521640b7391f3b3bc8e1254983dc8643,fixture_synthetic
eurostat,hicp_inflation,IT,2021-08,M,2021-08-01,2021-08-31,5.0,% year on year,,30,2021-09-30,2026-01-15T08:00:00Z,SYNTHETIC/hicp_inflation,02e76947d762bba708a53f7c05d6db4b521640b7391f3b3bc8e1254983dc8643,fixture_synthetic
eurostat,hicp_inflation,IT,2021-09,M,2021-09-01,2021-09-30,0.53,% year on year,,30,2021-10-30,2026-01-15T08:00:00Z,SYNTHETIC/hicp_inflation,02e76947d762bba708a53f7c05d6db4b521640b7391f3b3bc8e1254983dc8643,fixture_synthetic
eurostat,hicp_inflation,IT,2021-10,M,2021-10-01,2021-10-31,9.82,% year on year,,30,2021-11-30,2026-01-15T08:00:00Z,SYNTHETIC/hicp_inflation,02e76947d762bba708a53f7c05d6db4b521640b7391f3b3bc8e1254983dc8643,fixture_synthetic
eurostat,hicp_inflation,IT,2021-11,M,2021-11-01,2021-11-30,5.48,% year on year,,30,2021-12-30,2026-01-15T08:00:00Z,SYNTHETIC/hicp_inflation,02e76947d762bba708a53f7c05d6db4b521640b7391f3b3bc8e1254983dc8643,fixture_synthetic
eurostat,hicp_inflation,IT,2021-12,M,2021-12-01,2021-12-31,8.32,% year on year,,30,2022-01-30,2026-01-15T08:00:00Z,SYNTHETIC/hicp_inflation,02e76947d762bba708a53f7c05d6db4b521640b7391f3b3bc8e1254983dc8643,fixture_synthetic
eurostat,hicp_inflation,IT,2022-01,M,2022-01-01,2022-01-31,5.62,% year on year,,30,2022-03-02,2026-01-15T08:00:00Z,SYNTHETIC/hicp_inflation,02e76947d762bba708a53f7c05d6db4b521640b7391f3b3bc8e1254983dc8643,fixture_synthetic
eurostat,hicp_inflation,IT,2022-02,M,2022-02-01,2022-02-28,2.55,% year on year,,30,2022-03-30,2026-01-15T08:00:00Z,SYNTHETIC/hicp_inflation,02e76947d762bba708a53f7c05d6db4b521640b7391f3b3bc8e1254983dc8643,fixture_synthetic
eurostat,hicp_inflation,IT,2022-03,M,2022-03-01,2022-03-31,9.85,% year on year,,30,2022-04-30,2026-01-15T08:00:00Z,SYNTHETIC/hicp_inflation,02e76947d762bba708a53f7c05d6db4b521640b7391f3b3bc8e1254983dc8643,fixture_synthetic
eurostat,hicp_inflation,IT,2022-04,M,2022-04-01,2022-04-30,11.74,% year on year,,30,2022-05-30,2026-01-15T08:00:00Z,SYNTHETIC/hicp_inflation,02e76947d762bba708a53f7c05d6db4b521640b7391f3b3bc8e1254983dc8643,fixture_synthetic
eurostat,hicp_inflation,IT,2022-05,M,2022-05-01,2022-05-31,2.17,% year on year,,30,2022-06-30,2026-01-15T08:00:00Z,SYNTHETIC/hicp_inflation,02e76947d762bba708a53f7c05d6db4b521640b7391f3b3bc8e1254983dc8643,fixture_synthetic
eurostat,hicp_inflation,IT,2022-06,M,2022-06-01,2022-06-30,6.17,% year on year,,30,2022-07-30,2026-01-15T08:00:00Z,SYNTHETIC/hicp_inflation,02e76947d762bba708a53f7c05d6db4b521640b7391f3b3bc8e1254983dc8643,fixture_synthetic
eurostat,hicp_inflation,IT,2022-07,M,2022-07-01,2022-07-31,3.99,% year on year,,30,2022-08-30,2026-01-15T08:00:00Z,SYNTHETIC/hicp_inflation,02e76947d762bba708a53f7c05d6db4b521640b7391f3b3bc8e1254983dc8643,fixture_synthetic
eurostat,hicp_inflation,IT,2022-08,M,2022-08-01,2022-08-31,10.98,% year on year,,30,2022-09-30,2026-01-15T08:00:00Z,SYNTHETIC/hicp_inflation,02e76947d762bba708a53f7c05d6db4b521640b7391f3b3bc8e1254983dc8643,fixture_synthetic
eurostat,hicp_inflation,IT,2022-09,M,2022-09-01,2022-09-30,5.61,% year on year,,30,2022-10-30,2026-01-15T08:00:00Z,SYNTHETIC/hicp_inflation,02e76947d762bba708a53f7c05d6db4b521640b7391f3b3bc8e1254983dc8643,fixture_synthetic
eurostat,hicp_inflation,IT,2022-10,M,2022-10-01,2022-10-31,10.43,% year on year,,30,2022-11-30,2026-01-15T08:00:00Z,SYNTHETIC/hicp_inflation,02e76947d762bba708a53f7c05d6db4b521640b7391f3b3bc8e1254983dc8643,fixture_synthetic
eurostat,hicp_inflation,IT,2022-11,M,2022-11-01,2022-11-30,10.23,% year on year,,30,2022-12-30,2026-01-15T08:00:00Z,SYNTHETIC/hicp_inflation,02e76947d762bba708a53f7c05d6db4b521640b7391f3b3bc8e1254983dc8643,fixture_synthetic
eurostat,hicp_inflation,IT,2022-12,M,2022-12-01,2022-12-31,2.59,% year on year,,30,2023-01-30,2026-01-15T08:00:00Z,SYNTHETIC/hicp_inflation,02e76947d762bba708a53f7c05d6db4b521640b7391f3b3bc8e1254983dc8643,fixture_synthetic
eurostat,hicp_inflation,IT,2023-01,M,2023-01-01,2023-01-31,9.27,% year on year,,30,2023-03-02,2026-01-15T08:00:00Z,SYNTHETIC/hicp_inflation,02e76947d762bba708a53f7c05d6db4b521640b7391f3b3bc8e1254983dc8643,fixture_synthetic
eurostat,hicp_inflation,IT,2023-02,M,2023-02-01,2023-02-28,4.39,% year on year,,30,2023-03-30,2026-01-15T08:00:00Z,SYNTHETIC/hicp_inflation,02e76947d762bba708a53f7c05d6db4b521640b7391f3b3bc8e1254983dc8643,fixture_synthetic
eurostat,hicp_inflation,IT,2023-03,M,2023-03-01,2023-03-31,11.15,% year on year,,30,2023-04-30,2026-01-15T08:00:00Z,SYNTHETIC/hicp_inflation,02e76947d762bba708a53f7c05d6db4b521640b7391f3b3bc8e1254983dc8643,fixture_synthetic
eurostat,hicp_inflation,IT,2023-04,M,2023-04-01,2023-04-30,5.6,% year on year,,30,2023-05-30,2026-01-15T08:00:00Z,SYNTHETIC/hicp_inflation,02e76947d762bba708a53f7c05d6db4b521640b7391f3b3bc8e1254983dc8643,fixture_synthetic
eurostat,hicp_inflation,IT,2023-05,M,2023-05-01,2023-05-31,9.67,% year on year,,30,2023-06-30,2026-01-15T08:00:00Z,SYNTHETIC/hicp_inflation,02e76947d762bba708a53f7c05d6db4b521640b7391f3b3bc8e1254983dc8643,fixture_synthetic
eurostat,hicp_inflation,IT,2023-06,M,2023-06-01,2023-06-30,2.68,% year on year,,30,2023-07-30,2026-01-15T08:00:00Z,SYNTHETIC/hicp_inflation,02e76947d762bba708a53f7c05d6db4b521640b7391f3b3bc8e1254983dc8643,fixture_synthetic
eurostat,hicp_inflation,IT,2023-07,M,2023-07-01,2023-07-31,2.88,% year on year,,30,2023-08-30,2026-01-15T08:00:00Z,SYNTHETIC/hicp_inflation,02e76947d762bba708a53f7c05d6db4b521640b7391f3b3bc8e1254983dc8643,fixture_synthetic
eurostat,hicp_inflation,IT,2023-08,M,2023-08-01,2023-08-31,6.63,% year on year,,30,2023-09-30,2026-01-15T08:00:00Z,SYNTHETIC/hicp_inflation,02e76947d762bba708a53f7c05d6db4b521640b7391f3b3bc8e1254983dc8643,fixture_synthetic
eurostat,hicp_inflation,IT,2023-09,M,2023-09-01,2023-09-30,11.99,% year on year,,30,2023-10-30,2026-01-15T08:00:00Z,SYNTHETIC/hicp_inflation,02e76947d762bba708a53f7c05d6db4b521640b7391f3b3bc8e1254983dc8643,fixture_synthetic
eurostat,hicp_inflation,IT,2023-10,M,2023-10-01,2023-10-31,5.37,% year on year,,30,2023-11-30,2026-01-15T08:00:00Z,SYNTHETIC/hicp_inflation,02e76947d762bba708a53f7c05d6db4b521640b7391f3b3bc8e1254983dc8643,fixture_synthetic
eurostat,hicp_inflation,IT,2023-11,M,2023-11-01,2023-11-30,0.93,% year on year,,30,2023-12-30,2026-01-15T08:00:00Z,SYNTHETIC/hicp_inflation,02e76947d762bba708a53f7c05d6db4b521640b7391f3b3bc8e1254983dc8643,fixture_synthetic
eurostat,hicp_inflation,IT,2023-12,M,2023-12-01,2023-12-31,6.0,% year on year,,30,2024-01-30,2026-01-15T08:00:00Z,SYNTHETIC/hicp_inflation,02e76947d762bba708a53f7c05d6db4b521640b7391f3b3bc8e1254983dc8643,fixture_synthetic
eurostat,hicp_inflation,IT,2024-01,M,2024-01-01,2024-01-31,3.49,% year on year,,30,2024-03-01,2026-01-15T08:00:00Z,SYNTHETIC/hicp_inflation,02e76947d762bba708a53f7c05d6db4b521640b7391f3b3bc8e1254983dc8643,fixture_synthetic
eurostat,hicp_inflation,IT,2024-02,M,2024-02-01,2024-02-29,6.17,% year on year,,30,2024-03-30,2026-01-15T08:00:00Z,SYNTHETIC/hicp_inflation,02e76947d762bba708a53f7c05d6db4b521640b7391f3b3bc8e1254983dc8643,fixture_synthetic
eurostat,hicp_inflation,IT,2024-03,M,2024-03-01,2024-03-31,6.06,% year on year,,30,2024-04-30,2026-01-15T08:00:00Z,SYNTHETIC/hicp_inflation,02e76947d762bba708a53f7c05d6db4b521640b7391f3b3bc8e1254983dc8643,fixture_synthetic
eurostat,hicp_inflation,IT,2024-04,M,2024-04-01,2024-04-30,4.92,% year on year,,30,2024-05-30,2026-01-15T08:00:00Z,SYNTHETIC/hicp_inflation,02e76947d762bba708a53f7c05d6db4b521640b7391f3b3bc8e1254983dc8643,fixture_synthetic
eurostat,hicp_inflation,IT,2024-05,M,2024-05-01,2024-05-31,3.18,% year on year,,30,2024-06-30,2026-01-15T08:00:00Z,SYNTHETIC/hicp_inflation,02e76947d762bba708a53f7c05d6db4b521640b7391f3b3bc8e1254983dc8643,fixture_synthetic
eurostat,hicp_inflation,IT,2024-06,M,2024-06-01,2024-06-30,1.45,% year on year,,30,2024-07-30,2026-01-15T08:00:00Z,SYNTHETIC/hicp_inflation,02e76947d762bba708a53f7c05d6db4b521640b7391f3b3bc8e1254983dc8643,fixture_synthetic
eurostat,hicp_inflation,IT,2024-07,M,2024-07-01,2024-07-31,8.07,% year on year,,30,2024-08-30,2026-01-15T08:00:00Z,SYNTHETIC/hicp_inflation,02e76947d762bba708a53f7c05d6db4b521640b7391f3b3bc8e1254983dc8643,fixture_synthetic
eurostat,hicp_inflation,IT,2024-08,M,2024-08-01,2024-08-31,6.43,% year on year,,30,2024-09-30,2026-01-15T08:00:00Z,SYNTHETIC/hicp_inflation,02e76947d762bba708a53f7c05d6db4b521640b7391f3b3bc8e1254983dc8643,fixture_synthetic
eurostat,hicp_inflation,IT,2024-09,M,2024-09-01,2024-09-30,2.04,% year on year,,30,2024-10-30,2026-01-15T08:00:00Z,SYNTHETIC/hicp_inflation,02e76947d762bba708a53f7c05d6db4b521640b7391f3b3bc8e1254983dc8643,fixture_synthetic
eurostat,hicp_inflation,IT,2024-10,M,2024-10-01,2024-10-31,9.08,% year on year,,30,2024-11-30,2026-01-15T08:00:00Z,SYNTHETIC/hicp_inflation,02e76947d762bba708a53f7c05d6db4b521640b7391f3b3bc8e1254983dc8643,fixture_synthetic
eurostat,hicp_inflation,IT,2024-11,M,2024-11-01,2024-11-30,-0.43,% year on year,,30,2024-12-30,2026-01-15T08:00:00Z,SYNTHETIC/hicp_inflation,02e76947d762bba708a53f7c05d6db4b521640b7391f3b3bc8e1254983dc8643,fixture_synthetic
eurostat,hicp_inflation,IT,2024-12,M,2024-12-01,2024-12-31,8.68,% year on year,,30,2025-01-30,2026-01-15T08:00:00Z,SYNTHETIC/hicp_inflation,02e76947d762bba708a53f7c05d6db4b521640b7391f3b3bc8e1254983dc8643,fixture_synthetic
eurostat,hicp_inflation,IT,2025-01,M,2025-01-01,2025-01-31,8.17,% year on year,,30,2025-03-02,2026-01-15T08:00:00Z,SYNTHETIC/hicp_inflation,02e76947d762bba708a53f7c05d6db4b521640b7391f3b3bc8e1254983dc8643,fixture_synthetic
eurostat,hicp_inflation,IT,2025-02,M,2025-02-01,2025-02-28,9.55,% year on year,,30,2025-03-30,2026-01-15T08:00:00Z,SYNTHETIC/hicp_inflation,02e76947d762bba708a53f7c05d6db4b521640b7391f3b3bc8e1254983dc8643,fixture_synthetic
eurostat,hicp_inflation,IT,2025-03,M,2025-03-01,2025-03-31,4.02,% year on year,,30,2025-04-30,2026-01-15T08:00:00Z,SYNTHETIC/hicp_inflation,02e76947d762bba708a53f7c05d6db4b521640b7391f3b3bc8e1254983dc8643,fixture_synthetic
eurostat,hicp_inflation,IT,2025-04,M,2025-04-01,2025-04-30,7.63,% year on year,,30,2025-05-30,2026-01-15T08:00:00Z,SYNTHETIC/hicp_inflation,02e76947d762bba708a53f7c05d6db4b521640b7391f3b3bc8e1254983dc8643,fixture_synthetic
eurostat,hicp_inflation,IT,2025-05,M,2025-05-01,2025-05-31,9.67,% year on year,,30,2025-06-30,2026-01-15T08:00:00Z,SYNTHETIC/hicp_inflation,02e76947d762bba708a53f7c05d6db4b521640b7391f3b3bc8e1254983dc8643,fixture_synthetic
eurostat,hicp_inflation,IT,2025-06,M,2025-06-01,2025-06-30,11.75,% year on year,,30,2025-07-30,2026-01-15T08:00:00Z,SYNTHETIC/hicp_inflation,02e76947d762bba708a53f7c05d6db4b521640b7391f3b3bc8e1254983dc8643,fixture_synthetic
eurostat,hicp_inflation,IT,2025-07,M,2025-07-01,2025-07-31,5.44,% year on year,,30,2025-08-30,2026-01-15T08:00:00Z,SYNTHETIC/hicp_inflation,02e76947d762bba708a53f7c05d6db4b521640b7391f3b3bc8e1254983dc8643,fixture_synthetic
eurostat,hicp_inflation,IT,2025-08,M,2025-08-01,2025-08-31,-0.52,% year on year,,30,2025-09-30,2026-01-15T08:00:00Z,SYNTHETIC/hicp_inflation,02e76947d762bba708a53f7c05d6db4b521640b7391f3b3bc8e1254983dc8643,fixture_synthetic
eurostat,hicp_inflation,IT,2025-09,M,2025-09-01,2025-09-30,5.53,% year on year,,30,2025-10-30,2026-01-15T08:00:00Z,SYNTHETIC/hicp_inflation,02e76947d762bba708a53f7c05d6db4b521640b7391f3b3bc8e1254983dc8643,fixture_synthetic
eurostat,hicp_inflation,IT,2025-10,M,2025-10-01,2025-10-31,6.67,% year on year,,30,2025-11-30,2026-01-15T08:00:00Z,SYNTHETIC/hicp_inflation,02e76947d762bba708a53f7c05d6db4b521640b7391f3b3bc8e1254983dc8643,fixture_synthetic
eurostat,hicp_inflation,IT,2025-11,M,2025-11-01,2025-11-30,10.31,% year on year,,30,2025-12-30,2026-01-15T08:00:00Z,SYNTHETIC/hicp_inflation,02e76947d762bba708a53f7c05d6db4b521640b7391f3b3bc8e1254983dc8643,fixture_synthetic
eurostat,hicp_inflation,PL,2019-01,M,2019-01-01,2019-01-31,8.94,% year on year,,30,2019-03-02,2026-01-15T08:00:00Z,SYNTHETIC/hicp_inflation,02e76947d762bba708a53f7c05d6db4b521640b7391f3b3bc8e1254983dc8643,fixture_synthetic
eurostat,hicp_inflation,PL,2019-02,M,2019-02-01,2019-02-28,6.88,% year on year,,30,2019-03-30,2026-01-15T08:00:00Z,SYNTHETIC/hicp_inflation,02e76947d762bba708a53f7c05d6db4b521640b7391f3b3bc8e1254983dc8643,fixture_synthetic
eurostat,hicp_inflation,PL,2019-03,M,2019-03-01,2019-03-31,9.28,% year on year,,30,2019-04-30,2026-01-15T08:00:00Z,SYNTHETIC/hicp_inflation,02e76947d762bba708a53f7c05d6db4b521640b7391f3b3bc8e1254983dc8643,fixture_synthetic
eurostat,hicp_inflation,PL,2019-04,M,2019-04-01,2019-04-30,1.93,% year on year,,30,2019-05-30,2026-01-15T08:00:00Z,SYNTHETIC/hicp_inflation,02e76947d762bba708a53f7c05d6db4b521640b7391f3b3bc8e1254983dc8643,fixture_synthetic
eurostat,hicp_inflation,PL,2019-05,M,2019-05-01,2019-05-31,5.79,% year on year,,30,2019-06-30,2026-01-15T08:00:00Z,SYNTHETIC/hicp_inflation,02e76947d762bba708a53f7c05d6db4b521640b7391f3b3bc8e1254983dc8643,fixture_synthetic
eurostat,hicp_inflation,PL,2019-06,M,2019-06-01,2019-06-30,4.86,% year on year,,30,2019-07-30,2026-01-15T08:00:00Z,SYNTHETIC/hicp_inflation,02e76947d762bba708a53f7c05d6db4b521640b7391f3b3bc8e1254983dc8643,fixture_synthetic
eurostat,hicp_inflation,PL,2019-07,M,2019-07-01,2019-07-31,4.76,% year on year,,30,2019-08-30,2026-01-15T08:00:00Z,SYNTHETIC/hicp_inflation,02e76947d762bba708a53f7c05d6db4b521640b7391f3b3bc8e1254983dc8643,fixture_synthetic
eurostat,hicp_inflation,PL,2019-08,M,2019-08-01,2019-08-31,10.18,% year on year,,30,2019-09-30,2026-01-15T08:00:00Z,SYNTHETIC/hicp_inflation,02e76947d762bba708a53f7c05d6db4b521640b7391f3b3bc8e1254983dc8643,fixture_synthetic
eurostat,hicp_inflation,PL,2019-09,M,2019-09-01,2019-09-30,11.87,% year on year,,30,2019-10-30,2026-01-15T08:00:00Z,SYNTHETIC/hicp_inflation,02e76947d762bba708a53f7c05d6db4b521640b7391f3b3bc8e1254983dc8643,fixture_synthetic
eurostat,hicp_inflation,PL,2019-10,M,2019-10-01,2019-10-31,2.97,% year on year,,30,2019-11-30,2026-01-15T08:00:00Z,SYNTHETIC/hicp_inflation,02e76947d762bba708a53f7c05d6db4b521640b7391f3b3bc8e1254983dc8643,fixture_synthetic
eurostat,hicp_inflation,PL,2019-11,M,2019-11-01,2019-11-30,7.07,% year on year,,30,2019-12-30,2026-01-15T08:00:00Z,SYNTHETIC/hicp_inflation,02e76947d762bba708a53f7c05d6db4b521640b7391f3b3bc8e1254983dc8643,fixture_synthetic
eurostat,hicp_inflation,PL,2019-12,M,2019-12-01,2019-12-31,6.93,% year on year,,30,2020-01-30,2026-01-15T08:00:00Z,SYNTHETIC/hicp_inflation,02e76947d762bba708a53f7c05d6db4b521640b7391f3b3bc8e1254983dc8643,fixture_synthetic
eurostat,hicp_inflation,PL,2020-01,M,2020-01-01,2020-01-31,8.62,% year on year,,30,2020-03-01,2026-01-15T08:00:00Z,SYNTHETIC/hicp_inflation,02e76947d762bba708a53f7c05d6db4b521640b7391f3b3bc8e1254983dc8643,fixture_synthetic
eurostat,hicp_inflation,PL,2020-02,M,2020-02-01,2020-02-29,11.32,% year on year,,30,2020-03-30,2026-01-15T08:00:00Z,SYNTHETIC/hicp_inflation,02e76947d762bba708a53f7c05d6db4b521640b7391f3b3bc8e1254983dc8643,fixture_synthetic
eurostat,hicp_inflation,PL,2020-03,M,2020-03-01,2020-03-31,1.7,% year on year,,30,2020-04-30,2026-01-15T08:00:00Z,SYNTHETIC/hicp_inflation,02e76947d762bba708a53f7c05d6db4b521640b7391f3b3bc8e1254983dc8643,fixture_synthetic
eurostat,hicp_inflation,PL,2020-04,M,2020-04-01,2020-04-30,1.74,% year on year,,30,2020-05-30,2026-01-15T08:00:00Z,SYNTHETIC/hicp_inflation,02e76947d762bba708a53f7c05d6db4b521640b7391f3b3bc8e1254983dc8643,fixture_synthetic
eurostat,hicp_inflation,PL,2020-05,M,2020-05-01,2020-05-31,7.59,% year on year,,30,2020-06-30,2026-01-15T08:00:00Z,SYNTHETIC/hicp_inflation,02e76947d762bba708a53f7c05d6db4b521640b7391f3b3bc8e1254983dc8643,fixture_synthetic
eurostat,hicp_inflation,PL,2020-06,M,2020-06-01,2020-06-30,1.04,% year on year,,30,2020-07-30,2026-01-15T08:00:00Z,SYNTHETIC/hicp_inflation,02e76947d762bba708a53f7c05d6db4b521640b7391f3b3bc8e1254983dc8643,fixture_synthetic
eurostat,hicp_inflation,PL,2020-07,M,2020-07-01,2020-07-31,1.26,% year on year,,30,2020-08-30,2026-01-15T08:00:00Z,SYNTHETIC/hicp_inflation,02e76947d762bba708a53f7c05d6db4b521640b7391f3b3bc8e1254983dc8643,fixture_synthetic
eurostat,hicp_inflation,PL,2020-08,M,2020-08-01,2020-08-31,-0.02,% year on year,,30,2020-09-30,2026-01-15T08:00:00Z,SYNTHETIC/hicp_inflation,02e76947d762bba708a53f7c05d6db4b521640b7391f3b3bc8e1254983dc8643,fixture_synthetic
eurostat,hicp_inflation,PL,2020-09,M,2020-09-01,2020-09-30,-0.97,% year on year,,30,2020-10-30,2026-01-15T08:00:00Z,SYNTHETIC/hicp_inflation,02e76947d762bba708a53f7c05d6db4b521640b7391f3b3bc8e1254983dc8643,fixture_synthetic
eurostat,hicp_inflation,PL,2020-10,M,2020-10-01,2020-10-31,4.86,% year on year,,30,2020-11-30,2026-01-15T08:00:00Z,SYNTHETIC/hicp_inflation,02e76947d762bba708a53f7c05d6db4b521640b7391f3b3bc8e1254983dc8643,fixture_synthetic
eurostat,hicp_inflation,PL,2020-11,M,2020-11-01,2020-11-30,6.72,% year on year,,30,2020-12-30,2026-01-15T08:00:00Z,SYNTHETIC/hicp_inflation,02e76947d762bba708a53f7c05d6db4b521640b7391f3b3bc8e1254983dc8643,fixture_synthetic
eurostat,hicp_inflation,PL,2020-12,M,2020-12-01,2020-12-31,2.79,% year on year,,30,2021-01-30,2026-01-15T08:00:00Z,SYNTHETIC/hicp_inflation,02e76947d762bba708a53f7c05d6db4b521640b7391f3b3bc8e1254983dc8643,fixture_synthetic
eurostat,hicp_inflation,PL,2021-01,M,2021-01-01,2021-01-31,2.01,% year on year,,30,2021-03-02,2026-01-15T08:00:00Z,SYNTHETIC/hicp_inflation,02e76947d762bba708a53f7c05d6db4b521640b7391f3b3bc8e1254983dc8643,fixture_synthetic
eurostat,hicp_inflation,PL,2021-02,M,2021-02-01,2021-02-28,8.19,% year on year,,30,2021-03-30,2026-01-15T08:00:00Z,SYNTHETIC/hicp_inflation,02e76947d762bba708a53f7c05d6db4b521640b7391f3b3bc8e1254983dc8643,fixture_synthetic
eurostat,hicp_inflation,PL,2021-03,M,2021-03-01,2021-03-31,8.14,% year on year,,30,2021-04-30,2026-01-15T08:00:00Z,SYNTHETIC/hicp_inflation,02e76947d762bba708a53f7c05d6db4b521640b7391f3b3bc8e1254983dc8643,fixture_synthetic
eurostat,hicp_inflation,PL,2021-04,M,2021-04-01,2021-04-30,4.9,% year on year,,30,2021-05-30,2026-01-15T08:00:00Z,SYNTHETIC/hicp_inflation,02e76947d762bba708a53f7c05d6db4b521640b7391f3b3bc8e1254983dc8643,fixture_synthetic
eurostat,hicp_inflation,PL,2021-05,M,2021-05-01,2021-05-31,7.94,% year on year,,30,2021-06-30,2026-01-15T08:00:00Z,SYNTHETIC/hicp_inflation,02e76947d762bba708a53f7c05d6db4b521640b7391f3b3bc8e1254983dc8643,fixture_synthetic
eurostat,hicp_inflation,PL,2021-06,M,2021-06-01,2021-06-30,11.01,% year on year,,30,2021-07-30,2026-01-15T08:00:00Z,SYNTHETIC/hicp_inflation,02e76947d762bba708a53f7c05d6db4b521640b7391f3b3bc8e1254983dc8643,fixture_synthetic
eurostat,hicp_inflation,PL,2021-07,M,2021-07-01,2021-07-31,9.24,% year on year,,30,2021-08-30,2026-01-15T08:00:00Z,SYNTHETIC/hicp_inflation,02e76947d762bba708a53f7c05d6db4b521640b7391f3b3bc8e1254983dc8643,fixture_synthetic
eurostat,hicp_inflation,PL,2021-08,M,2021-08-01,2021-08-31,7.13,% year on year,,30,2021-09-30,2026-01-15T08:00:00Z,SYNTHETIC/hicp_inflation,02e76947d762bba708a53f7c05d6db4b521640b7391f3b3bc8e1254983dc8643,fixture_synthetic
eurostat,hicp_inflation,PL,2021-09,M,2021-09-01,2021-09-30,7.6,% year on year,,30,2021-10-30,2026-01-15T08:00:00Z,SYNTHETIC/hicp_inflation,02e76947d762bba708a53f7c05d6db4b521640b7391f3b3bc8e1254983dc8643,fixture_synthetic
eurostat,hicp_inflation,PL,2021-10,M,2021-10-01,2021-10-31,11.14,% year on year,,30,2021-11-30,2026-01-15T08:00:00Z,SYNTHETIC/hicp_inflation,02e76947d762bba708a53f7c05d6db4b521640b7391f3b3bc8e1254983dc8643,fixture_synthetic
eurostat,hicp_inflation,PL,2021-11,M,2021-11-01,2021-11-30,4.53,% year on year,,30,2021-12-30,2026-01-15T08:00:00Z,SYNTHETIC/hicp_inflation,02e76947d762bba708a53f7c05d6db4b521640b7391f3b3bc8e1254983dc8643,fixture_synthetic
eurostat,hicp_inflation,PL,2021-12,M,2021-12-01,2021-12-31,6.08,% year on year,,30,2022-01-30,2026-01-15T08:00:00Z,SYNTHETIC/hicp_inflation,02e76947d762bba708a53f7c05d6db4b521640b7391f3b3bc8e1254983dc8643,fixture_synthetic
eurostat,hicp_inflation,PL,2022-01,M,2022-01-01,2022-01-31,7.42,% year on year,,30,2022-03-02,2026-01-15T08:00:00Z,SYNTHETIC/hicp_inflation,02e76947d762bba708a53f7c05d6db4b521640b7391f3b3bc8e1254983dc8643,fixture_synthetic
eurostat,hicp_inflation,PL,2022-02,M,2022-02-01,2022-02-28,10.81,% year on year,,30,2022-03-30,2026-01-15T08:00:00Z,SYNTHETIC/hicp_inflation,02e76947d762bba708a53f7c05d6db4b521640b7391f3b3bc8e1254983dc8643,fixture_synthetic
eurostat,hicp_inflation,PL,2022-03,M,2022-03-01,2022-03-31,9.75,% year on year,,30,2022-04-30,2026-01-15T08:00:00Z,SYNTHETIC/hicp_inflation,02e76947d762bba708a53f7c05d6db4b521640b7391f3b3bc8e1254983dc8643,fixture_synthetic
eurostat,hicp_inflation,PL,2022-04,M,2022-04-01,2022-04-30,-0.07,% year on year,,30,2022-05-30,2026-01-15T08:00:00Z,SYNTHETIC/hicp_inflation,02e76947d762bba708a53f7c05d6db4b521640b7391f3b3bc8e1254983dc8643,fixture_synthetic
eurostat,hicp_inflation,PL,2022-05,M,2022-05-01,2022-05-31,1.16,% year on year,,30,2022-06-30,2026-01-15T08:00:00Z,SYNTHETIC/hicp_inflation,02e76947d762bba708a53f7c05d6db4b521640b7391f3b3bc8e1254983dc8643,fixture_synthetic
eurostat,hicp_inflation,PL,2022-06,M,2022-06-01,2022-06-30,3.0,% year on year,,30,2022-07-30,2026-01-15T08:00:00Z,SYNTHETIC/hicp_inflation,02e76947d762bba708a53f7c05d6db4b521640b7391f3b3bc8e1254983dc8643,fixture_synthetic
eurostat,hicp_inflation,PL,2022-07,M,2022-07-01,2022-07-31,8.74,% year on year,,30,2022-08-30,2026-01-15T08:00:00Z,SYNTHETIC/hicp_inflation,02e76947d762bba708a53f7c05d6db4b521640b7391f3b3bc8e1254983dc8643,fixture_synthetic
eurostat,hicp_inflation,PL,2022-08,M,2022-08-01,2022-08-31,6.4,% year on year,,30,2022-09-30,2026-01-15T08:00:00Z,SYNTHETIC/hicp_inflation,02e76947d762bba708a53f7c05d6db4b521640b7391f3b3bc8e1254983dc8643,fixture_synthetic
eurostat,hicp_inflation,PL,2022-09,M,2022-09-01,2022-09-30,2.75,% year on year,,30,2022-10-30,2026-01-15T08:00:00Z,SYNTHETIC/hicp_inflation,02e76947d762bba708a53f7c05d6db4b521640b7391f3b3bc8e1254983dc8643,fixture_synthetic
eurostat,hicp_inflation,PL,2022-10,M,2022-10-01,2022-10-31,0.62,% year on year,,30,2022-11-30,2026-01-15T08:00:00Z,SYNTHETIC/hicp_inflation,02e76947d762bba708a53f7c05d6db4b521640b7391f3b3bc8e1254983dc8643,fixture_synthetic
eurostat,hicp_inflation,PL,2022-11,M,2022-11-01,2022-11-30,7.95,% year on year,,30,2022-12-30,2026-01-15T08:00:00Z,SYNTHETIC/hicp_inflation,02e76947d762bba708a53f7c05d6db4b521640b7391f3b3bc8e1254983dc8643,fixture_synthetic
eurostat,hicp_inflation,PL,2022-12,M,2022-12-01,2022-12-31,8.1,% year on year,,30,2023-01-30,2026-01-15T08:00:00Z,SYNTHETIC/hicp_inflation,02e76947d762bba708a53f7c05d6db4b521640b7391f3b3bc8e1254983dc8643,fixture_synthetic
eurostat,hicp_inflation,PL,2023-01,M,2023-01-01,2023-01-31,11.25,% year on year,,30,2023-03-02,2026-01-15T08:00:00Z,SYNTHETIC/hicp_inflation,02e76947d762bba708a53f7c05d6db4b521640b7391f3b3bc8e1254983dc8643,fixture_synthetic
eurostat,hicp_inflation,PL,2023-02,M,2023-02-01,2023-02-28,5.51,% year on year,,30,2023-03-30,2026-01-15T08:00:00Z,SYNTHETIC/hicp_inflation,02e76947d762bba708a53f7c05d6db4b521640b7391f3b3bc8e1254983dc8643,fixture_synthetic
eurostat,hicp_inflation,PL,2023-03,M,2023-03-01,2023-03-31,5.42,% year on year,,30,2023-04-30,2026-01-15T08:00:00Z,SYNTHETIC/hicp_inflation,02e76947d762bba708a53f7c05d6db4b521640b7391f3b3bc8e1254983dc8643,fixture_synthetic
eurostat,hicp_inflation,PL,2023-04,M,2023-04-01,2023-04-30,0.05,% year on year,,30,2023-05-30,2026-01-15T08:00:00Z,SYNTHETIC/hicp_inflation,02e76947d762bba708a53f7c05d6db4b521640b7391f3b3bc8e1254983dc8643,fixture_synthetic
eurostat,hicp_inflation,PL,2023-05,M,2023-05-01,2023-05-31,-0.48,% year on year,,30,2023-06-30,2026-01-15T08:00:00Z,SYNTHETIC/hicp_inflation,02e76947d762bba708a53f7c05d6db4b521640b7391f3b3bc8e1254983dc8643,fixture_synthetic
eurostat,hicp_inflation,PL,2023-06,M,2023-06-01,2023-06-30,4.62,% year on year,,30,2023-07-30,2026-01-15T08:00:00Z,SYNTHETIC/hicp_inflation,02e76947d762bba708a53f7c05d6db4b521640b7391f3b3bc8e1254983dc8643,fixture_synthetic
eurostat,hicp_inflation,PL,2023-07,M,2023-07-01,2023-07-31,3.19,% year on year,,30,2023-08-30,2026-01-15T08:00:00Z,SYNTHETIC/hicp_inflation,02e76947d762bba708a53f7c05d6db4b521640b7391f3b3bc8e1254983dc8643,fixture_synthetic
eurostat,hicp_inflation,PL,2023-08,M,2023-08-01,2023-08-31,2.25,% year on year,,30,2023-09-30,2026-01-15T08:00:00Z,SYNTHETIC/hicp_inflation,02e76947d762bba708a53f7c05d6db4b521640b7391f3b3bc8e1254983dc8643,fixture_synthetic
eurostat,hicp_inflation,PL,2023-09,M,2023-09-01,2023-09-30,0.19,% year on year,,30,2023-10-30,2026-01-15T08:00:00Z,SYNTHETIC/hicp_inflation,02e76947d762bba708a53f7c05d6db4b521640b7391f3b3bc8e1254983dc8643,fixture_synthetic
eurostat,hicp_inflation,PL,2023-10,M,2023-10-01,2023-10-31,11.5,% year on year,,30,2023-11-30,2026-01-15T08:00:00Z,SYNTHETIC/hicp_inflation,02e76947d762bba708a53f7c05d6db4b521640b7391f3b3bc8e1254983dc8643,fixture_synthetic
eurostat,hicp_inflation,PL,2023-11,M,2023-11-01,2023-11-30,9.87,% year on year,,30,2023-12-30,2026-01-15T08:00:00Z,SYNTHETIC/hicp_inflation,02e76947d762bba708a53f7c05d6db4b521640b7391f3b3bc8e1254983dc8643,fixture_synthetic
eurostat,hicp_inflation,PL,2023-12,M,2023-12-01,2023-12-31,6.48,% year on year,,30,2024-01-30,2026-01-15T08:00:00Z,SYNTHETIC/hicp_inflation,02e76947d762bba708a53f7c05d6db4b521640b7391f3b3bc8e1254983dc8643,fixture_synthetic
eurostat,hicp_inflation,PL,2024-01,M,2024-01-01,2024-01-31,11.36,% year on year,,30,2024-03-01,2026-01-15T08:00:00Z,SYNTHETIC/hicp_inflation,02e76947d762bba708a53f7c05d6db4b521640b7391f3b3bc8e1254983dc8643,fixture_synthetic
eurostat,hicp_inflation,PL,2024-02,M,2024-02-01,2024-02-29,11.99,% year on year,,30,2024-03-30,2026-01-15T08:00:00Z,SYNTHETIC/hicp_inflation,02e76947d762bba708a53f7c05d6db4b521640b7391f3b3bc8e1254983dc8643,fixture_synthetic
eurostat,hicp_inflation,PL,2024-03,M,2024-03-01,2024-03-31,7.74,% year on year,,30,2024-04-30,2026-01-15T08:00:00Z,SYNTHETIC/hicp_inflation,02e76947d762bba708a53f7c05d6db4b521640b7391f3b3bc8e1254983dc8643,fixture_synthetic
eurostat,hicp_inflation,PL,2024-04,M,2024-04-01,2024-04-30,2.5,% year on year,,30,2024-05-30,2026-01-15T08:00:00Z,SYNTHETIC/hicp_inflation,02e76947d762bba708a53f7c05d6db4b521640b7391f3b3bc8e1254983dc8643,fixture_synthetic
eurostat,hicp_inflation,PL,2024-05,M,2024-05-01,2024-05-31,-0.48,% year on year,,30,2024-06-30,2026-01-15T08:00:00Z,SYNTHETIC/hicp_inflation,02e76947d762bba708a53f7c05d6db4b521640b7391f3b3bc8e1254983dc8643,fixture_synthetic
eurostat,hicp_inflation,PL,2024-06,M,2024-06-01,2024-06-30,8.83,% year on year,,30,2024-07-30,2026-01-15T08:00:00Z,SYNTHETIC/hicp_inflation,02e76947d762bba708a53f7c05d6db4b521640b7391f3b3bc8e1254983dc8643,fixture_synthetic
eurostat,hicp_inflation,PL,2024-07,M,2024-07-01,2024-07-31,5.12,% year on year,,30,2024-08-30,2026-01-15T08:00:00Z,SYNTHETIC/hicp_inflation,02e76947d762bba708a53f7c05d6db4b521640b7391f3b3bc8e1254983dc8643,fixture_synthetic
eurostat,hicp_inflation,PL,2024-08,M,2024-08-01,2024-08-31,7.47,% year on year,,30,2024-09-30,2026-01-15T08:00:00Z,SYNTHETIC/hicp_inflation,02e76947d762bba708a53f7c05d6db4b521640b7391f3b3bc8e1254983dc8643,fixture_synthetic
eurostat,hicp_inflation,PL,2024-09,M,2024-09-01,2024-09-30,10.91,% year on year,,30,2024-10-30,2026-01-15T08:00:00Z,SYNTHETIC/hicp_inflation,02e76947d762bba708a53f7c05d6db4b521640b7391f3b3bc8e1254983dc8643,fixture_synthetic
eurostat,hicp_inflation,PL,2024-10,M,2024-10-01,2024-10-31,1.36,% year on year,,30,2024-11-30,2026-01-15T08:00:00Z,SYNTHETIC/hicp_inflation,02e76947d762bba708a53f7c05d6db4b521640b7391f3b3bc8e1254983dc8643,fixture_synthetic
eurostat,hicp_inflation,PL,2024-11,M,2024-11-01,2024-11-30,6.61,% year on year,,30,2024-12-30,2026-01-15T08:00:00Z,SYNTHETIC/hicp_inflation,02e76947d762bba708a53f7c05d6db4b521640b7391f3b3bc8e1254983dc8643,fixture_synthetic
eurostat,hicp_inflation,PL,2024-12,M,2024-12-01,2024-12-31,7.25,% year on year,,30,2025-01-30,2026-01-15T08:00:00Z,SYNTHETIC/hicp_inflation,02e76947d762bba708a53f7c05d6db4b521640b7391f3b3bc8e1254983dc8643,fixture_synthetic
eurostat,hicp_inflation,PL,2025-01,M,2025-01-01,2025-01-31,5.39,% year on year,,30,2025-03-02,2026-01-15T08:00:00Z,SYNTHETIC/hicp_inflation,02e76947d762bba708a53f7c05d6db4b521640b7391f3b3bc8e1254983dc8643,fixture_synthetic
eurostat,hicp_inflation,PL,2025-02,M,2025-02-01,2025-02-28,0.19,% year on year,,30,2025-03-30,2026-01-15T08:00:00Z,SYNTHETIC/hicp_inflation,02e76947d762bba708a53f7c05d6db4b521640b7391f3b3bc8e1254983dc8643,fixture_synthetic
eurostat,hicp_inflation,PL,2025-03,M,2025-03-01,2025-03-31,3.52,% year on year,,30,2025-04-30,2026-01-15T08:00:00Z,SYNTHETIC/hicp_inflation,02e76947d762bba708a53f7c05d6db4b521640b7391f3b3bc8e1254983dc8643,fixture_synthetic
eurostat,hicp_inflation,PL,2025-04,M,2025-04-01,2025-04-30,3.33,% year on year,,30,2025-05-30,2026-01-15T08:00:00Z,SYNTHETIC/hicp_inflation,02e76947d762bba708a53f7c05d6db4b521640b7391f3b3bc8e1254983dc8643,fixture_synthetic
eurostat,hicp_inflation,PL,2025-05,M,2025-05-01,2025-05-31,7.71,% year on year,,30,2025-06-30,2026-01-15T08:00:00Z,SYNTHETIC/hicp_inflation,02e76947d762bba708a53f7c05d6db4b521640b7391f3b3bc8e1254983dc8643,fixture_synthetic
eurostat,hicp_inflation,PL,2025-06,M,2025-06-01,2025-06-30,10.15,% year on year,,30,2025-07-30,2026-01-15T08:00:00Z,SYNTHETIC/hicp_inflation,02e76947d762bba708a53f7c05d6db4b521640b7391f3b3bc8e1254983dc8643,fixture_synthetic
eurostat,hicp_inflation,PL,2025-07,M,2025-07-01,2025-07-31,3.29,% year on year,,30,2025-08-30,2026-01-15T08:00:00Z,SYNTHETIC/hicp_inflation,02e76947d762bba708a53f7c05d6db4b521640b7391f3b3bc8e1254983dc8643,fixture_synthetic
eurostat,hicp_inflation,PL,2025-08,M,2025-08-01,2025-08-31,8.02,% year on year,,30,2025-09-30,2026-01-15T08:00:00Z,SYNTHETIC/hicp_inflation,02e76947d762bba708a53f7c05d6db4b521640b7391f3b3bc8e1254983dc8643,fixture_synthetic
eurostat,hicp_inflation,PL,2025-09,M,2025-09-01,2025-09-30,2.75,% year on year,,30,2025-10-30,2026-01-15T08:00:00Z,SYNTHETIC/hicp_inflation,02e76947d762bba708a53f7c05d6db4b521640b7391f3b3bc8e1254983dc8643,fixture_synthetic
eurostat,hicp_inflation,PL,2025-10,M,2025-10-01,2025-10-31,11.29,% year on year,,30,2025-11-30,2026-01-15T08:00:00Z,SYNTHETIC/hicp_inflation,02e76947d762bba708a53f7c05d6db4b521640b7391f3b3bc8e1254983dc8643,fixture_synthetic
eurostat,hicp_inflation,PL,2025-11,M,2025-11-01,2025-11-30,9.58,% year on year,,30,2025-12-30,2026-01-15T08:00:00Z,SYNTHETIC/hicp_inflation,02e76947d762bba708a53f7c05d6db4b521640b7391f3b3bc8e1254983dc8643,fixture_synthetic
eurostat,hicp_inflation,RO,2019-01,M,2019-01-01,2019-01-31,10.07,% year on year,,30,2019-03-02,2026-01-15T08:00:00Z,SYNTHETIC/hicp_inflation,02e76947d762bba708a53f7c05d6db4b521640b7391f3b3bc8e1254983dc8643,fixture_synthetic
eurostat,hicp_inflation,RO,2019-02,M,2019-02-01,2019-02-28,9.8,% year on year,,30,2019-03-30,2026-01-15T08:00:00Z,SYNTHETIC/hicp_inflation,02e76947d762bba708a53f7c05d6db4b521640b7391f3b3bc8e1254983dc8643,fixture_synthetic
eurostat,hicp_inflation,RO,2019-03,M,2019-03-01,2019-03-31,0.13,% year on year,,30,2019-04-30,2026-01-15T08:00:00Z,SYNTHETIC/hicp_inflation,02e76947d762bba708a53f7c05d6db4b521640b7391f3b3bc8e1254983dc8643,fixture_synthetic
eurostat,hicp_inflation,RO,2019-04,M,2019-04-01,2019-04-30,10.46,% year on year,,30,2019-05-30,2026-01-15T08:00:00Z,SYNTHETIC/hicp_inflation,02e76947d762bba708a53f7c05d6db4b521640b7391f3b3bc8e1254983dc8643,fixture_synthetic
eurostat,hicp_inflation,RO,2019-05,M,2019-05-01,2019-05-31,2.17,% year on year,,30,2019-06-30,2026-01-15T08:00:00Z,SYNTHETIC/hicp_inflation,02e76947d762bba708a53f7c05d6db4b521640b7391f3b3bc8e1254983dc8643,fixture_synthetic
eurostat,hicp_inflation,RO,2019-06,M,2019-06-01,2019-06-30,5.04,% year on year,,30,2019-07-30,2026-01-15T08:00:00Z,SYNTHETIC/hicp_inflation,02e76947d762bba708a53f7c05d6db4b521640b7391f3b3bc8e1254983dc8643,fixture_synthetic
eurostat,hicp_inflation,RO,2019-07,M,2019-07-01,2019-07-31,6.93,% year on year,,30,2019-08-30,2026-01-15T08:00:00Z,SYNTHETIC/hicp_inflation,02e76947d762bba708a53f7c05d6db4b521640b7391f3b3bc8e1254983dc8643,fixture_synthetic
eurostat,hicp_inflation,RO,2019-08,M,2019-08-01,2019-08-31,3.93,% year on year,,30,2019-09-30,2026-01-15T08:00:00Z,SYNTHETIC/hicp_inflation,02e76947d762bba708a53f7c05d6db4b521640b7391f3b3bc8e1254983dc8643,fixture_synthetic
eurostat,hicp_inflation,RO,2019-09,M,2019-09-01,2019-09-30,-0.63,% year on year,,30,2019-10-30,2026-01-15T08:00:00Z,SYNTHETIC/hicp_inflation,02e76947d762bba708a53f7c05d6db4b521640b7391f3b3bc8e1254983dc8643,fixture_synthetic
eurostat,hicp_inflation,RO,2019-10,M,2019-10-01,2019-10-31,10.06,% year on year,,30,2019-11-30,2026-01-15T08:00:00Z,SYNTHETIC/hicp_inflation,02e76947d762bba708a53f7c05d6db4b521640b7391f3b3bc8e1254983dc8643,fixture_synthetic
eurostat,hicp_inflation,RO,2019-11,M,2019-11-01,2019-11-30,1.36,% year on year,,30,2019-12-30,2026-01-15T08:00:00Z,SYNTHETIC/hicp_inflation,02e76947d762bba708a53f7c05d6db4b521640b7391f3b3bc8e1254983dc8643,fixture_synthetic
eurostat,hicp_inflation,RO,2019-12,M,2019-12-01,2019-12-31,1.76,% year on year,,30,2020-01-30,2026-01-15T08:00:00Z,SYNTHETIC/hicp_inflation,02e76947d762bba708a53f7c05d6db4b521640b7391f3b3bc8e1254983dc8643,fixture_synthetic
eurostat,hicp_inflation,RO,2020-01,M,2020-01-01,2020-01-31,9.37,% year on year,,30,2020-03-01,2026-01-15T08:00:00Z,SYNTHETIC/hicp_inflation,02e76947d762bba708a53f7c05d6db4b521640b7391f3b3bc8e1254983dc8643,fixture_synthetic
eurostat,hicp_inflation,RO,2020-02,M,2020-02-01,2020-02-29,3.42,% year on year,,30,2020-03-30,2026-01-15T08:00:00Z,SYNTHETIC/hicp_inflation,02e76947d762bba708a53f7c05d6db4b521640b7391f3b3bc8e1254983dc8643,fixture_synthetic
eurostat,hicp_inflation,RO,2020-03,M,2020-03-01,2020-03-31,10.44,% year on year,,30,2020-04-30,2026-01-15T08:00:00Z,SYNTHETIC/hicp_inflation,02e76947d762bba708a53f7c05d6db4b521640b7391f3b3bc8e1254983dc8643,fixture_synthetic
eurostat,hicp_inflation,RO,2020-04,M,2020-04-01,2020-04-30,8.12,% year on year,,30,2020-05-30,2026-01-15T08:00:00Z,SYNTHETIC/hicp_inflation,02e76947d762bba708a53f7c05d6db4b521640b7391f3b3bc8e1254983dc8643,fixture_synthetic
eurostat,hicp_inflation,RO,2020-05,M,2020-05-01,2020-05-31,2.59,% year on year,,30,2020-06-30,2026-01-15T08:00:00Z,SYNTHETIC/hicp_inflation,02e76947d762bba708a53f7c05d6db4b521640b7391f3b3bc8e1254983dc8643,fixture_synthetic
eurostat,hicp_inflation,RO,2020-06,M,2020-06-01,2020-06-30,-0.87,% year on year,p,30,2020-07-30,2026-01-15T08:00:00Z,SYNTHETIC/hicp_inflation,02e76947d762bba708a53f7c05d6db4b521640b7391f3b3bc8e1254983dc8643,fixture_synthetic
eurostat,hicp_inflation,RO,2020-07,M,2020-07-01,2020-07-31,11.32,% year on year,,30,2020-08-30,2026-01-15T08:00:00Z,SYNTHETIC/hicp_inflation,02e76947d762bba708a53f7c05d6db4b521640b7391f3b3bc8e1254983dc8643,fixture_synthetic
eurostat,hicp_inflation,RO,2020-08,M,2020-08-01,2020-08-31,0.11,% year on year,,30,2020-09-30,2026-01-15T08:00:00Z,SYNTHETIC/hicp_inflation,02e76947d762bba708a53f7c05d6db4b521640b7391f3b3bc8e1254983dc8643,fixture_synthetic
eurostat,hicp_inflation,RO,2020-09,M,2020-09-01,2020-09-30,8.36,% year on year,,30,2020-10-30,2026-01-15T08:00:00Z,SYNTHETIC/hicp_inflation,02e76947d762bba708a53f7c05d6db4b521640b7391f3b3bc8e1254983dc8643,fixture_synthetic
eurostat,hicp_inflation,RO,2020-10,M,2020-10-01,2020-10-31,5.35,% year on year,,30,2020-11-30,2026-01-15T08:00:00Z,SYNTHETIC/hicp_inflation,02e76947d762bba708a53f7c05d6db4b521640b7391f3b3bc8e1254983dc8643,fixture_synthetic
eurostat,hicp_inflation,RO,2020-11,M,2020-11-01,2020-11-30,8.86,% year on year,,30,2020-12-30,2026-01-15T08:00:00Z,SYNTHETIC/hicp_inflation,02e76947d762bba708a53f7c05d6db4b521640b7391f3b3bc8e1254983dc8643,fixture_synthetic
eurostat,hicp_inflation,RO,2020-12,M,2020-12-01,2020-12-31,7.98,% year on year,,30,2021-01-30,2026-01-15T08:00:00Z,SYNTHETIC/hicp_inflation,02e76947d762bba708a53f7c05d6db4b521640b7391f3b3bc8e1254983dc8643,fixture_synthetic
eurostat,hicp_inflation,RO,2021-01,M,2021-01-01,2021-01-31,7.4,% year on year,,30,2021-03-02,2026-01-15T08:00:00Z,SYNTHETIC/hicp_inflation,02e76947d762bba708a53f7c05d6db4b521640b7391f3b3bc8e1254983dc8643,fixture_synthetic
eurostat,hicp_inflation,RO,2021-02,M,2021-02-01,2021-02-28,5.38,% year on year,,30,2021-03-30,2026-01-15T08:00:00Z,SYNTHETIC/hicp_inflation,02e76947d762bba708a53f7c05d6db4b521640b7391f3b3bc8e1254983dc8643,fixture_synthetic
eurostat,hicp_inflation,RO,2021-03,M,2021-03-01,2021-03-31,9.31,% year on year,,30,2021-04-30,2026-01-15T08:00:00Z,SYNTHETIC/hicp_inflation,02e76947d762bba708a53f7c05d6db4b521640b7391f3b3bc8e1254983dc8643,fixture_synthetic
eurostat,hicp_inflation,RO,2021-04,M,2021-04-01,2021-04-30,0.21,% year on year,,30,2021-05-30,2026-01-15T08:00:00Z,SYNTHETIC/hicp_inflation,02e76947d762bba708a53f7c05d6db4b521640b7391f3b3bc8e1254983dc8643,fixture_synthetic
eurostat,hicp_inflation,RO,2021-05,M,2021-05-01,2021-05-31,1.88,% year on year,,30,2021-06-30,2026-01-15T08:00:00Z,SYNTHETIC/hicp_inflation,02e76947d762bba708a53f7c05d6db4b521640b7391f3b3bc8e1254983dc8643,fixture_synthetic
eurostat,hicp_inflation,RO,2021-06,M,2021-06-01,2021-06-30,7.99,% year on year,,30,2021-07-30,2026-01-15T08:00:00Z,SYNTHETIC/hicp_inflation,02e76947d762bba708a53f7c05d6db4b521640b7391f3b3bc8e1254983dc8643,fixture_synthetic
eurostat,hicp_inflation,RO,2021-07,M,2021-07-01,2021-07-31,2.98,% year on year,,30,2021-08-30,2026-01-15T08:00:00Z,SYNTHETIC/hicp_inflation,02e76947d762bba708a53f7c05d6db4b521640b7391f3b3bc8e1254983dc8643,fixture_synthetic
eurostat,hicp_inflation,RO,2021-08,M,2021-08-01,2021-08-31,6.56,% year on year,,30,2021-09-30,2026-01-15T08:00:00Z,SYNTHETIC/hicp_inflation,02e76947d762bba708a53f7c05d6db4b521640b7391f3b3bc8e1254983dc8643,fixture_synthetic
eurostat,hicp_inflation,RO,2021-09,M,2021-09-01,2021-09-30,5.15,% year on year,,30,2021-10-30,2026-01-15T08:00:00Z,SYNTHETIC/hicp_inflation,02e76947d762bba708a53f7c05d6db4b521640b7391f3b3bc8e1254983dc8643,fixture_synthetic
eurostat,hicp_inflation,RO,2021-10,M,2021-10-01,2021-10-31,5.9,% year on year,,30,2021-11-30,2026-01-15T08:00:00Z,SYNTHETIC/hicp_inflation,02e76947d762bba708a53f7c05d6db4b521640b7391f3b3bc8e1254983dc8643,fixture_synthetic
eurostat,hicp_inflation,RO,2021-11,M,2021-11-01,2021-11-30,4.53,% year on year,,30,2021-12-30,2026-01-15T08:00:00Z,SYNTHETIC/hicp_inflation,02e76947d762bba708a53f7c05d6db4b521640b7391f3b3bc8e1254983dc8643,fixture_synthetic
eurostat,hicp_inflation,RO,2021-12,M,2021-12-01,2021-12-31,8.7,% year on year,,30,2022-01-30,2026-01-15T08:00:00Z,SYNTHETIC/hicp_inflation,02e76947d762bba708a53f7c05d6db4b521640b7391f3b3bc8e1254983dc8643,fixture_synthetic
eurostat,hicp_inflation,RO,2022-01,M,2022-01-01,2022-01-31,3.3,% year on year,,30,2022-03-02,2026-01-15T08:00:00Z,SYNTHETIC/hicp_inflation,02e76947d762bba708a53f7c05d6db4b521640b7391f3b3bc8e1254983dc8643,fixture_synthetic
eurostat,hicp_inflation,RO,2022-02,M,2022-02-01,2022-02-28,8.14,% year on year,,30,2022-03-30,2026-01-15T08:00:00Z,SYNTHETIC/hicp_inflation,02e76947d762bba708a53f7c05d6db4b521640b7391f3b3bc8e1254983dc8643,fixture_synthetic
eurostat,hicp_inflation,RO,2022-03,M,2022-03-01,2022-03-31,2.52,% year on year,,30,2022-04-30,2026-01-15T08:00:00Z,SYNTHETIC/hicp_inflation,02e76947d762bba708a53f7c05d6db4b521640b7391f3b3bc8e1254983dc8643,fixture_synthetic
eurostat,hicp_inflation,RO,2022-04,M,2022-04-01,2022-04-30,2.27,% year on year,,30,2022-05-30,2026-01-15T08:00:00Z,SYNTHETIC/hicp_inflation,02e76947d762bba708a53f7c05d6db4b521640b7391f3b3bc8e1254983dc8643,fixture_synthetic
eurostat,hicp_inflation,RO,2022-05,M,2022-05-01,2022-05-31,0.57,% year on year,,30,2022-06-30,2026-01-15T08:00:00Z,SYNTHETIC/hicp_inflation,02e76947d762bba708a53f7c05d6db4b521640b7391f3b3bc8e1254983dc8643,fixture_synthetic
eurostat,hicp_inflation,RO,2022-06,M,2022-06-01,2022-06-30,1.5,% year on year,,30,2022-07-30,2026-01-15T08:00:00Z,SYNTHETIC/hicp_inflation,02e76947d762bba708a53f7c05d6db4b521640b7391f3b3bc8e1254983dc8643,fixture_synthetic
eurostat,hicp_inflation,RO,2022-07,M,2022-07-01,2022-07-31,0.55,% year on year,,30,2022-08-30,2026-01-15T08:00:00Z,SYNTHETIC/hicp_inflation,02e76947d762bba708a53f7c05d6db4b521640b7391f3b3bc8e1254983dc8643,fixture_synthetic
eurostat,hicp_inflation,RO,2022-08,M,2022-08-01,2022-08-31,5.97,% year on year,,30,2022-09-30,2026-01-15T08:00:00Z,SYNTHETIC/hicp_inflation,02e76947d762bba708a53f7c05d6db4b521640b7391f3b3bc8e1254983dc8643,fixture_synthetic
eurostat,hicp_inflation,RO,2022-09,M,2022-09-01,2022-09-30,8.91,% year on year,,30,2022-10-30,2026-01-15T08:00:00Z,SYNTHETIC/hicp_inflation,02e76947d762bba708a53f7c05d6db4b521640b7391f3b3bc8e1254983dc8643,fixture_synthetic
eurostat,hicp_inflation,RO,2022-10,M,2022-10-01,2022-10-31,1.41,% year on year,,30,2022-11-30,2026-01-15T08:00:00Z,SYNTHETIC/hicp_inflation,02e76947d762bba708a53f7c05d6db4b521640b7391f3b3bc8e1254983dc8643,fixture_synthetic
eurostat,hicp_inflation,RO,2022-11,M,2022-11-01,2022-11-30,1.81,% year on year,,30,2022-12-30,2026-01-15T08:00:00Z,SYNTHETIC/hicp_inflation,02e76947d762bba708a53f7c05d6db4b521640b7391f3b3bc8e1254983dc8643,fixture_synthetic
eurostat,hicp_inflation,RO,2022-12,M,2022-12-01,2022-12-31,5.29,% year on year,,30,2023-01-30,2026-01-15T08:00:00Z,SYNTHETIC/hicp_inflation,02e76947d762bba708a53f7c05d6db4b521640b7391f3b3bc8e1254983dc8643,fixture_synthetic
eurostat,hicp_inflation,RO,2023-01,M,2023-01-01,2023-01-31,8.42,% year on year,,30,2023-03-02,2026-01-15T08:00:00Z,SYNTHETIC/hicp_inflation,02e76947d762bba708a53f7c05d6db4b521640b7391f3b3bc8e1254983dc8643,fixture_synthetic
eurostat,hicp_inflation,RO,2023-02,M,2023-02-01,2023-02-28,11.7,% year on year,,30,2023-03-30,2026-01-15T08:00:00Z,SYNTHETIC/hicp_inflation,02e76947d762bba708a53f7c05d6db4b521640b7391f3b3bc8e1254983dc8643,fixture_synthetic
eurostat,hicp_inflation,RO,2023-03,M,2023-03-01,2023-03-31,5.82,% year on year,,30,2023-04-30,2026-01-15T08:00:00Z,SYNTHETIC/hicp_inflation,02e76947d762bba708a53f7c05d6db4b521640b7391f3b3bc8e1254983dc8643,fixture_synthetic
eurostat,hicp_inflation,RO,2023-04,M,2023-04-01,2023-04-30,2.68,% year on year,,30,2023-05-30,2026-01-15T08:00:00Z,SYNTHETIC/hicp_inflation,02e76947d762bba708a53f7c05d6db4b521640b7391f3b3bc8e1254983dc8643,fixture_synthetic
eurostat,hicp_inflation,RO,2023-05,M,2023-05-01,2023-05-31,0.31,% year on year,,30,2023-06-30,2026-01-15T08:00:00Z,SYNTHETIC/hicp_inflation,02e76947d762bba708a53f7c05d6db4b521640b7391f3b3bc8e1254983dc8643,fixture_synthetic
eurostat,hicp_inflation,RO,2023-06,M,2023-06-01,2023-06-30,1.52,% year on year,,30,2023-07-30,2026-01-15T08:00:00Z,SYNTHETIC/hicp_inflation,02e76947d762bba708a53f7c05d6db4b521640b7391f3b3bc8e1254983dc8643,fixture_synthetic
eurostat,hicp_inflation,RO,2023-07,M,2023-07-01,2023-07-31,1.96,% year on year,,30,2023-08-30,2026-01-15T08:00:00Z,SYNTHETIC/hicp_inflation,02e76947d762bba708a53f7c05d6db4b521640b7391f3b3bc8e1254983dc8643,fixture_synthetic
eurostat,hicp_inflation,RO,2023-08,M,2023-08-01,2023-08-31,1.33,% year on year,,30,2023-09-30,2026-01-15T08:00:00Z,SYNTHETIC/hicp_inflation,02e76947d762bba708a53f7c05d6db4b521640b7391f3b3bc8e1254983dc8643,fixture_synthetic
eurostat,hicp_inflation,RO,2023-09,M,2023-09-01,2023-09-30,-0.82,% year on year,,30,2023-10-30,2026-01-15T08:00:00Z,SYNTHETIC/hicp_inflation,02e76947d762bba708a53f7c05d6db4b521640b7391f3b3bc8e1254983dc8643,fixture_synthetic
eurostat,hicp_inflation,RO,2023-10,M,2023-10-01,2023-10-31,5.94,% year on year,,30,2023-11-30,2026-01-15T08:00:00Z,SYNTHETIC/hicp_inflation,02e76947d762bba708a53f7c05d6db4b521640b7391f3b3bc8e1254983dc8643,fixture_synthetic
eurostat,hicp_inflation,RO,2023-11,M,2023-11-01,2023-11-30,2.57,% year on year,,30,2023-12-30,2026-01-15T08:00:00Z,SYNTHETIC/hicp_inflation,02e76947d762bba708a53f7c05d6db4b521640b7391f3b3bc8e1254983dc8643,fixture_synthetic
eurostat,hicp_inflation,RO,2023-12,M,2023-12-01,2023-12-31,11.67,% year on year,,30,2024-01-30,2026-01-15T08:00:00Z,SYNTHETIC/hicp_inflation,02e76947d762bba708a53f7c05d6db4b521640b7391f3b3bc8e1254983dc8643,fixture_synthetic
eurostat,hicp_inflation,RO,2024-01,M,2024-01-01,2024-01-31,6.19,% year on year,,30,2024-03-01,2026-01-15T08:00:00Z,SYNTHETIC/hicp_inflation,02e76947d762bba708a53f7c05d6db4b521640b7391f3b3bc8e1254983dc8643,fixture_synthetic
eurostat,hicp_inflation,RO,2024-02,M,2024-02-01,2024-02-29,8.07,% year on year,,30,2024-03-30,2026-01-15T08:00:00Z,SYNTHETIC/hicp_inflation,02e76947d762bba708a53f7c05d6db4b521640b7391f3b3bc8e1254983dc8643,fixture_synthetic
eurostat,hicp_inflation,RO,2024-03,M,2024-03-01,2024-03-31,0.64,% year on year,,30,2024-04-30,2026-01-15T08:00:00Z,SYNTHETIC/hicp_inflation,02e76947d762bba708a53f7c05d6db4b521640b7391f3b3bc8e1254983dc8643,fixture_synthetic
eurostat,hicp_inflation,RO,2024-04,M,2024-04-01,2024-04-30,10.29,% year on year,,30,2024-05-30,2026-01-15T08:00:00Z,SYNTHETIC/hicp_inflation,02e76947d762bba708a53f7c05d6db4b521640b7391f3b3bc8e1254983dc8643,fixture_synthetic
eurostat,hicp_inflation,RO,2024-05,M,2024-05-01,2024-05-31,5.38,% year on year,,30,2024-06-30,2026-01-15T08:00:00Z,SYNTHETIC/hicp_inflation,02e76947d762bba708a53f7c05d6db4b521640b7391f3b3bc8e1254983dc8643,fixture_synthetic
eurostat,hicp_inflation,RO,2024-06,M,2024-06-01,2024-06-30,10.35,% year on year,,30,2024-07-30,2026-01-15T08:00:00Z,SYNTHETIC/hicp_inflation,02e76947d762bba708a53f7c05d6db4b521640b7391f3b3bc8e1254983dc8643,fixture_synthetic
eurostat,hicp_inflation,RO,2024-07,M,2024-07-01,2024-07-31,6.46,% year on year,,30,2024-08-30,2026-01-15T08:00:00Z,SYNTHETIC/hicp_inflation,02e76947d762bba708a53f7c05d6db4b521640b7391f3b3bc8e1254983dc8643,fixture_synthetic
eurostat,hicp_inflation,RO,2024-08,M,2024-08-01,2024-08-31,5.1,% year on year,,30,2024-09-30,2026-01-15T08:00:00Z,SYNTHETIC/hicp_inflation,02e76947d762bba708a53f7c05d6db4b521640b7391f3b3bc8e1254983dc8643,fixture_synthetic
eurostat,hicp_inflation,RO,2024-09,M,2024-09-01,2024-09-30,4.73,% year on year,,30,2024-10-30,2026-01-15T08:00:00Z,SYNTHETIC/hicp_inflation,02e76947d762bba708a53f7c05d6db4b521640b7391f3b3bc8e1254983dc8643,fixture_synthetic
eurostat,hicp_inflation,RO,2024-10,M,2024-10-01,2024-10-31,1.4,% year on year,,30,2024-11-30,2026-01-15T08:00:00Z,SYNTHETIC/hicp_inflation,02e76947d762bba708a53f7c05d6db4b521640b7391f3b3bc8e1254983dc8643,fixture_synthetic
eurostat,hicp_inflation,RO,2024-11,M,2024-11-01,2024-11-30,-0.33,% year on year,,30,2024-12-30,2026-01-15T08:00:00Z,SYNTHETIC/hicp_inflation,02e76947d762bba708a53f7c05d6db4b521640b7391f3b3bc8e1254983dc8643,fixture_synthetic
eurostat,hicp_inflation,RO,2024-12,M,2024-12-01,2024-12-31,11.23,% year on year,,30,2025-01-30,2026-01-15T08:00:00Z,SYNTHETIC/hicp_inflation,02e76947d762bba708a53f7c05d6db4b521640b7391f3b3bc8e1254983dc8643,fixture_synthetic
eurostat,hicp_inflation,RO,2025-01,M,2025-01-01,2025-01-31,5.21,% year on year,,30,2025-03-02,2026-01-15T08:00:00Z,SYNTHETIC/hicp_inflation,02e76947d762bba708a53f7c05d6db4b521640b7391f3b3bc8e1254983dc8643,fixture_synthetic
eurostat,hicp_inflation,RO,2025-02,M,2025-02-01,2025-02-28,9.69,% year on year,,30,2025-03-30,2026-01-15T08:00:00Z,SYNTHETIC/hicp_inflation,02e76947d762bba708a53f7c05d6db4b521640b7391f3b3bc8e1254983dc8643,fixture_synthetic
eurostat,hicp_inflation,RO,2025-03,M,2025-03-01,2025-03-31,4.21,% year on year,,30,2025-04-30,2026-01-15T08:00:00Z,SYNTHETIC/hicp_inflation,02e76947d762bba708a53f7c05d6db4b521640b7391f3b3bc8e1254983dc8643,fixture_synthetic
eurostat,hicp_inflation,RO,2025-04,M,2025-04-01,2025-04-30,-0.04,% year on year,,30,2025-05-30,2026-01-15T08:00:00Z,SYNTHETIC/hicp_inflation,02e76947d762bba708a53f7c05d6db4b521640b7391f3b3bc8e1254983dc8643,fixture_synthetic
eurostat,hicp_inflation,RO,2025-05,M,2025-05-01,2025-05-31,7.18,% year on year,,30,2025-06-30,2026-01-15T08:00:00Z,SYNTHETIC/hicp_inflation,02e76947d762bba708a53f7c05d6db4b521640b7391f3b3bc8e1254983dc8643,fixture_synthetic
eurostat,hicp_inflation,RO,2025-06,M,2025-06-01,2025-06-30,-0.3,% year on year,,30,2025-07-30,2026-01-15T08:00:00Z,SYNTHETIC/hicp_inflation,02e76947d762bba708a53f7c05d6db4b521640b7391f3b3bc8e1254983dc8643,fixture_synthetic
eurostat,hicp_inflation,RO,2025-07,M,2025-07-01,2025-07-31,0.94,% year on year,,30,2025-08-30,2026-01-15T08:00:00Z,SYNTHETIC/hicp_inflation,02e76947d762bba708a53f7c05d6db4b521640b7391f3b3bc8e1254983dc8643,fixture_synthetic
eurostat,hicp_inflation,RO,2025-08,M,2025-08-01,2025-08-31,6.32,% year on year,,30,2025-09-30,2026-01-15T08:00:00Z,SYNTHETIC/hicp_inflation,02e76947d762bba708a53f7c05d6db4b521640b7391f3b3bc8e1254983dc8643,fixture_synthetic
eurostat,hicp_inflation,RO,2025-09,M,2025-09-01,2025-09-30,2.95,% year on year,,30,2025-10-30,2026-01-15T08:00:00Z,SYNTHETIC/hicp_inflation,02e76947d762bba708a53f7c05d6db4b521640b7391f3b3bc8e1254983dc8643,fixture_synthetic
eurostat,hicp_inflation,RO,2025-10,M,2025-10-01,2025-10-31,11.92,% year on year,,30,2025-11-30,2026-01-15T08:00:00Z,SYNTHETIC/hicp_inflation,02e76947d762bba708a53f7c05d6db4b521640b7391f3b3bc8e1254983dc8643,fixture_synthetic
eurostat,hicp_inflation,RO,2025-11,M,2025-11-01,2025-11-30,0.54,% year on year,,30,2025-12-30,2026-01-15T08:00:00Z,SYNTHETIC/hicp_inflation,02e76947d762bba708a53f7c05d6db4b521640b7391f3b3bc8e1254983dc8643,fixture_synthetic
eurostat,job_vacancy_rate,BG,2019-Q1,Q,2019-01-01,2019-03-31,1.89,% of posts,,90,2019-06-29,2026-01-15T08:00:00Z,SYNTHETIC/job_vacancy_rate,c1ad8db40fe7b981769827ae7ca287f6372460f3428b4f58447cecb901c37cc4,fixture_synthetic
eurostat,job_vacancy_rate,BG,2019-Q2,Q,2019-04-01,2019-06-30,2.03,% of posts,,90,2019-09-28,2026-01-15T08:00:00Z,SYNTHETIC/job_vacancy_rate,c1ad8db40fe7b981769827ae7ca287f6372460f3428b4f58447cecb901c37cc4,fixture_synthetic
eurostat,job_vacancy_rate,BG,2019-Q3,Q,2019-07-01,2019-09-30,0.53,% of posts,,90,2019-12-29,2026-01-15T08:00:00Z,SYNTHETIC/job_vacancy_rate,c1ad8db40fe7b981769827ae7ca287f6372460f3428b4f58447cecb901c37cc4,fixture_synthetic
eurostat,job_vacancy_rate,BG,2019-Q4,Q,2019-10-01,2019-12-31,4.41,% of posts,,90,2020-03-30,2026-01-15T08:00:00Z,SYNTHETIC/job_vacancy_rate,c1ad8db40fe7b981769827ae7ca287f6372460f3428b4f58447cecb901c37cc4,fixture_synthetic
eurostat,job_vacancy_rate,BG,2020-Q1,Q,2020-01-01,2020-03-31,3.05,% of posts,,90,2020-06-29,2026-01-15T08:00:00Z,SYNTHETIC/job_vacancy_rate,c1ad8db40fe7b981769827ae7ca287f6372460f3428b4f58447cecb901c37cc4,fixture_synthetic
eurostat,job_vacancy_rate,BG,2020-Q2,Q,2020-04-01,2020-06-30,2.3,% of posts,,90,2020-09-28,2026-01-15T08:00:00Z,SYNTHETIC/job_vacancy_rate,c1ad8db40fe7b981769827ae7ca287f6372460f3428b4f58447cecb901c37cc4,fixture_synthetic
eurostat,job_vacancy_rate,BG,2020-Q3,Q,2020-07-01,2020-09-30,1.14,% of posts,,90,2020-12-29,2026-01-15T08:00:00Z,SYNTHETIC/job_vacancy_rate,c1ad8db40fe7b981769827ae7ca287f6372460f3428b4f58447cecb901c37cc4,fixture_synthetic
eurostat,job_vacancy_rate,BG,2020-Q4,Q,2020-10-01,2020-12-31,3.35,% of posts,,90,2021-03-31,2026-01-15T08:00:00Z,SYNTHETIC/job_vacancy_rate,c1ad8db40fe7b981769827ae7ca287f6372460f3428b4f58447cecb901c37cc4,fixture_synthetic
eurostat,job_vacancy_rate,BG,2021-Q1,Q,2021-01-01,2021-03-31,0.64,% of posts,,90,2021-06-29,2026-01-15T08:00:00Z,SYNTHETIC/job_vacancy_rate,c1ad8db40fe7b981769827ae7ca287f6372460f3428b4f58447cecb901c37cc4,fixture_synthetic
eurostat,job_vacancy_rate,BG,2021-Q2,Q,2021-04-01,2021-06-30,3.86,% of posts,,90,2021-09-28,2026-01-15T08:00:00Z,SYNTHETIC/job_vacancy_rate,c1ad8db40fe7b981769827ae7ca287f6372460f3428b4f58447cecb901c37cc4,fixture_synthetic
eurostat,job_vacancy_rate,BG,2021-Q3,Q,2021-07-01,2021-09-30,1.47,% of posts,,90,2021-12-29,2026-01-15T08:00:00Z,SYNTHETIC/job_vacancy_rate,c1ad8db40fe7b981769827ae7ca287f6372460f3428b4f58447cecb901c37cc4,fixture_synthetic
eurostat,job_vacancy_rate,BG,2021-Q4,Q,2021-10-01,2021-12-31,2.39,% of posts,,90,2022-03-31,2026-01-15T08:00:00Z,SYNTHETIC/job_vacancy_rate,c1ad8db40fe7b981769827ae7ca287f6372460f3428b4f58447cecb901c37cc4,fixture_synthetic
eurostat,job_vacancy_rate,BG,2022-Q1,Q,2022-01-01,2022-03-31,2.03,% of posts,,90,2022-06-29,2026-01-15T08:00:00Z,SYNTHETIC/job_vacancy_rate,c1ad8db40fe7b981769827ae7ca287f6372460f3428b4f58447cecb901c37cc4,fixture_synthetic
eurostat,job_vacancy_rate,BG,2022-Q2,Q,2022-04-01,2022-06-30,2.17,% of posts,,90,2022-09-28,2026-01-15T08:00:00Z,SYNTHETIC/job_vacancy_rate,c1ad8db40fe7b981769827ae7ca287f6372460f3428b4f58447cecb901c37cc4,fixture_synthetic
eurostat,job_vacancy_rate,BG,2022-Q3,Q,2022-07-01,2022-09-30,3.75,% of posts,,90,2022-12-29,2026-01-15T08:00:00Z,SYNTHETIC/job_vacancy_rate,c1ad8db40fe7b981769827ae7ca287f6372460f3428b4f58447cecb901c37cc4,fixture_synthetic
eurostat,job_vacancy_rate,BG,2022-Q4,Q,2022-10-01,2022-12-31,4.0,% of posts,,90,2023-03-31,2026-01-15T08:00:00Z,SYNTHETIC/job_vacancy_rate,c1ad8db40fe7b981769827ae7ca287f6372460f3428b4f58447cecb901c37cc4,fixture_synthetic
eurostat,job_vacancy_rate,BG,2023-Q1,Q,2023-01-01,2023-03-31,3.05,% of posts,,90,2023-06-29,2026-01-15T08:00:00Z,SYNTHETIC/job_vacancy_rate,c1ad8db40fe7b981769827ae7ca287f6372460f3428b4f58447cecb901c37cc4,fixture_synthetic
eurostat,job_vacancy_rate,BG,2023-Q2,Q,2023-04-01,2023-06-30,0.88,% of posts,,90,2023-09-28,2026-01-15T08:00:00Z,SYNTHETIC/job_vacancy_rate,c1ad8db40fe7b981769827ae7ca287f6372460f3428b4f58447cecb901c37cc4,fixture_synthetic
eurostat,job_vacancy_rate,BG,2023-Q3,Q,2023-07-01,2023-09-30,0.74,% of posts,,90,2023-12-29,2026-01-15T08:00:00Z,SYNTHETIC/job_vacancy_rate,c1ad8db40fe7b981769827ae7ca287f6372460f3428b4f58447cecb901c37cc4,fixture_synthetic
eurostat,job_vacancy_rate,BG,2023-Q4,Q,2023-10-01,2023-12-31,1.21,% of posts,,90,2024-03-30,2026-01-15T08:00:00Z,SYNTHETIC/job_vacancy_rate,c1ad8db40fe7b981769827ae7ca287f6372460f3428b4f58447cecb901c37cc4,fixture_synthetic
eurostat,job_vacancy_rate,BG,2024-Q1,Q,2024-01-01,2024-03-31,3.28,% of posts,,90,2024-06-29,2026-01-15T08:00:00Z,SYNTHETIC/job_vacancy_rate,c1ad8db40fe7b981769827ae7ca287f6372460f3428b4f58447cecb901c37cc4,fixture_synthetic
eurostat,job_vacancy_rate,BG,2024-Q2,Q,2024-04-01,2024-06-30,3.53,% of posts,,90,2024-09-28,2026-01-15T08:00:00Z,SYNTHETIC/job_vacancy_rate,c1ad8db40fe7b981769827ae7ca287f6372460f3428b4f58447cecb901c37cc4,fixture_synthetic
eurostat,job_vacancy_rate,BG,2024-Q3,Q,2024-07-01,2024-09-30,1.72,% of posts,,90,2024-12-29,2026-01-15T08:00:00Z,SYNTHETIC/job_vacancy_rate,c1ad8db40fe7b981769827ae7ca287f6372460f3428b4f58447cecb901c37cc4,fixture_synthetic
eurostat,job_vacancy_rate,BG,2024-Q4,Q,2024-10-01,2024-12-31,3.48,% of posts,,90,2025-03-31,2026-01-15T08:00:00Z,SYNTHETIC/job_vacancy_rate,c1ad8db40fe7b981769827ae7ca287f6372460f3428b4f58447cecb901c37cc4,fixture_synthetic
eurostat,job_vacancy_rate,BG,2025-Q1,Q,2025-01-01,2025-03-31,2.69,% of posts,,90,2025-06-29,2026-01-15T08:00:00Z,SYNTHETIC/job_vacancy_rate,c1ad8db40fe7b981769827ae7ca287f6372460f3428b4f58447cecb901c37cc4,fixture_synthetic
eurostat,job_vacancy_rate,BG,2025-Q2,Q,2025-04-01,2025-06-30,2.49,% of posts,,90,2025-09-28,2026-01-15T08:00:00Z,SYNTHETIC/job_vacancy_rate,c1ad8db40fe7b981769827ae7ca287f6372460f3428b4f58447cecb901c37cc4,fixture_synthetic
eurostat,job_vacancy_rate,BG,2025-Q3,Q,2025-07-01,2025-09-30,1.73,% of posts,,90,2025-12-29,2026-01-15T08:00:00Z,SYNTHETIC/job_vacancy_rate,c1ad8db40fe7b981769827ae7ca287f6372460f3428b4f58447cecb901c37cc4,fixture_synthetic
eurostat,job_vacancy_rate,GR,2019-Q1,Q,2019-01-01,2019-03-31,2.17,% of posts,,90,2019-06-29,2026-01-15T08:00:00Z,SYNTHETIC/job_vacancy_rate,c1ad8db40fe7b981769827ae7ca287f6372460f3428b4f58447cecb901c37cc4,fixture_synthetic
eurostat,job_vacancy_rate,GR,2019-Q2,Q,2019-04-01,2019-06-30,2.5,% of posts,,90,2019-09-28,2026-01-15T08:00:00Z,SYNTHETIC/job_vacancy_rate,c1ad8db40fe7b981769827ae7ca287f6372460f3428b4f58447cecb901c37cc4,fixture_synthetic
eurostat,job_vacancy_rate,GR,2019-Q3,Q,2019-07-01,2019-09-30,4.78,% of posts,,90,2019-12-29,2026-01-15T08:00:00Z,SYNTHETIC/job_vacancy_rate,c1ad8db40fe7b981769827ae7ca287f6372460f3428b4f58447cecb901c37cc4,fixture_synthetic
eurostat,job_vacancy_rate,GR,2019-Q4,Q,2019-10-01,2019-12-31,4.35,% of posts,,90,2020-03-30,2026-01-15T08:00:00Z,SYNTHETIC/job_vacancy_rate,c1ad8db40fe7b981769827ae7ca287f6372460f3428b4f58447cecb901c37cc4,fixture_synthetic
eurostat,job_vacancy_rate,GR,2020-Q1,Q,2020-01-01,2020-03-31,0.95,% of posts,,90,2020-06-29,2026-01-15T08:00:00Z,SYNTHETIC/job_vacancy_rate,c1ad8db40fe7b981769827ae7ca287f6372460f3428b4f58447cecb901c37cc4,fixture_synthetic
eurostat,job_vacancy_rate,GR,2020-Q2,Q,2020-04-01,2020-06-30,3.59,% of posts,p,90,2020-09-28,2026-01-15T08:00:00Z,SYNTHETIC/job_vacancy_rate,c1ad8db40fe7b981769827ae7ca287f6372460f3428b4f58447cecb901c37cc4,fixture_synthetic
eurostat,job_vacancy_rate,GR,2020-Q3,Q,2020-07-01,2020-09-30,2.95,% of posts,,90,2020-12-29,2026-01-15T08:00:00Z,SYNTHETIC/job_vacancy_rate,c1ad8db40fe7b981769827ae7ca287f6372460f3428b4f58447cecb901c37cc4,fixture_synthetic
eurostat,job_vacancy_rate,GR,2020-Q4,Q,2020-10-01,2020-12-31,4.9,% of posts,,90,2021-03-31,2026-01-15T08:00:00Z,SYNTHETIC/job_vacancy_rate,c1ad8db40fe7b981769827ae7ca287f6372460f3428b4f58447cecb901c37cc4,fixture_synthetic
eurostat,job_vacancy_rate,GR,2021-Q1,Q,2021-01-01,2021-03-31,2.11,% of posts,,90,2021-06-29,2026-01-15T08:00:00Z,SYNTHETIC/job_vacancy_rate,c1ad8db40fe7b981769827ae7ca287f6372460f3428b4f58447cecb901c37cc4,fixture_synthetic
eurostat,job_vacancy_rate,GR,2021-Q2,Q,2021-04-01,2021-06-30,2.29,% of posts,,90,2021-09-28,2026-01-15T08:00:00Z,SYNTHETIC/job_vacancy_rate,c1ad8db40fe7b981769827ae7ca287f6372460f3428b4f58447cecb901c37cc4,fixture_synthetic
eurostat,job_vacancy_rate,GR,2021-Q3,Q,2021-07-01,2021-09-30,1.35,% of posts,,90,2021-12-29,2026-01-15T08:00:00Z,SYNTHETIC/job_vacancy_rate,c1ad8db40fe7b981769827ae7ca287f6372460f3428b4f58447cecb901c37cc4,fixture_synthetic
eurostat,job_vacancy_rate,GR,2021-Q4,Q,2021-10-01,2021-12-31,1.05,% of posts,,90,2022-03-31,2026-01-15T08:00:00Z,SYNTHETIC/job_vacancy_rate,c1ad8db40fe7b981769827ae7ca287f6372460f3428b4f58447cecb901c37cc4,fixture_synthetic
eurostat,job_vacancy_rate,GR,2022-Q1,Q,2022-01-01,2022-03-31,4.32,% of posts,,90,2022-06-29,2026-01-15T08:00:00Z,SYNTHETIC/job_vacancy_rate,c1ad8db40fe7b981769827ae7ca287f6372460f3428b4f58447cecb901c37cc4,fixture_synthetic
eurostat,job_vacancy_rate,GR,2022-Q2,Q,2022-04-01,2022-06-30,2.55,% of posts,,90,2022-09-28,2026-01-15T08:00:00Z,SYNTHETIC/job_vacancy_rate,c1ad8db40fe7b981769827ae7ca287f6372460f3428b4f58447cecb901c37cc4,fixture_synthetic
eurostat,job_vacancy_rate,GR,2022-Q3,Q,2022-07-01,2022-09-30,3.48,% of posts,,90,2022-12-29,2026-01-15T08:00:00Z,SYNTHETIC/job_vacancy_rate,c1ad8db40fe7b981769827ae7ca287f6372460f3428b4f58447cecb901c37cc4,fixture_synthetic
eurostat,job_vacancy_rate,GR,2022-Q4,Q,2022-10-01,2022-12-31,3.39,% of posts,,90,2023-03-31,2026-01-15T08:00:00Z,SYNTHETIC/job_vacancy_rate,c1ad8db40fe7b981769827ae7ca287f6372460f3428b4f58447cecb901c37cc4,fixture_synthetic
eurostat,job_vacancy_rate,GR,2023-Q1,Q,2023-01-01,2023-03-31,3.19,% of posts,,90,2023-06-29,2026-01-15T08:00:00Z,SYNTHETIC/job_vacancy_rate,c1ad8db40fe7b981769827ae7ca287f6372460f3428b4f58447cecb901c37cc4,fixture_synthetic
eurostat,job_vacancy_rate,GR,2023-Q2,Q,2023-04-01,2023-06-30,0.6,% of posts,,90,2023-09-28,2026-01-15T08:00:00Z,SYNTHETIC/job_vacancy_rate,c1ad8db40fe7b981769827ae7ca287f6372460f3428b4f58447cecb901c37cc4,fixture_synthetic
eurostat,job_vacancy_rate,GR,2023-Q3,Q,2023-07-01,2023-09-30,4.04,% of posts,,90,2023-12-29,2026-01-15T08:00:00Z,SYNTHETIC/job_vacancy_rate,c1ad8db40fe7b981769827ae7ca287f6372460f3428b4f58447cecb901c37cc4,fixture_synthetic
eurostat,job_vacancy_rate,GR,2023-Q4,Q,2023-10-01,2023-12-31,1.6,% of posts,,90,2024-03-30,2026-01-15T08:00:00Z,SYNTHETIC/job_vacancy_rate,c1ad8db40fe7b981769827ae7ca287f6372460f3428b4f58447cecb901c37cc4,fixture_synthetic
eurostat,job_vacancy_rate,GR,2024-Q1,Q,2024-01-01,2024-03-31,1.07,% of posts,,90,2024-06-29,2026-01-15T08:00:00Z,SYNTHETIC/job_vacancy_rate,c1ad8db40fe7b981769827ae7ca287f6372460f3428b4f58447cecb901c37cc4,fixture_synthetic
eurostat,job_vacancy_rate,GR,2024-Q2,Q,2024-04-01,2024-06-30,3.04,% of posts,,90,2024-09-28,2026-01-15T08:00:00Z,SYNTHETIC/job_vacancy_rate,c1ad8db40fe7b981769827ae7ca287f6372460f3428b4f58447cecb901c37cc4,fixture_synthetic
eurostat,job_vacancy_rate,GR,2024-Q3,Q,2024-07-01,2024-09-30,0.81,% of posts,,90,2024-12-29,2026-01-15T08:00:00Z,SYNTHETIC/job_vacancy_rate,c1ad8db40fe7b981769827ae7ca287f6372460f3428b4f58447cecb901c37cc4,fixture_synthetic
eurostat,job_vacancy_rate,GR,2024-Q4,Q,2024-10-01,2024-12-31,3.94,% of posts,,90,2025-03-31,2026-01-15T08:00:00Z,SYNTHETIC/job_vacancy_rate,c1ad8db40fe7b981769827ae7ca287f6372460f3428b4f58447cecb901c37cc4,fixture_synthetic
eurostat,job_vacancy_rate,GR,2025-Q1,Q,2025-01-01,2025-03-31,1.43,% of posts,,90,2025-06-29,2026-01-15T08:00:00Z,SYNTHETIC/job_vacancy_rate,c1ad8db40fe7b981769827ae7ca287f6372460f3428b4f58447cecb901c37cc4,fixture_synthetic
eurostat,job_vacancy_rate,GR,2025-Q2,Q,2025-04-01,2025-06-30,1.47,% of posts,,90,2025-09-28,2026-01-15T08:00:00Z,SYNTHETIC/job_vacancy_rate,c1ad8db40fe7b981769827ae7ca287f6372460f3428b4f58447cecb901c37cc4,fixture_synthetic
eurostat,job_vacancy_rate,GR,2025-Q3,Q,2025-07-01,2025-09-30,4.41,% of posts,,90,2025-12-29,2026-01-15T08:00:00Z,SYNTHETIC/job_vacancy_rate,c1ad8db40fe7b981769827ae7ca287f6372460f3428b4f58447cecb901c37cc4,fixture_synthetic
eurostat,job_vacancy_rate,IE,2019-Q1,Q,2019-01-01,2019-03-31,3.88,% of posts,,90,2019-06-29,2026-01-15T08:00:00Z,SYNTHETIC/job_vacancy_rate,c1ad8db40fe7b981769827ae7ca287f6372460f3428b4f58447cecb901c37cc4,fixture_synthetic
eurostat,job_vacancy_rate,IE,2019-Q2,Q,2019-04-01,2019-06-30,4.41,% of posts,,90,2019-09-28,2026-01-15T08:00:00Z,SYNTHETIC/job_vacancy_rate,c1ad8db40fe7b981769827ae7ca287f6372460f3428b4f58447cecb901c37cc4,fixture_synthetic
eurostat,job_vacancy_rate,IE,2019-Q3,Q,2019-07-01,2019-09-30,3.74,% of posts,,90,2019-12-29,2026-01-15T08:00:00Z,SYNTHETIC/job_vacancy_rate,c1ad8db40fe7b981769827ae7ca287f6372460f3428b4f58447cecb901c37cc4,fixture_synthetic
eurostat,job_vacancy_rate,IE,2019-Q4,Q,2019-10-01,2019-12-31,4.86,% of posts,,90,2020-03-30,2026-01-15T08:00:00Z,SYNTHETIC/job_vacancy_rate,c1ad8db40fe7b981769827ae7ca287f6372460f3428b4f58447cecb901c37cc4,fixture_synthetic
eurostat,job_vacancy_rate,IE,2020-Q1,Q,2020-01-01,2020-03-31,3.2,% of posts,,90,2020-06-29,2026-01-15T08:00:00Z,SYNTHETIC/job_vacancy_rate,c1ad8db40fe7b981769827ae7ca287f6372460f3428b4f58447cecb901c37cc4,fixture_synthetic
eurostat,job_vacancy_rate,IE,2020-Q2,Q,2020-04-01,2020-06-30,2.08,% of posts,,90,2020-09-28,2026-01-15T08:00:00Z,SYNTHETIC/job_vacancy_rate,c1ad8db40fe7b981769827ae7ca287f6372460f3428b4f58447cecb901c37cc4,fixture_synthetic
eurostat,job_vacancy_rate,IE,2020-Q3,Q,2020-07-01,2020-09-30,3.1,% of posts,,90,2020-12-29,2026-01-15T08:00:00Z,SYNTHETIC/job_vacancy_rate,c1ad8db40fe7b981769827ae7ca287f6372460f3428b4f58447cecb901c37cc4,fixture_synthetic
eurostat,job_vacancy_rate,IE,2020-Q4,Q,2020-10-01,2020-12-31,1.46,% of posts,,90,2021-03-31,2026-01-15T08:00:00Z,SYNTHETIC/job_vacancy_rate,c1ad8db40fe7b981769827ae7ca287f6372460f3428b4f58447cecb901c37cc4,fixture_synthetic
eurostat,job_vacancy_rate,IE,2021-Q1,Q,2021-01-01,2021-03-31,3.46,% of posts,,90,2021-06-29,2026-01-15T08:00:00Z,SYNTHETIC/job_vacancy_rate,c1ad8db40fe7b981769827ae7ca287f6372460f3428b4f58447cecb901c37cc4,fixture_synthetic
eurostat,job_vacancy_rate,IE,2021-Q2,Q,2021-04-01,2021-06-30,1.51,% of posts,,90,2021-09-28,2026-01-15T08:00:00Z,SYNTHETIC/job_vacancy_rate,c1ad8db40fe7b981769827ae7ca287f6372460f3428b4f58447cecb901c37cc4,fixture_synthetic
eurostat,job_vacancy_rate,IE,2021-Q3,Q,2021-07-01,2021-09-30,0.99,% of posts,,90,2021-12-29,2026-01-15T08:00:00Z,SYNTHETIC/job_vacancy_rate,c1ad8db40fe7b981769827ae7ca287f6372460f3428b4f58447cecb901c37cc4,fixture_synthetic
eurostat,job_vacancy_rate,IE,2021-Q4,Q,2021-10-01,2021-12-31,4.3,% of posts,,90,2022-03-31,2026-01-15T08:00:00Z,SYNTHETIC/job_vacancy_rate,c1ad8db40fe7b981769827ae7ca287f6372460f3428b4f58447cecb901c37cc4,fixture_synthetic
eurostat,job_vacancy_rate,IE,2022-Q1,Q,2022-01-01,2022-03-31,2.15,% of posts,,90,2022-06-29,2026-01-15T08:00:00Z,SYNTHETIC/job_vacancy_rate,c1ad8db40fe7b981769827ae7ca287f6372460f3428b4f58447cecb901c37cc4,fixture_synthetic
eurostat,job_vacancy_rate,IE,2022-Q2,Q,2022-04-01,2022-06-30,3.93,% of posts,,90,2022-09-28,2026-01-15T08:00:00Z,SYNTHETIC/job_vacancy_rate,c1ad8db40fe7b981769827ae7ca287f6372460f3428b4f58447cecb901c37cc4,fixture_synthetic
eurostat,job_vacancy_rate,IE,2022-Q3,Q,2022-07-01,2022-09-30,3.08,% of posts,,90,2022-12-29,2026-01-15T08:00:00Z,SYNTHETIC/job_vacancy_rate,c1ad8db40fe7b981769827ae7ca287f6372460f3428b4f58447cecb901c37cc4,fixture_synthetic
eurostat,job_vacancy_rate,IE,2022-Q4,Q,2022-10-01,2022-12-31,4.13,% of posts,,90,2023-03-31,2026-01-15T08:00:00Z,SYNTHETIC/job_vacancy_rate,c1ad8db40fe7b981769827ae7ca287f6372460f3428b4f58447cecb901c37cc4,fixture_synthetic
eurostat,job_vacancy_rate,IE,2023-Q1,Q,2023-01-01,2023-03-31,4.3,% of posts,,90,2023-06-29,2026-01-15T08:00:00Z,SYNTHETIC/job_vacancy_rate,c1ad8db40fe7b981769827ae7ca287f6372460f3428b4f58447cecb901c37cc4,fixture_synthetic
eurostat,job_vacancy_rate,IE,2023-Q2,Q,2023-04-01,2023-06-30,4.89,% of posts,,90,2023-09-28,2026-01-15T08:00:00Z,SYNTHETIC/job_vacancy_rate,c1ad8db40fe7b981769827ae7ca287f6372460f3428b4f58447cecb901c37cc4,fixture_synthetic
eurostat,job_vacancy_rate,IE,2023-Q3,Q,2023-07-01,2023-09-30,4.18,% of posts,,90,2023-12-29,2026-01-15T08:00:00Z,SYNTHETIC/job_vacancy_rate,c1ad8db40fe7b981769827ae7ca287f6372460f3428b4f58447cecb901c37cc4,fixture_synthetic
eurostat,job_vacancy_rate,IE,2023-Q4,Q,2023-10-01,2023-12-31,3.26,% of posts,,90,2024-03-30,2026-01-15T08:00:00Z,SYNTHETIC/job_vacancy_rate,c1ad8db40fe7b981769827ae7ca287f6372460f3428b4f58447cecb901c37cc4,fixture_synthetic
eurostat,job_vacancy_rate,IE,2024-Q1,Q,2024-01-01,2024-03-31,3.39,% of posts,,90,2024-06-29,2026-01-15T08:00:00Z,SYNTHETIC/job_vacancy_rate,c1ad8db40fe7b981769827ae7ca287f6372460f3428b4f58447cecb901c37cc4,fixture_synthetic
eurostat,job_vacancy_rate,IE,2024-Q2,Q,2024-04-01,2024-06-30,0.62,% of posts,,90,2024-09-28,2026-01-15T08:00:00Z,SYNTHETIC/job_vacancy_rate,c1ad8db40fe7b981769827ae7ca287f6372460f3428b4f58447cecb901c37cc4,fixture_synthetic
eurostat,job_vacancy_rate,IE,2024-Q3,Q,2024-07-01,2024-09-30,4.68,% of posts,,90,2024-12-29,2026-01-15T08:00:00Z,SYNTHETIC/job_vacancy_rate,c1ad8db40fe7b981769827ae7ca287f6372460f3428b4f58447cecb901c37cc4,fixture_synthetic
eurostat,job_vacancy_rate,IE,2024-Q4,Q,2024-10-01,2024-12-31,4.23,% of posts,,90,2025-03-31,2026-01-15T08:00:00Z,SYNTHETIC/job_vacancy_rate,c1ad8db40fe7b981769827ae7ca287f6372460f3428b4f58447cecb901c37cc4,fixture_synthetic
eurostat,job_vacancy_rate,IE,2025-Q1,Q,2025-01-01,2025-03-31,1.7,% of posts,,90,2025-06-29,2026-01-15T08:00:00Z,SYNTHETIC/job_vacancy_rate,c1ad8db40fe7b981769827ae7ca287f6372460f3428b4f58447cecb901c37cc4,fixture_synthetic
eurostat,job_vacancy_rate,IE,2025-Q2,Q,2025-04-01,2025-06-30,1.31,% of posts,,90,2025-09-28,2026-01-15T08:00:00Z,SYNTHETIC/job_vacancy_rate,c1ad8db40fe7b981769827ae7ca287f6372460f3428b4f58447cecb901c37cc4,fixture_synthetic
eurostat,job_vacancy_rate,IE,2025-Q3,Q,2025-07-01,2025-09-30,3.66,% of posts,,90,2025-12-29,2026-01-15T08:00:00Z,SYNTHETIC/job_vacancy_rate,c1ad8db40fe7b981769827ae7ca287f6372460f3428b4f58447cecb901c37cc4,fixture_synthetic
eurostat,job_vacancy_rate,IT,2019-Q1,Q,2019-01-01,2019-03-31,3.96,% of posts,,90,2019-06-29,2026-01-15T08:00:00Z,SYNTHETIC/job_vacancy_rate,c1ad8db40fe7b981769827ae7ca287f6372460f3428b4f58447cecb901c37cc4,fixture_synthetic
eurostat,job_vacancy_rate,IT,2019-Q2,Q,2019-04-01,2019-06-30,3.74,% of posts,,90,2019-09-28,2026-01-15T08:00:00Z,SYNTHETIC/job_vacancy_rate,c1ad8db40fe7b981769827ae7ca287f6372460f3428b4f58447cecb901c37cc4,fixture_synthetic
eurostat,job_vacancy_rate,IT,2019-Q3,Q,2019-07-01,2019-09-30,1.47,% of posts,,90,2019-12-29,2026-01-15T08:00:00Z,SYNTHETIC/job_vacancy_rate,c1ad8db40fe7b981769827ae7ca287f6372460f3428b4f58447cecb901c37cc4,fixture_synthetic
eurostat,job_vacancy_rate,IT,2019-Q4,Q,2019-10-01,2019-12-31,2.53,% of posts,,90,2020-03-30,2026-01-15T08:00:00Z,SYNTHETIC/job_vacancy_rate,c1ad8db40fe7b981769827ae7ca287f6372460f3428b4f58447cecb901c37cc4,fixture_synthetic
eurostat,job_vacancy_rate,IT,2020-Q1,Q,2020-01-01,2020-03-31,1.53,% of posts,,90,2020-06-29,2026-01-15T08:00:00Z,SYNTHETIC/job_vacancy_rate,c1ad8db40fe7b981769827ae7ca287f6372460f3428b4f58447cecb901c37cc4,fixture_synthetic
eurostat,job_vacancy_rate,IT,2020-Q2,Q,2020-04-01,2020-06-30,2.03,% of posts,,90,2020-09-28,2026-01-15T08:00:00Z,SYNTHETIC/job_vacancy_rate,c1ad8db40fe7b981769827ae7ca287f6372460f3428b4f58447cecb901c37cc4,fixture_synthetic
eurostat,job_vacancy_rate,IT,2020-Q3,Q,2020-07-01,2020-09-30,2.54,% of posts,,90,2020-12-29,2026-01-15T08:00:00Z,SYNTHETIC/job_vacancy_rate,c1ad8db40fe7b981769827ae7ca287f6372460f3428b4f58447cecb901c37cc4,fixture_synthetic
eurostat,job_vacancy_rate,IT,2020-Q4,Q,2020-10-01,2020-12-31,2.37,% of posts,,90,2021-03-31,2026-01-15T08:00:00Z,SYNTHETIC/job_vacancy_rate,c1ad8db40fe7b981769827ae7ca287f6372460f3428b4f58447cecb901c37cc4,fixture_synthetic
eurostat,job_vacancy_rate,IT,2021-Q1,Q,2021-01-01,2021-03-31,0.93,% of posts,,90,2021-06-29,2026-01-15T08:00:00Z,SYNTHETIC/job_vacancy_rate,c1ad8db40fe7b981769827ae7ca287f6372460f3428b4f58447cecb901c37cc4,fixture_synthetic
eurostat,job_vacancy_rate,IT,2021-Q2,Q,2021-04-01,2021-06-30,2.42,% of posts,,90,2021-09-28,2026-01-15T08:00:00Z,SYNTHETIC/job_vacancy_rate,c1ad8db40fe7b981769827ae7ca287f6372460f3428b4f58447cecb901c37cc4,fixture_synthetic
eurostat,job_vacancy_rate,IT,2021-Q3,Q,2021-07-01,2021-09-30,3.49,% of posts,,90,2021-12-29,2026-01-15T08:00:00Z,SYNTHETIC/job_vacancy_rate,c1ad8db40fe7b981769827ae7ca287f6372460f3428b4f58447cecb901c37cc4,fixture_synthetic
eurostat,job_vacancy_rate,IT,2021-Q4,Q,2021-10-01,2021-12-31,2.18,% of posts,,90,2022-03-31,2026-01-15T08:00:00Z,SYNTHETIC/job_vacancy_rate,c1ad8db40fe7b981769827ae7ca287f6372460f3428b4f58447cecb901c37cc4,fixture_synthetic
eurostat,job_vacancy_rate,IT,2022-Q1,Q,2022-01-01,2022-03-31,1.19,% of posts,,90,2022-06-29,2026-01-15T08:00:00Z,SYNTHETIC/job_vacancy_rate,c1ad8db40fe7b981769827ae7ca287f6372460f3428b4f58447cecb901c37cc4,fixture_synthetic
eurostat,job_vacancy_rate,IT,2022-Q2,Q,2022-04-01,2022-06-30,4.65,% of posts,,90,2022-09-28,2026-01-15T08:00:00Z,SYNTHETIC/job_vacancy_rate,c1ad8db40fe7b981769827ae7ca287f6372460f3428b4f58447cecb901c37cc4,fixture_synthetic
eurostat,job_vacancy_rate,IT,2022-Q3,Q,2022-07-01,2022-09-30,0.8,% of posts,,90,2022-12-29,2026-01-15T08:00:00Z,SYNTHETIC/job_vacancy_rate,c1ad8db40fe7b981769827ae7ca287f6372460f3428b4f58447cecb901c37cc4,fixture_synthetic
eurostat,job_vacancy_rate,IT,2022-Q4,Q,2022-10-01,2022-12-31,4.24,% of posts,,90,2023-03-31,2026-01-15T08:00:00Z,SYNTHETIC/job_vacancy_rate,c1ad8db40fe7b981769827ae7ca287f6372460f3428b4f58447cecb901c37cc4,fixture_synthetic
eurostat,job_vacancy_rate,IT,2023-Q1,Q,2023-01-01,2023-03-31,0.92,% of posts,,90,2023-06-29,2026-01-15T08:00:00Z,SYNTHETIC/job_vacancy_rate,c1ad8db40fe7b981769827ae7ca287f6372460f3428b4f58447cecb901c37cc4,fixture_synthetic
eurostat,job_vacancy_rate,IT,2023-Q2,Q,2023-04-01,2023-06-30,0.93,% of posts,,90,2023-09-28,2026-01-15T08:00:00Z,SYNTHETIC/job_vacancy_rate,c1ad8db40fe7b981769827ae7ca287f6372460f3428b4f58447cecb901c37cc4,fixture_synthetic
eurostat,job_vacancy_rate,IT,2023-Q3,Q,2023-07-01,2023-09-30,3.82,% of posts,,90,2023-12-29,2026-01-15T08:00:00Z,SYNTHETIC/job_vacancy_rate,c1ad8db40fe7b981769827ae7ca287f6372460f3428b4f58447cecb901c37cc4,fixture_synthetic
eurostat,job_vacancy_rate,IT,2023-Q4,Q,2023-10-01,2023-12-31,4.15,% of posts,,90,2024-03-30,2026-01-15T08:00:00Z,SYNTHETIC/job_vacancy_rate,c1ad8db40fe7b981769827ae7ca287f6372460f3428b4f58447cecb901c37cc4,fixture_synthetic
eurostat,job_vacancy_rate,IT,2024-Q1,Q,2024-01-01,2024-03-31,3.0,% of posts,,90,2024-06-29,2026-01-15T08:00:00Z,SYNTHETIC/job_vacancy_rate,c1ad8db40fe7b981769827ae7ca287f6372460f3428b4f58447cecb901c37cc4,fixture_synthetic
eurostat,job_vacancy_rate,IT,2024-Q2,Q,2024-04-01,2024-06-30,3.14,% of posts,,90,2024-09-28,2026-01-15T08:00:00Z,SYNTHETIC/job_vacancy_rate,c1ad8db40fe7b981769827ae7ca287f6372460f3428b4f58447cecb901c37cc4,fixture_synthetic
eurostat,job_vacancy_rate,IT,2024-Q3,Q,2024-07-01,2024-09-30,3.03,% of posts,,90,2024-12-29,2026-01-15T08:00:00Z,SYNTHETIC/job_vacancy_rate,c1ad8db40fe7b981769827ae7ca287f6372460f3428b4f58447cecb901c37cc4,fixture_synthetic
eurostat,job_vacancy_rate,IT,2024-Q4,Q,2024-10-01,2024-12-31,1.98,% of posts,,90,2025-03-31,2026-01-15T08:00:00Z,SYNTHETIC/job_vacancy_rate,c1ad8db40fe7b981769827ae7ca287f6372460f3428b4f58447cecb901c37cc4,fixture_synthetic
eurostat,job_vacancy_rate,IT,2025-Q1,Q,2025-01-01,2025-03-31,1.05,% of posts,,90,2025-06-29,2026-01-15T08:00:00Z,SYNTHETIC/job_vacancy_rate,c1ad8db40fe7b981769827ae7ca287f6372460f3428b4f58447cecb901c37cc4,fixture_synthetic
eurostat,job_vacancy_rate,IT,2025-Q2,Q,2025-04-01,2025-06-30,2.09,% of posts,,90,2025-09-28,2026-01-15T08:00:00Z,SYNTHETIC/job_vacancy_rate,c1ad8db40fe7b981769827ae7ca287f6372460f3428b4f58447cecb901c37cc4,fixture_synthetic
eurostat,job_vacancy_rate,IT,2025-Q3,Q,2025-07-01,2025-09-30,3.49,% of posts,,90,2025-12-29,2026-01-15T08:00:00Z,SYNTHETIC/job_vacancy_rate,c1ad8db40fe7b981769827ae7ca287f6372460f3428b4f58447cecb901c37cc4,fixture_synthetic
eurostat,job_vacancy_rate,PL,2019-Q1,Q,2019-01-01,2019-03-31,4.02,% of posts,,90,2019-06-29,2026-01-15T08:00:00Z,SYNTHETIC/job_vacancy_rate,c1ad8db40fe7b981769827ae7ca287f6372460f3428b4f58447cecb901c37cc4,fixture_synthetic
eurostat,job_vacancy_rate,PL,2019-Q2,Q,2019-04-01,2019-06-30,4.4,% of posts,,90,2019-09-28,2026-01-15T08:00:00Z,SYNTHETIC/job_vacancy_rate,c1ad8db40fe7b981769827ae7ca287f6372460f3428b4f58447cecb901c37cc4,fixture_synthetic
eurostat,job_vacancy_rate,PL,2019-Q3,Q,2019-07-01,2019-09-30,2.85,% of posts,,90,2019-12-29,2026-01-15T08:00:00Z,SYNTHETIC/job_vacancy_rate,c1ad8db40fe7b981769827ae7ca287f6372460f3428b4f58447cecb901c37cc4,fixture_synthetic
eurostat,job_vacancy_rate,PL,2019-Q4,Q,2019-10-01,2019-12-31,2.56,% of posts,,90,2020-03-30,2026-01-15T08:00:00Z,SYNTHETIC/job_vacancy_rate,c1ad8db40fe7b981769827ae7ca287f6372460f3428b4f58447cecb901c37cc4,fixture_synthetic
eurostat,job_vacancy_rate,PL,2020-Q1,Q,2020-01-01,2020-03-31,4.84,% of posts,,90,2020-06-29,2026-01-15T08:00:00Z,SYNTHETIC/job_vacancy_rate,c1ad8db40fe7b981769827ae7ca287f6372460f3428b4f58447cecb901c37cc4,fixture_synthetic
eurostat,job_vacancy_rate,PL,2020-Q2,Q,2020-04-01,2020-06-30,0.77,% of posts,,90,2020-09-28,2026-01-15T08:00:00Z,SYNTHETIC/job_vacancy_rate,c1ad8db40fe7b981769827ae7ca287f6372460f3428b4f58447cecb901c37cc4,fixture_synthetic
eurostat,job_vacancy_rate,PL,2020-Q3,Q,2020-07-01,2020-09-30,2.66,% of posts,,90,2020-12-29,2026-01-15T08:00:00Z,SYNTHETIC/job_vacancy_rate,c1ad8db40fe7b981769827ae7ca287f6372460f3428b4f58447cecb901c37cc4,fixture_synthetic
eurostat,job_vacancy_rate,PL,2020-Q4,Q,2020-10-01,2020-12-31,2.31,% of posts,,90,2021-03-31,2026-01-15T08:00:00Z,SYNTHETIC/job_vacancy_rate,c1ad8db40fe7b981769827ae7ca287f6372460f3428b4f58447cecb901c37cc4,fixture_synthetic
eurostat,job_vacancy_rate,PL,2021-Q1,Q,2021-01-01,2021-03-31,3.59,% of posts,,90,2021-06-29,2026-01-15T08:00:00Z,SYNTHETIC/job_vacancy_rate,c1ad8db40fe7b981769827ae7ca287f6372460f3428b4f58447cecb901c37cc4,fixture_synthetic
eurostat,job_vacancy_rate,PL,2021-Q2,Q,2021-04-01,2021-06-30,2.71,% of posts,,90,2021-09-28,2026-01-15T08:00:00Z,SYNTHETIC/job_vacancy_rate,c1ad8db40fe7b981769827ae7ca287f6372460f3428b4f58447cecb901c37cc4,fixture_synthetic
eurostat,job_vacancy_rate,PL,2021-Q3,Q,2021-07-01,2021-09-30,4.59,% of posts,,90,2021-12-29,2026-01-15T08:00:00Z,SYNTHETIC/job_vacancy_rate,c1ad8db40fe7b981769827ae7ca287f6372460f3428b4f58447cecb901c37cc4,fixture_synthetic
eurostat,job_vacancy_rate,PL,2021-Q4,Q,2021-10-01,2021-12-31,0.83,% of posts,,90,2022-03-31,2026-01-15T08:00:00Z,SYNTHETIC/job_vacancy_rate,c1ad8db40fe7b981769827ae7ca287f6372460f3428b4f58447cecb901c37cc4,fixture_synthetic
eurostat,job_vacancy_rate,PL,2022-Q1,Q,2022-01-01,2022-03-31,0.86,% of posts,,90,2022-06-29,2026-01-15T08:00:00Z,SYNTHETIC/job_vacancy_rate,c1ad8db40fe7b981769827ae7ca287f6372460f3428b4f58447cecb901c37cc4,fixture_synthetic
eurostat,job_vacancy_rate,PL,2022-Q2,Q,2022-04-01,2022-06-30,3.24,% of posts,,90,2022-09-28,2026-01-15T08:00:00Z,SYNTHETIC/job_vacancy_rate,c1ad8db40fe7b981769827ae7ca287f6372460f3428b4f58447cecb901c37cc4,fixture_synthetic
eurostat,job_vacancy_rate,PL,2022-Q3,Q,2022-07-01,2022-09-30,0.8,% of posts,,90,2022-12-29,2026-01-15T08:00:00Z,SYNTHETIC/job_vacancy_rate,c1ad8db40fe7b981769827ae7ca287f6372460f3428b4f58447cecb901c37cc4,fixture_synthetic
eurostat,job_vacancy_rate,PL,2022-Q4,Q,2022-10-01,2022-12-31,1.74,% of posts,,90,2023-03-31,2026-01-15T08:00:00Z,SYNTHETIC/job_vacancy_rate,c1ad8db40fe7b981769827ae7ca287f6372460f3428b4f58447cecb901c37cc4,fixture_synthetic
eurostat,job_vacancy_rate,PL,2023-Q1,Q,2023-01-01,2023-03-31,3.35,% of posts,,90,2023-06-29,2026-01-15T08:00:00Z,SYNTHETIC/job_vacancy_rate,c1ad8db40fe7b981769827ae7ca287f6372460f3428b4f58447cecb901c37cc4,fixture_synthetic
eurostat,job_vacancy_rate,PL,2023-Q2,Q,2023-04-01,2023-06-30,2.97,% of posts,,90,2023-09-28,2026-01-15T08:00:00Z,SYNTHETIC/job_vacancy_rate,c1ad8db40fe7b981769827ae7ca287f6372460f3428b4f58447cecb901c37cc4,fixture_synthetic
eurostat,job_vacancy_rate,PL,2023-Q3,Q,2023-07-01,2023-09-30,1.96,% of posts,,90,2023-12-29,2026-01-15T08:00:00Z,SYNTHETIC/job_vacancy_rate,c1ad8db40fe7b981769827ae7ca287f6372460f3428b4f58447cecb901c37cc4,fixture_synthetic
eurostat,job_vacancy_rate,PL,2023-Q4,Q,2023-10-01,2023-12-31,4.98,% of posts,,90,2024-03-30,2026-01-15T08:00:00Z,SYNTHETIC/job_vacancy_rate,c1ad8db40fe7b981769827ae7ca287f6372460f3428b4f58447cecb901c37cc4,fixture_synthetic
eurostat,job_vacancy_rate,PL,2024-Q1,Q,2024-01-01,2024-03-31,2.89,% of posts,,90,2024-06-29,2026-01-15T08:00:00Z,SYNTHETIC/job_vacancy_rate,c1ad8db40fe7b981769827ae7ca287f6372460f3428b4f58447cecb901c37cc4,fixture_synthetic
eurostat,job_vacancy_rate,PL,2024-Q2,Q,2024-04-01,2024-06-30,2.54,% of posts,,90,2024-09-28,2026-01-15T08:00:00Z,SYNTHETIC/job_vacancy_rate,c1ad8db40fe7b981769827ae7ca287f6372460f3428b4f58447cecb901c37cc4,fixture_synthetic
eurostat,job_vacancy_rate,PL,2024-Q3,Q,2024-07-01,2024-09-30,3.22,% of posts,,90,2024-12-29,2026-01-15T08:00:00Z,SYNTHETIC/job_vacancy_rate,c1ad8db40fe7b981769827ae7ca287f6372460f3428b4f58447cecb901c37cc4,fixture_synthetic
eurostat,job_vacancy_rate,PL,2024-Q4,Q,2024-10-01,2024-12-31,0.95,% of posts,,90,2025-03-31,2026-01-15T08:00:00Z,SYNTHETIC/job_vacancy_rate,c1ad8db40fe7b981769827ae7ca287f6372460f3428b4f58447cecb901c37cc4,fixture_synthetic
eurostat,job_vacancy_rate,PL,2025-Q1,Q,2025-01-01,2025-03-31,3.66,% of posts,,90,2025-06-29,2026-01-15T08:00:00Z,SYNTHETIC/job_vacancy_rate,c1ad8db40fe7b981769827ae7ca287f6372460f3428b4f58447cecb901c37cc4,fixture_synthetic
eurostat,job_vacancy_rate,PL,2025-Q2,Q,2025-04-01,2025-06-30,4.34,% of posts,,90,2025-09-28,2026-01-15T08:00:00Z,SYNTHETIC/job_vacancy_rate,c1ad8db40fe7b981769827ae7ca287f6372460f3428b4f58447cecb901c37cc4,fixture_synthetic
eurostat,job_vacancy_rate,PL,2025-Q3,Q,2025-07-01,2025-09-30,3.43,% of posts,,90,2025-12-29,2026-01-15T08:00:00Z,SYNTHETIC/job_vacancy_rate,c1ad8db40fe7b981769827ae7ca287f6372460f3428b4f58447cecb901c37cc4,fixture_synthetic
eurostat,job_vacancy_rate,RO,2019-Q1,Q,2019-01-01,2019-03-31,1.98,% of posts,,90,2019-06-29,2026-01-15T08:00:00Z,SYNTHETIC/job_vacancy_rate,c1ad8db40fe7b981769827ae7ca287f6372460f3428b4f58447cecb901c37cc4,fixture_synthetic
eurostat,job_vacancy_rate,RO,2019-Q2,Q,2019-04-01,2019-06-30,1.16,% of posts,,90,2019-09-28,2026-01-15T08:00:00Z,SYNTHETIC/job_vacancy_rate,c1ad8db40fe7b981769827ae7ca287f6372460f3428b4f58447cecb901c37cc4,fixture_synthetic
eurostat,job_vacancy_rate,RO,2019-Q3,Q,2019-07-01,2019-09-30,4.55,% of posts,,90,2019-12-29,2026-01-15T08:00:00Z,SYNTHETIC/job_vacancy_rate,c1ad8db40fe7b981769827ae7ca287f6372460f3428b4f58447cecb901c37cc4,fixture_synthetic
eurostat,job_vacancy_rate,RO,2019-Q4,Q,2019-10-01,2019-12-31,0.51,% of posts,,90,2020-03-30,2026-01-15T08:00:00Z,SYNTHETIC/job_vacancy_rate,c1ad8db40fe7b981769827ae7ca287f6372460f3428b4f58447cecb901c37cc4,fixture_synthetic
eurostat,job_vacancy_rate,RO,2020-Q1,Q,2020-01-01,2020-03-31,4.36,% of posts,,90,2020-06-29,2026-01-15T08:00:00Z,SYNTHETIC/job_vacancy_rate,c1ad8db40fe7b981769827ae7ca287f6372460f3428b4f58447cecb901c37cc4,fixture_synthetic
eurostat,job_vacancy_rate,RO,2020-Q2,Q,2020-04-01,2020-06-30,1.15,% of posts,,90,2020-09-28,2026-01-15T08:00:00Z,SYNTHETIC/job_vacancy_rate,c1ad8db40fe7b981769827ae7ca287f6372460f3428b4f58447cecb901c37cc4,fixture_synthetic
eurostat,job_vacancy_rate,RO,2020-Q3,Q,2020-07-01,2020-09-30,1.08,% of posts,,90,2020-12-29,2026-01-15T08:00:00Z,SYNTHETIC/job_vacancy_rate,c1ad8db40fe7b981769827ae7ca287f6372460f3428b4f58447cecb901c37cc4,fixture_synthetic
eurostat,job_vacancy_rate,RO,2020-Q4,Q,2020-10-01,2020-12-31,1.63,% of posts,,90,2021-03-31,2026-01-15T08:00:00Z,SYNTHETIC/job_vacancy_rate,c1ad8db40fe7b981769827ae7ca287f6372460f3428b4f58447cecb901c37cc4,fixture_synthetic
eurostat,job_vacancy_rate,RO,2021-Q1,Q,2021-01-01,2021-03-31,1.29,% of posts,,90,2021-06-29,2026-01-15T08:00:00Z,SYNTHETIC/job_vacancy_rate,c1ad8db40fe7b981769827ae7ca287f6372460f3428b4f58447cecb901c37cc4,fixture_synthetic
eurostat,job_vacancy_rate,RO,2021-Q2,Q,2021-04-01,2021-06-30,3.47,% of posts,,90,2021-09-28,2026-01-15T08:00:00Z,SYNTHETIC/job_vacancy_rate,c1ad8db40fe7b981769827ae7ca287f6372460f3428b4f58447cecb901c37cc4,fixture_synthetic
eurostat,job_vacancy_rate,RO,2021-Q3,Q,2021-07-01,2021-09-30,0.62,% of posts,,90,2021-12-29,2026-01-15T08:00:00Z,SYNTHETIC/job_vacancy_rate,c1ad8db40fe7b981769827ae7ca287f6372460f3428b4f58447cecb901c37cc4,fixture_synthetic
eurostat,job_vacancy_rate,RO,2021-Q4,Q,2021-10-01,2021-12-31,0.57,% of posts,,90,2022-03-31,2026-01-15T08:00:00Z,SYNTHETIC/job_vacancy_rate,c1ad8db40fe7b981769827ae7ca287f6372460f3428b4f58447cecb901c37cc4,fixture_synthetic
eurostat,job_vacancy_rate,RO,2022-Q1,Q,2022-01-01,2022-03-31,4.05,% of posts,,90,2022-06-29,2026-01-15T08:00:00Z,SYNTHETIC/job_vacancy_rate,c1ad8db40fe7b981769827ae7ca287f6372460f3428b4f58447cecb901c37cc4,fixture_synthetic
eurostat,job_vacancy_rate,RO,2022-Q2,Q,2022-04-01,2022-06-30,1.57,% of posts,,90,2022-09-28,2026-01-15T08:00:00Z,SYNTHETIC/job_vacancy_rate,c1ad8db40fe7b981769827ae7ca287f6372460f3428b4f58447cecb901c37cc4,fixture_synthetic
eurostat,job_vacancy_rate,RO,2022-Q3,Q,2022-07-01,2022-09-30,1.96,% of posts,,90,2022-12-29,2026-01-15T08:00:00Z,SYNTHETIC/job_vacancy_rate,c1ad8db40fe7b981769827ae7ca287f6372460f3428b4f58447cecb901c37cc4,fixture_synthetic
eurostat,job_vacancy_rate,RO,2022-Q4,Q,2022-10-01,2022-12-31,1.28,% of posts,,90,2023-03-31,2026-01-15T08:00:00Z,SYNTHETIC/job_vacancy_rate,c1ad8db40fe7b981769827ae7ca287f6372460f3428b4f58447cecb901c37cc4,fixture_synthetic
eurostat,job_vacancy_rate,RO,2023-Q1,Q,2023-01-01,2023-03-31,0.74,% of posts,,90,2023-06-29,2026-01-15T08:00:00Z,SYNTHETIC/job_vacancy_rate,c1ad8db40fe7b981769827ae7ca287f6372460f3428b4f58447cecb901c37cc4,fixture_synthetic
eurostat,job_vacancy_rate,RO,2023-Q2,Q,2023-04-01,2023-06-30,3.84,% of posts,,90,2023-09-28,2026-01-15T08:00:00Z,SYNTHETIC/job_vacancy_rate,c1ad8db40fe7b981769827ae7ca287f6372460f3428b4f58447cecb901c37cc4,fixture_synthetic
eurostat,job_vacancy_rate,RO,2023-Q3,Q,2023-07-01,2023-09-30,2.87,% of posts,,90,2023-12-29,2026-01-15T08:00:00Z,SYNTHETIC/job_vacancy_rate,c1ad8db40fe7b981769827ae7ca287f6372460f3428b4f58447cecb901c37cc4,fixture_synthetic
eurostat,job_vacancy_rate,RO,2023-Q4,Q,2023-10-01,2023-12-31,3.86,% of posts,,90,2024-03-30,2026-01-15T08:00:00Z,SYNTHETIC/job_vacancy_rate,c1ad8db40fe7b981769827ae7ca287f6372460f3428b4f58447cecb901c37cc4,fixture_synthetic
eurostat,job_vacancy_rate,RO,2024-Q1,Q,2024-01-01,2024-03-31,2.64,% of posts,,90,2024-06-29,2026-01-15T08:00:00Z,SYNTHETIC/job_vacancy_rate,c1ad8db40fe7b981769827ae7ca287f6372460f3428b4f58447cecb901c37cc4,fixture_synthetic
eurostat,job_vacancy_rate,RO,2024-Q2,Q,2024-04-01,2024-06-30,4.0,% of posts,,90,2024-09-28,2026-01-15T08:00:00Z,SYNTHETIC/job_vacancy_rate,c1ad8db40fe7b981769827ae7ca287f6372460f3428b4f58447cecb901c37cc4,fixture_synthetic
eurostat,job_vacancy_rate,RO,2024-Q3,Q,2024-07-01,2024-09-30,2.81,% of posts,,90,2024-12-29,2026-01-15T08:00:00Z,SYNTHETIC/job_vacancy_rate,c1ad8db40fe7b981769827ae7ca287f6372460f3428b4f58447cecb901c37cc4,fixture_synthetic
eurostat,job_vacancy_rate,RO,2024-Q4,Q,2024-10-01,2024-12-31,0.99,% of posts,p,90,2025-03-31,2026-01-15T08:00:00Z,SYNTHETIC/job_vacancy_rate,c1ad8db40fe7b981769827ae7ca287f6372460f3428b4f58447cecb901c37cc4,fixture_synthetic
eurostat,job_vacancy_rate,RO,2025-Q1,Q,2025-01-01,2025-03-31,2.77,% of posts,,90,2025-06-29,2026-01-15T08:00:00Z,SYNTHETIC/job_vacancy_rate,c1ad8db40fe7b981769827ae7ca287f6372460f3428b4f58447cecb901c37cc4,fixture_synthetic
eurostat,job_vacancy_rate,RO,2025-Q2,Q,2025-04-01,2025-06-30,4.75,% of posts,,90,2025-09-28,2026-01-15T08:00:00Z,SYNTHETIC/job_vacancy_rate,c1ad8db40fe7b981769827ae7ca287f6372460f3428b4f58447cecb901c37cc4,fixture_synthetic
eurostat,job_vacancy_rate,RO,2025-Q3,Q,2025-07-01,2025-09-30,0.7,% of posts,,90,2025-12-29,2026-01-15T08:00:00Z,SYNTHETIC/job_vacancy_rate,c1ad8db40fe7b981769827ae7ca287f6372460f3428b4f58447cecb901c37cc4,fixture_synthetic
worldbank,labour_force_participation,BG,2019,A,2019-01-01,2019-12-31,58.46,% of population 15+,,365,2020-12-30,2026-01-15T08:00:00Z,SYNTHETIC/labour_force_participation,32cc59306cad072337ad900b6f777e1441ad22a2bdd68c7eb0c2e73ba84fde46,fixture_synthetic
worldbank,labour_force_participation,BG,2020,A,2020-01-01,2020-12-31,76.85,% of population 15+,,365,2021-12-31,2026-01-15T08:00:00Z,SYNTHETIC/labour_force_participation,32cc59306cad072337ad900b6f777e1441ad22a2bdd68c7eb0c2e73ba84fde46,fixture_synthetic
worldbank,labour_force_participation,BG,2021,A,2021-01-01,2021-12-31,76.15,% of population 15+,,365,2022-12-31,2026-01-15T08:00:00Z,SYNTHETIC/labour_force_participation,32cc59306cad072337ad900b6f777e1441ad22a2bdd68c7eb0c2e73ba84fde46,fixture_synthetic
worldbank,labour_force_participation,BG,2022,A,2022-01-01,2022-12-31,74.08,% of population 15+,,365,2023-12-31,2026-01-15T08:00:00Z,SYNTHETIC/labour_force_participation,32cc59306cad072337ad900b6f777e1441ad22a2bdd68c7eb0c2e73ba84fde46,fixture_synthetic
worldbank,labour_force_participation,BG,2023,A,2023-01-01,2023-12-31,58.68,% of population 15+,,365,2024-12-30,2026-01-15T08:00:00Z,SYNTHETIC/labour_force_participation,32cc59306cad072337ad900b6f777e1441ad22a2bdd68c7eb0c2e73ba84fde46,fixture_synthetic
worldbank,labour_force_participation,BG,2024,A,2024-01-01,2024-12-31,60.55,% of population 15+,,365,2025-12-31,2026-01-15T08:00:00Z,SYNTHETIC/labour_force_participation,32cc59306cad072337ad900b6f777e1441ad22a2bdd68c7eb0c2e73ba84fde46,fixture_synthetic
worldbank,labour_force_participation,GR,2019,A,2019-01-01,2019-12-31,72.86,% of population 15+,,365,2020-12-30,2026-01-15T08:00:00Z,SYNTHETIC/labour_force_participation,32cc59306cad072337ad900b6f777e1441ad22a2bdd68c7eb0c2e73ba84fde46,fixture_synthetic
worldbank,labour_force_participation,GR,2020,A,2020-01-01,2020-12-31,61.19,% of population 15+,,365,2021-12-31,2026-01-15T08:00:00Z,SYNTHETIC/labour_force_participation,32cc59306cad072337ad900b6f777e1441ad22a2bdd68c7eb0c2e73ba84fde46,fixture_synthetic
worldbank,labour_force_participation,GR,2021,A,2021-01-01,2021-12-31,68.07,% of population 15+,,365,2022-12-31,2026-01-15T08:00:00Z,SYNTHETIC/labour_force_participation,32cc59306cad072337ad900b6f777e1441ad22a2bdd68c7eb0c2e73ba84fde46,fixture_synthetic
worldbank,labour_force_participation,GR,2022,A,2022-01-01,2022-12-31,62.07,% of population 15+,,365,2023-12-31,2026-01-15T08:00:00Z,SYNTHETIC/labour_force_participation,32cc59306cad072337ad900b6f777e1441ad22a2bdd68c7eb0c2e73ba84fde46,fixture_synthetic
worldbank,labour_force_participation,GR,2023,A,2023-01-01,2023-12-31,69.95,% of population 15+,,365,2024-12-30,2026-01-15T08:00:00Z,SYNTHETIC/labour_force_participation,32cc59306cad072337ad900b6f777e1441ad22a2bdd68c7eb0c2e73ba84fde46,fixture_synthetic
worldbank,labour_force_participation,GR,2024,A,2024-01-01,2024-12-31,56.65,% of population 15+,p,365,2025-12-31,2026-01-15T08:00:00Z,SYNTHETIC/labour_force_participation,32cc59306cad072337ad900b6f777e1441ad22a2bdd68c7eb0c2e73ba84fde46,fixture_synthetic
worldbank,labour_force_participation,IE,2019,A,2019-01-01,2019-12-31,62.12,% of population 15+,,365,2020-12-30,2026-01-15T08:00:00Z,SYNTHETIC/labour_force_participation,32cc59306cad072337ad900b6f777e1441ad22a2bdd68c7eb0c2e73ba84fde46,fixture_synthetic
worldbank,labour_force_participation,IE,2020,A,2020-01-01,2020-12-31,68.35,% of population 15+,,365,2021-12-31,2026-01-15T08:00:00Z,SYNTHETIC/labour_force_participation,32cc59306cad072337ad900b6f777e1441ad22a2bdd68c7eb0c2e73ba84fde46,fixture_synthetic
worldbank,labour_force_participation,IE,2021,A,2021-01-01,2021-12-31,66.73,% of population 15+,,365,2022-12-31,2026-01-15T08:00:00Z,SYNTHETIC/labour_force_participation,32cc59306cad072337ad900b6f777e1441ad22a2bdd68c7eb0c2e73ba84fde46,fixture_synthetic
worldbank,labour_force_participation,IE,2022,A,2022-01-01,2022-12-31,78.68,% of population 15+,,365,2023-12-31,2026-01-15T08:00:00Z,SYNTHETIC/labour_force_participation,32cc59306cad072337ad900b6f777e1441ad22a2bdd68c7eb0c2e73ba84fde46,fixture_synthetic
worldbank,labour_force_participation,IE,2023,A,2023-01-01,2023-12-31,62.04,% of population 15+,,365,2024-12-30,2026-01-15T08:00:00Z,SYNTHETIC/labour_force_participation,32cc59306cad072337ad900b6f777e1441ad22a2bdd68c7eb0c2e73ba84fde46,fixture_synthetic
worldbank,labour_force_participation,IE,2024,A,2024-01-01,2024-12-31,79.16,% of population 15+,,365,2025-12-31,2026-01-15T08:00:00Z,SYNTHETIC/labour_force_participation,32cc59306cad072337ad900b6f777e1441ad22a2bdd68c7eb0c2e73ba84fde46,fixture_synthetic
worldbank,labour_force_participation,IT,2019,A,2019-01-01,2019-12-31,74.27,% of population 15+,,365,2020-12-30,2026-01-15T08:00:00Z,SYNTHETIC/labour_force_participation,32cc59306cad072337ad900b6f777e1441ad22a2bdd68c7eb0c2e73ba84fde46,fixture_synthetic
worldbank,labour_force_participation,IT,2020,A,2020-01-01,2020-12-31,55.94,% of population 15+,,365,2021-12-31,2026-01-15T08:00:00Z,SYNTHETIC/labour_force_participation,32cc59306cad072337ad900b6f777e1441ad22a2bdd68c7eb0c2e73ba84fde46,fixture_synthetic
worldbank,labour_force_participation,IT,2021,A,2021-01-01,2021-12-31,58.28,% of population 15+,,365,2022-12-31,2026-01-15T08:00:00Z,SYNTHETIC/labour_force_participation,32cc59306cad072337ad900b6f777e1441ad22a2bdd68c7eb0c2e73ba84fde46,fixture_synthetic
worldbank,labour_force_participation,IT,2022,A,2022-01-01,2022-12-31,75.78,% of population 15+,,365,2023-12-31,2026-01-15T08:00:00Z,SYNTHETIC/labour_force_participation,32cc59306cad072337ad900b6f777e1441ad22a2bdd68c7eb0c2e73ba84fde46,fixture_synthetic
worldbank,labour_force_participation,IT,2023,A,2023-01-01,2023-12-31,59.14,% of population 15+,,365,2024-12-30,2026-01-15T08:00:00Z,SYNTHETIC/labour_force_participation,32cc59306cad072337ad900b6f777e1441ad22a2bdd68c7eb0c2e73ba84fde46,fixture_synthetic
worldbank,labour_force_participation,IT,2024,A,2024-01-01,2024-12-31,71.91,% of population 15+,,365,2025-12-31,2026-01-15T08:00:00Z,SYNTHETIC/labour_force_participation,32cc59306cad072337ad900b6f777e1441ad22a2bdd68c7eb0c2e73ba84fde46,fixture_synthetic
worldbank,labour_force_participation,PL,2019,A,2019-01-01,2019-12-31,71.75,% of population 15+,,365,2020-12-30,2026-01-15T08:00:00Z,SYNTHETIC/labour_force_participation,32cc59306cad072337ad900b6f777e1441ad22a2bdd68c7eb0c2e73ba84fde46,fixture_synthetic
worldbank,labour_force_participation,PL,2020,A,2020-01-01,2020-12-31,72.14,% of population 15+,,365,2021-12-31,2026-01-15T08:00:00Z,SYNTHETIC/labour_force_participation,32cc59306cad072337ad900b6f777e1441ad22a2bdd68c7eb0c2e73ba84fde46,fixture_synthetic
worldbank,labour_force_participation,PL,2021,A,2021-01-01,2021-12-31,65.59,% of population 15+,,365,2022-12-31,2026-01-15T08:00:00Z,SYNTHETIC/labour_force_participation,32cc59306cad072337ad900b6f777e1441ad22a2bdd68c7eb0c2e73ba84fde46,fixture_synthetic
worldbank,labour_force_participation,PL,2022,A,2022-01-01,2022-12-31,59.51,% of population 15+,,365,2023-12-31,2026-01-15T08:00:00Z,SYNTHETIC/labour_force_participation,32cc59306cad072337ad900b6f777e1441ad22a2bdd68c7eb0c2e73ba84fde46,fixture_synthetic
worldbank,labour_force_participation,PL,2023,A,2023-01-01,2023-12-31,67.16,% of population 15+,,365,2024-12-30,2026-01-15T08:00:00Z,SYNTHETIC/labour_force_participation,32cc59306cad072337ad900b6f777e1441ad22a2bdd68c7eb0c2e73ba84fde46,fixture_synthetic
worldbank,labour_force_participation,PL,2024,A,2024-01-01,2024-12-31,56.93,% of population 15+,,365,2025-12-31,2026-01-15T08:00:00Z,SYNTHETIC/labour_force_participation,32cc59306cad072337ad900b6f777e1441ad22a2bdd68c7eb0c2e73ba84fde46,fixture_synthetic
worldbank,labour_force_participation,RO,2019,A,2019-01-01,2019-12-31,62.1,% of population 15+,,365,2020-12-30,2026-01-15T08:00:00Z,SYNTHETIC/labour_force_participation,32cc59306cad072337ad900b6f777e1441ad22a2bdd68c7eb0c2e73ba84fde46,fixture_synthetic
worldbank,labour_force_participation,RO,2020,A,2020-01-01,2020-12-31,77.66,% of population 15+,,365,2021-12-31,2026-01-15T08:00:00Z,SYNTHETIC/labour_force_participation,32cc59306cad072337ad900b6f777e1441ad22a2bdd68c7eb0c2e73ba84fde46,fixture_synthetic
worldbank,labour_force_participation,RO,2021,A,2021-01-01,2021-12-31,69.57,% of population 15+,,365,2022-12-31,2026-01-15T08:00:00Z,SYNTHETIC/labour_force_participation,32cc59306cad072337ad900b6f777e1441ad22a2bdd68c7eb0c2e73ba84fde46,fixture_synthetic
worldbank,labour_force_participation,RO,2022,A,2022-01-01,2022-12-31,79.19,% of population 15+,,365,2023-12-31,2026-01-15T08:00:00Z,SYNTHETIC/labour_force_participation,32cc59306cad072337ad900b6f777e1441ad22a2bdd68c7eb0c2e73ba84fde46,fixture_synthetic
worldbank,labour_force_participation,RO,2023,A,2023-01-01,2023-12-31,69.88,% of population 15+,,365,2024-12-30,2026-01-15T08:00:00Z,SYNTHETIC/labour_force_participation,32cc59306cad072337ad900b6f777e1441ad22a2bdd68c7eb0c2e73ba84fde46,fixture_synthetic
worldbank,labour_force_participation,RO,2024,A,2024-01-01,2024-12-31,64.42,% of population 15+,,365,2025-12-31,2026-01-15T08:00:00Z,SYNTHETIC/labour_force_participation,32cc59306cad072337ad900b6f777e1441ad22a2bdd68c7eb0c2e73ba84fde46,fixture_synthetic
eurostat,unemployment_rate,BG,2019-01,M,2019-01-01,2019-01-31,2.88,% of active population,,45,2019-03-17,2026-01-15T08:00:00Z,SYNTHETIC/unemployment_rate,0c0763cf4b979d174ba4a3477e80966f857d0caf2ad4d3faad92b99bf1973647,fixture_synthetic
eurostat,unemployment_rate,BG,2019-02,M,2019-02-01,2019-02-28,6.3,% of active population,,45,2019-04-14,2026-01-15T08:00:00Z,SYNTHETIC/unemployment_rate,0c0763cf4b979d174ba4a3477e80966f857d0caf2ad4d3faad92b99bf1973647,fixture_synthetic
eurostat,unemployment_rate,BG,2019-03,M,2019-03-01,2019-03-31,9.86,% of active population,,45,2019-05-15,2026-01-15T08:00:00Z,SYNTHETIC/unemployment_rate,0c0763cf4b979d174ba4a3477e80966f857d0caf2ad4d3faad92b99bf1973647,fixture_synthetic
eurostat,unemployment_rate,BG,2019-04,M,2019-04-01,2019-04-30,15.67,% of active population,,45,2019-06-14,2026-01-15T08:00:00Z,SYNTHETIC/unemployment_rate,0c0763cf4b979d174ba4a3477e80966f857d0caf2ad4d3faad92b99bf1973647,fixture_synthetic
eurostat,unemployment_rate,BG,2019-05,M,2019-05-01,2019-05-31,3.63,% of active population,,45,2019-07-15,2026-01-15T08:00:00Z,SYNTHETIC/unemployment_rate,0c0763cf4b979d174ba4a3477e80966f857d0caf2ad4d3faad92b99bf1973647,fixture_synthetic
eurostat,unemployment_rate,BG,2019-06,M,2019-06-01,2019-06-30,8.92,% of active population,,45,2019-08-14,2026-01-15T08:00:00Z,SYNTHETIC/unemployment_rate,0c0763cf4b979d174ba4a3477e80966f857d0caf2ad4d3faad92b99bf1973647,fixture_synthetic
eurostat,unemployment_rate,BG,2019-07,M,2019-07-01,2019-07-31,12.26,% of active population,,45,2019-09-14,2026-01-15T08:00:00Z,SYNTHETIC/unemployment_rate,0c0763cf4b979d174ba4a3477e80966f857d0caf2ad4d3faad92b99bf1973647,fixture_synthetic
eurostat,unemployment_rate,BG,2019-08,M,2019-08-01,2019-08-31,5.51,% of active population,,45,2019-10-15,2026-01-15T08:00:00Z,SYNTHETIC/unemployment_rate,0c0763cf4b979d174ba4a3477e80966f857d0caf2ad4d3faad92b99bf1973647,fixture_synthetic
eurostat,unemployment_rate,BG,2019-09,M,2019-09-01,2019-09-30,13.29,% of active population,,45,2019-11-14,2026-01-15T08:00:00Z,SYNTHETIC/unemployment_rate,0c0763cf4b979d174ba4a3477e80966f857d0caf2ad4d3faad92b99bf1973647,fixture_synthetic
eurostat,unemployment_rate,BG,2019-10,M,2019-10-01,2019-10-31,10.16,% of active population,,45,2019-12-15,2026-01-15T08:00:00Z,SYNTHETIC/unemployment_rate,0c0763cf4b979d174ba4a3477e80966f857d0caf2ad4d3faad92b99bf1973647,fixture_synthetic
eurostat,unemployment_rate,BG,2019-11,M,2019-11-01,2019-11-30,6.28,% of active population,,45,2020-01-14,2026-01-15T08:00:00Z,SYNTHETIC/unemployment_rate,0c0763cf4b979d174ba4a3477e80966f857d0caf2ad4d3faad92b99bf1973647,fixture_synthetic
eurostat,unemployment_rate,BG,2019-12,M,2019-12-01,2019-12-31,12.67,% of active population,,45,2020-02-14,2026-01-15T08:00:00Z,SYNTHETIC/unemployment_rate,0c0763cf4b979d174ba4a3477e80966f857d0caf2ad4d3faad92b99bf1973647,fixture_synthetic
eurostat,unemployment_rate,BG,2020-01,M,2020-01-01,2020-01-31,2.59,% of active population,,45,2020-03-16,2026-01-15T08:00:00Z,SYNTHETIC/unemployment_rate,0c0763cf4b979d174ba4a3477e80966f857d0caf2ad4d3faad92b99bf1973647,fixture_synthetic
eurostat,unemployment_rate,BG,2020-02,M,2020-02-01,2020-02-29,14.14,% of active population,,45,2020-04-14,2026-01-15T08:00:00Z,SYNTHETIC/unemployment_rate,0c0763cf4b979d174ba4a3477e80966f857d0caf2ad4d3faad92b99bf1973647,fixture_synthetic
eurostat,unemployment_rate,BG,2020-03,M,2020-03-01,2020-03-31,14.44,% of active population,,45,2020-05-15,2026-01-15T08:00:00Z,SYNTHETIC/unemployment_rate,0c0763cf4b979d174ba4a3477e80966f857d0caf2ad4d3faad92b99bf1973647,fixture_synthetic
eurostat,unemployment_rate,BG,2020-04,M,2020-04-01,2020-04-30,4.15,% of active population,,45,2020-06-14,2026-01-15T08:00:00Z,SYNTHETIC/unemployment_rate,0c0763cf4b979d174ba4a3477e80966f857d0caf2ad4d3faad92b99bf1973647,fixture_synthetic
eurostat,unemployment_rate,BG,2020-05,M,2020-05-01,2020-05-31,9.09,% of active population,,45,2020-07-15,2026-01-15T08:00:00Z,SYNTHETIC/unemployment_rate,0c0763cf4b979d174ba4a3477e80966f857d0caf2ad4d3faad92b99bf1973647,fixture_synthetic
eurostat,unemployment_rate,BG,2020-06,M,2020-06-01,2020-06-30,5.23,% of active population,,45,2020-08-14,2026-01-15T08:00:00Z,SYNTHETIC/unemployment_rate,0c0763cf4b979d174ba4a3477e80966f857d0caf2ad4d3faad92b99bf1973647,fixture_synthetic
eurostat,unemployment_rate,BG,2020-07,M,2020-07-01,2020-07-31,17.35,% of active population,,45,2020-09-14,2026-01-15T08:00:00Z,SYNTHETIC/unemployment_rate,0c0763cf4b979d174ba4a3477e80966f857d0caf2ad4d3faad92b99bf1973647,fixture_synthetic
eurostat,unemployment_rate,BG,2020-08,M,2020-08-01,2020-08-31,10.53,% of active population,,45,2020-10-15,2026-01-15T08:00:00Z,SYNTHETIC/unemployment_rate,0c0763cf4b979d174ba4a3477e80966f857d0caf2ad4d3faad92b99bf1973647,fixture_synthetic
eurostat,unemployment_rate,BG,2020-09,M,2020-09-01,2020-09-30,3.28,% of active population,,45,2020-11-14,2026-01-15T08:00:00Z,SYNTHETIC/unemployment_rate,0c0763cf4b979d174ba4a3477e80966f857d0caf2ad4d3faad92b99bf1973647,fixture_synthetic
eurostat,unemployment_rate,BG,2020-10,M,2020-10-01,2020-10-31,6.36,% of active population,,45,2020-12-15,2026-01-15T08:00:00Z,SYNTHETIC/unemployment_rate,0c0763cf4b979d174ba4a3477e80966f857d0caf2ad4d3faad92b99bf1973647,fixture_synthetic
eurostat,unemployment_rate,BG,2020-11,M,2020-11-01,2020-11-30,15.65,% of active population,,45,2021-01-14,2026-01-15T08:00:00Z,SYNTHETIC/unemployment_rate,0c0763cf4b979d174ba4a3477e80966f857d0caf2ad4d3faad92b99bf1973647,fixture_synthetic
eurostat,unemployment_rate,BG,2020-12,M,2020-12-01,2020-12-31,9.58,% of active population,,45,2021-02-14,2026-01-15T08:00:00Z,SYNTHETIC/unemployment_rate,0c0763cf4b979d174ba4a3477e80966f857d0caf2ad4d3faad92b99bf1973647,fixture_synthetic
eurostat,unemployment_rate,BG,2021-01,M,2021-01-01,2021-01-31,14.92,% of active population,,45,2021-03-17,2026-01-15T08:00:00Z,SYNTHETIC/unemployment_rate,0c0763cf4b979d174ba4a3477e80966f857d0caf2ad4d3faad92b99bf1973647,fixture_synthetic
eurostat,unemployment_rate,BG,2021-02,M,2021-02-01,2021-02-28,12.85,% of active population,,45,2021-04-14,2026-01-15T08:00:00Z,SYNTHETIC/unemployment_rate,0c0763cf4b979d174ba4a3477e80966f857d0caf2ad4d3faad92b99bf1973647,fixture_synthetic
eurostat,unemployment_rate,BG,2021-03,M,2021-03-01,2021-03-31,17.81,% of active population,,45,2021-05-15,2026-01-15T08:00:00Z,SYNTHETIC/unemployment_rate,0c0763cf4b979d174ba4a3477e80966f857d0caf2ad4d3faad92b99bf1973647,fixture_synthetic
eurostat,unemployment_rate,BG,2021-04,M,2021-04-01,2021-04-30,11.73,% of active population,,45,2021-06-14,2026-01-15T08:00:00Z,SYNTHETIC/unemployment_rate,0c0763cf4b979d174ba4a3477e80966f857d0caf2ad4d3faad92b99bf1973647,fixture_synthetic
eurostat,unemployment_rate,BG,2021-05,M,2021-05-01,2021-05-31,17.23,% of active population,,45,2021-07-15,2026-01-15T08:00:00Z,SYNTHETIC/unemployment_rate,0c0763cf4b979d174ba4a3477e80966f857d0caf2ad4d3faad92b99bf1973647,fixture_synthetic
eurostat,unemployment_rate,BG,2021-06,M,2021-06-01,2021-06-30,16.32,% of active population,,45,2021-08-14,2026-01-15T08:00:00Z,SYNTHETIC/unemployment_rate,0c0763cf4b979d174ba4a3477e80966f857d0caf2ad4d3faad92b99bf1973647,fixture_synthetic
eurostat,unemployment_rate,BG,2021-07,M,2021-07-01,2021-07-31,12.0,% of active population,,45,2021-09-14,2026-01-15T08:00:00Z,SYNTHETIC/unemployment_rate,0c0763cf4b979d174ba4a3477e80966f857d0caf2ad4d3faad92b99bf1973647,fixture_synthetic
eurostat,unemployment_rate,BG,2021-08,M,2021-08-01,2021-08-31,13.65,% of active population,,45,2021-10-15,2026-01-15T08:00:00Z,SYNTHETIC/unemployment_rate,0c0763cf4b979d174ba4a3477e80966f857d0caf2ad4d3faad92b99bf1973647,fixture_synthetic
eurostat,unemployment_rate,BG,2021-09,M,2021-09-01,2021-09-30,10.32,% of active population,,45,2021-11-14,2026-01-15T08:00:00Z,SYNTHETIC/unemployment_rate,0c0763cf4b979d174ba4a3477e80966f857d0caf2ad4d3faad92b99bf1973647,fixture_synthetic
eurostat,unemployment_rate,BG,2021-10,M,2021-10-01,2021-10-31,15.37,% of active population,,45,2021-12-15,2026-01-15T08:00:00Z,SYNTHETIC/unemployment_rate,0c0763cf4b979d174ba4a3477e80966f857d0caf2ad4d3faad92b99bf1973647,fixture_synthetic
eurostat,unemployment_rate,BG,2021-11,M,2021-11-01,2021-11-30,10.99,% of active population,,45,2022-01-14,2026-01-15T08:00:00Z,SYNTHETIC/unemployment_rate,0c0763cf4b979d174ba4a3477e80966f857d0caf2ad4d3faad92b99bf1973647,fixture_synthetic
eurostat,unemployment_rate,BG,2021-12,M,2021-12-01,2021-12-31,16.41,% of active population,,45,2022-02-14,2026-01-15T08:00:00Z,SYNTHETIC/unemployment_rate,0c0763cf4b979d174ba4a3477e80966f857d0caf2ad4d3faad92b99bf1973647,fixture_synthetic
eurostat,unemployment_rate,BG,2022-01,M,2022-01-01,2022-01-31,14.03,% of active population,,45,2022-03-17,2026-01-15T08:00:00Z,SYNTHETIC/unemployment_rate,0c0763cf4b979d174ba4a3477e80966f857d0caf2ad4d3faad92b99bf1973647,fixture_synthetic
eurostat,unemployment_rate,BG,2022-02,M,2022-02-01,2022-02-28,9.86,% of active population,,45,2022-04-14,2026-01-15T08:00:00Z,SYNTHETIC/unemployment_rate,0c0763cf4b979d174ba4a3477e80966f857d0caf2ad4d3faad92b99bf1973647,fixture_synthetic
eurostat,unemployment_rate,BG,2022-03,M,2022-03-01,2022-03-31,6.52,% of active population,,45,2022-05-15,2026-01-15T08:00:00Z,SYNTHETIC/unemployment_rate,0c0763cf4b979d174ba4a3477e80966f857d0caf2ad4d3faad92b99bf1973647,fixture_synthetic
eurostat,unemployment_rate,BG,2022-04,M,2022-04-01,2022-04-30,6.33,% of active population,,45,2022-06-14,2026-01-15T08:00:00Z,SYNTHETIC/unemployment_rate,0c0763cf4b979d174ba4a3477e80966f857d0caf2ad4d3faad92b99bf1973647,fixture_synthetic
eurostat,unemployment_rate,BG,2022-05,M,2022-05-01,2022-05-31,12.38,% of active population,,45,2022-07-15,2026-01-15T08:00:00Z,SYNTHETIC/unemployment_rate,0c0763cf4b979d174ba4a3477e80966f857d0caf2ad4d3faad92b99bf1973647,fixture_synthetic
eurostat,unemployment_rate,BG,2022-06,M,2022-06-01,2022-06-30,14.37,% of active population,,45,2022-08-14,2026-01-15T08:00:00Z,SYNTHETIC/unemployment_rate,0c0763cf4b979d174ba4a3477e80966f857d0caf2ad4d3faad92b99bf1973647,fixture_synthetic
eurostat,unemployment_rate,BG,2022-07,M,2022-07-01,2022-07-31,10.58,% of active population,,45,2022-09-14,2026-01-15T08:00:00Z,SYNTHETIC/unemployment_rate,0c0763cf4b979d174ba4a3477e80966f857d0caf2ad4d3faad92b99bf1973647,fixture_synthetic
eurostat,unemployment_rate,BG,2022-08,M,2022-08-01,2022-08-31,12.21,% of active population,,45,2022-10-15,2026-01-15T08:00:00Z,SYNTHETIC/unemployment_rate,0c0763cf4b979d174ba4a3477e80966f857d0caf2ad4d3faad92b99bf1973647,fixture_synthetic
eurostat,unemployment_rate,BG,2022-09,M,2022-09-01,2022-09-30,6.76,% of active population,,45,2022-11-14,2026-01-15T08:00:00Z,SYNTHETIC/unemployment_rate,0c0763cf4b979d174ba4a3477e80966f857d0caf2ad4d3faad92b99bf1973647,fixture_synthetic
eurostat,unemployment_rate,BG,2022-10,M,2022-10-01,2022-10-31,3.7,% of active population,,45,2022-12-15,2026-01-15T08:00:00Z,SYNTHETIC/unemployment_rate,0c0763cf4b979d174ba4a3477e80966f857d0caf2ad4d3faad92b99bf1973647,fixture_synthetic
eurostat,unemployment_rate,BG,2022-11,M,2022-11-01,2022-11-30,6.93,% of active population,,45,2023-01-14,2026-01-15T08:00:00Z,SYNTHETIC/unemployment_rate,0c0763cf4b979d174ba4a3477e80966f857d0caf2ad4d3faad92b99bf1973647,fixture_synthetic
eurostat,unemployment_rate,BG,2022-12,M,2022-12-01,2022-12-31,6.71,% of active population,,45,2023-02-14,2026-01-15T08:00:00Z,SYNTHETIC/unemployment_rate,0c0763cf4b979d174ba4a3477e80966f857d0caf2ad4d3faad92b99bf1973647,fixture_synthetic
eurostat,unemployment_rate,BG,2023-01,M,2023-01-01,2023-01-31,7.46,% of active population,,45,2023-03-17,2026-01-15T08:00:00Z,SYNTHETIC/unemployment_rate,0c0763cf4b979d174ba4a3477e80966f857d0caf2ad4d3faad92b99bf1973647,fixture_synthetic
eurostat,unemployment_rate,BG,2023-02,M,2023-02-01,2023-02-28,10.87,% of active population,,45,2023-04-14,2026-01-15T08:00:00Z,SYNTHETIC/unemployment_rate,0c0763cf4b979d174ba4a3477e80966f857d0caf2ad4d3faad92b99bf1973647,fixture_synthetic
eurostat,unemployment_rate,BG,2023-03,M,2023-03-01,2023-03-31,4.64,% of active population,,45,2023-05-15,2026-01-15T08:00:00Z,SYNTHETIC/unemployment_rate,0c0763cf4b979d174ba4a3477e80966f857d0caf2ad4d3faad92b99bf1973647,fixture_synthetic
eurostat,unemployment_rate,BG,2023-04,M,2023-04-01,2023-04-30,6.08,% of active population,,45,2023-06-14,2026-01-15T08:00:00Z,SYNTHETIC/unemployment_rate,0c0763cf4b979d174ba4a3477e80966f857d0caf2ad4d3faad92b99bf1973647,fixture_synthetic
eurostat,unemployment_rate,BG,2023-05,M,2023-05-01,2023-05-31,13.26,% of active population,,45,2023-07-15,2026-01-15T08:00:00Z,SYNTHETIC/unemployment_rate,0c0763cf4b979d174ba4a3477e80966f857d0caf2ad4d3faad92b99bf1973647,fixture_synthetic
eurostat,unemployment_rate,BG,2023-06,M,2023-06-01,2023-06-30,13.45,% of active population,,45,2023-08-14,2026-01-15T08:00:00Z,SYNTHETIC/unemployment_rate,0c0763cf4b979d174ba4a3477e80966f857d0caf2ad4d3faad92b99bf1973647,fixture_synthetic
eurostat,unemployment_rate,BG,2023-07,M,2023-07-01,2023-07-31,3.5,% of active population,,45,2023-09-14,2026-01-15T08:00:00Z,SYNTHETIC/unemployment_rate,0c0763cf4b979d174ba4a3477e80966f857d0caf2ad4d3faad92b99bf1973647,fixture_synthetic
eurostat,unemployment_rate,BG,2023-08,M,2023-08-01,2023-08-31,8.82,% of active population,,45,2023-10-15,2026-01-15T08:00:00Z,SYNTHETIC/unemployment_rate,0c0763cf4b979d174ba4a3477e80966f857d0caf2ad4d3faad92b99bf1973647,fixture_synthetic
eurostat,unemployment_rate,BG,2023-09,M,2023-09-01,2023-09-30,10.91,% of active population,,45,2023-11-14,2026-01-15T08:00:00Z,SYNTHETIC/unemployment_rate,0c0763cf4b979d174ba4a3477e80966f857d0caf2ad4d3faad92b99bf1973647,fixture_synthetic
eurostat,unemployment_rate,BG,2023-10,M,2023-10-01,2023-10-31,8.94,% of active population,,45,2023-12-15,2026-01-15T08:00:00Z,SYNTHETIC/unemployment_rate,0c0763cf4b979d174ba4a3477e80966f857d0caf2ad4d3faad92b99bf1973647,fixture_synthetic
eurostat,unemployment_rate,BG,2023-11,M,2023-11-01,2023-11-30,5.71,% of active population,,45,2024-01-14,2026-01-15T08:00:00Z,SYNTHETIC/unemployment_rate,0c0763cf4b979d174ba4a3477e80966f857d0caf2ad4d3faad92b99bf1973647,fixture_synthetic
eurostat,unemployment_rate,BG,2023-12,M,2023-12-01,2023-12-31,9.01,% of active population,,45,2024-02-14,2026-01-15T08:00:00Z,SYNTHETIC/unemployment_rate,0c0763cf4b979d174ba4a3477e80966f857d0caf2ad4d3faad92b99bf1973647,fixture_synthetic
eurostat,unemployment_rate,BG,2024-01,M,2024-01-01,2024-01-31,16.52,% of active population,,45,2024-03-16,2026-01-15T08:00:00Z,SYNTHETIC/unemployment_rate,0c0763cf4b979d174ba4a3477e80966f857d0caf2ad4d3faad92b99bf1973647,fixture_synthetic
eurostat,unemployment_rate,BG,2024-02,M,2024-02-01,2024-02-29,11.55,% of active population,,45,2024-04-14,2026-01-15T08:00:00Z,SYNTHETIC/unemployment_rate,0c0763cf4b979d174ba4a3477e80966f857d0caf2ad4d3faad92b99bf1973647,fixture_synthetic
eurostat,unemployment_rate,BG,2024-03,M,2024-03-01,2024-03-31,13.28,% of active population,,45,2024-05-15,2026-01-15T08:00:00Z,SYNTHETIC/unemployment_rate,0c0763cf4b979d174ba4a3477e80966f857d0caf2ad4d3faad92b99bf1973647,fixture_synthetic
eurostat,unemployment_rate,BG,2024-04,M,2024-04-01,2024-04-30,15.78,% of active population,,45,2024-06-14,2026-01-15T08:00:00Z,SYNTHETIC/unemployment_rate,0c0763cf4b979d174ba4a3477e80966f857d0caf2ad4d3faad92b99bf1973647,fixture_synthetic
eurostat,unemployment_rate,BG,2024-05,M,2024-05-01,2024-05-31,14.37,% of active population,,45,2024-07-15,2026-01-15T08:00:00Z,SYNTHETIC/unemployment_rate,0c0763cf4b979d174ba4a3477e80966f857d0caf2ad4d3faad92b99bf1973647,fixture_synthetic
eurostat,unemployment_rate,BG,2024-06,M,2024-06-01,2024-06-30,8.4,% of active population,,45,2024-08-14,2026-01-15T08:00:00Z,SYNTHETIC/unemployment_rate,0c0763cf4b979d174ba4a3477e80966f857d0caf2ad4d3faad92b99bf1973647,fixture_synthetic
eurostat,unemployment_rate,BG,2024-07,M,2024-07-01,2024-07-31,2.59,% of active population,,45,2024-09-14,2026-01-15T08:00:00Z,SYNTHETIC/unemployment_rate,0c0763cf4b979d174ba4a3477e80966f857d0caf2ad4d3faad92b99bf1973647,fixture_synthetic
eurostat,unemployment_rate,BG,2024-08,M,2024-08-01,2024-08-31,7.95,% of active population,,45,2024-10-15,2026-01-15T08:00:00Z,SYNTHETIC/unemployment_rate,0c0763cf4b979d174ba4a3477e80966f857d0caf2ad4d3faad92b99bf1973647,fixture_synthetic
eurostat,unemployment_rate,BG,2024-09,M,2024-09-01,2024-09-30,14.18,% of active population,,45,2024-11-14,2026-01-15T08:00:00Z,SYNTHETIC/unemployment_rate,0c0763cf4b979d174ba4a3477e80966f857d0caf2ad4d3faad92b99bf1973647,fixture_synthetic
eurostat,unemployment_rate,BG,2024-10,M,2024-10-01,2024-10-31,15.73,% of active population,,45,2024-12-15,2026-01-15T08:00:00Z,SYNTHETIC/unemployment_rate,0c0763cf4b979d174ba4a3477e80966f857d0caf2ad4d3faad92b99bf1973647,fixture_synthetic
eurostat,unemployment_rate,BG,2024-11,M,2024-11-01,2024-11-30,17.28,% of active population,,45,2025-01-14,2026-01-15T08:00:00Z,SYNTHETIC/unemployment_rate,0c0763cf4b979d174ba4a3477e80966f857d0caf2ad4d3faad92b99bf1973647,fixture_synthetic
eurostat,unemployment_rate,BG,2024-12,M,2024-12-01,2024-12-31,8.99,% of active population,,45,2025-02-14,2026-01-15T08:00:00Z,SYNTHETIC/unemployment_rate,0c0763cf4b979d174ba4a3477e80966f857d0caf2ad4d3faad92b99bf1973647,fixture_synthetic
eurostat,unemployment_rate,BG,2025-01,M,2025-01-01,2025-01-31,14.09,% of active population,,45,2025-03-17,2026-01-15T08:00:00Z,SYNTHETIC/unemployment_rate,0c0763cf4b979d174ba4a3477e80966f857d0caf2ad4d3faad92b99bf1973647,fixture_synthetic
eurostat,unemployment_rate,BG,2025-02,M,2025-02-01,2025-02-28,10.97,% of active population,,45,2025-04-14,2026-01-15T08:00:00Z,SYNTHETIC/unemployment_rate,0c0763cf4b979d174ba4a3477e80966f857d0caf2ad4d3faad92b99bf1973647,fixture_synthetic
eurostat,unemployment_rate,BG,2025-03,M,2025-03-01,2025-03-31,11.85,% of active population,,45,2025-05-15,2026-01-15T08:00:00Z,SYNTHETIC/unemployment_rate,0c0763cf4b979d174ba4a3477e80966f857d0caf2ad4d3faad92b99bf1973647,fixture_synthetic
eurostat,unemployment_rate,BG,2025-04,M,2025-04-01,2025-04-30,5.92,% of active population,,45,2025-06-14,2026-01-15T08:00:00Z,SYNTHETIC/unemployment_rate,0c0763cf4b979d174ba4a3477e80966f857d0caf2ad4d3faad92b99bf1973647,fixture_synthetic
eurostat,unemployment_rate,BG,2025-05,M,2025-05-01,2025-05-31,5.9,% of active population,,45,2025-07-15,2026-01-15T08:00:00Z,SYNTHETIC/unemployment_rate,0c0763cf4b979d174ba4a3477e80966f857d0caf2ad4d3faad92b99bf1973647,fixture_synthetic
eurostat,unemployment_rate,BG,2025-06,M,2025-06-01,2025-06-30,9.26,% of active population,,45,2025-08-14,2026-01-15T08:00:00Z,SYNTHETIC/unemployment_rate,0c0763cf4b979d174ba4a3477e80966f857d0caf2ad4d3faad92b99bf1973647,fixture_synthetic
eurostat,unemployment_rate,BG,2025-07,M,2025-07-01,2025-07-31,2.95,% of active population,,45,2025-09-14,2026-01-15T08:00:00Z,SYNTHETIC/unemployment_rate,0c0763cf4b979d174ba4a3477e80966f857d0caf2ad4d3faad92b99bf1973647,fixture_synthetic
eurostat,unemployment_rate,BG,2025-08,M,2025-08-01,2025-08-31,7.71,% of active population,,45,2025-10-15,2026-01-15T08:00:00Z,SYNTHETIC/unemployment_rate,0c0763cf4b979d174ba4a3477e80966f857d0caf2ad4d3faad92b99bf1973647,fixture_synthetic
eurostat,unemployment_rate,BG,2025-09,M,2025-09-01,2025-09-30,13.03,% of active population,,45,2025-11-14,2026-01-15T08:00:00Z,SYNTHETIC/unemployment_rate,0c0763cf4b979d174ba4a3477e80966f857d0caf2ad4d3faad92b99bf1973647,fixture_synthetic
eurostat,unemployment_rate,BG,2025-10,M,2025-10-01,2025-10-31,8.77,% of active population,,45,2025-12-15,2026-01-15T08:00:00Z,SYNTHETIC/unemployment_rate,0c0763cf4b979d174ba4a3477e80966f857d0caf2ad4d3faad92b99bf1973647,fixture_synthetic
eurostat,unemployment_rate,BG,2025-11,M,2025-11-01,2025-11-30,5.06,% of active population,,45,2026-01-14,2026-01-15T08:00:00Z,SYNTHETIC/unemployment_rate,0c0763cf4b979d174ba4a3477e80966f857d0caf2ad4d3faad92b99bf1973647,fixture_synthetic
eurostat,unemployment_rate,GR,2019-01,M,2019-01-01,2019-01-31,12.41,% of active population,,45,2019-03-17,2026-01-15T08:00:00Z,SYNTHETIC/unemployment_rate,0c0763cf4b979d174ba4a3477e80966f857d0caf2ad4d3faad92b99bf1973647,fixture_synthetic
eurostat,unemployment_rate,GR,2019-02,M,2019-02-01,2019-02-28,2.89,% of active population,,45,2019-04-14,2026-01-15T08:00:00Z,SYNTHETIC/unemployment_rate,0c0763cf4b979d174ba4a3477e80966f857d0caf2ad4d3faad92b99bf1973647,fixture_synthetic
eurostat,unemployment_rate,GR,2019-03,M,2019-03-01,2019-03-31,6.76,% of active population,,45,2019-05-15,2026-01-15T08:00:00Z,SYNTHETIC/unemployment_rate,0c0763cf4b979d174ba4a3477e80966f857d0caf2ad4d3faad92b99bf1973647,fixture_synthetic
eurostat,unemployment_rate,GR,2019-04,M,2019-04-01,2019-04-30,5.96,% of active population,,45,2019-06-14,2026-01-15T08:00:00Z,SYNTHETIC/unemployment_rate,0c0763cf4b979d174ba4a3477e80966f857d0caf2ad4d3faad92b99bf1973647,fixture_synthetic
eurostat,unemployment_rate,GR,2019-05,M,2019-05-01,2019-05-31,13.92,% of active population,,45,2019-07-15,2026-01-15T08:00:00Z,SYNTHETIC/unemployment_rate,0c0763cf4b979d174ba4a3477e80966f857d0caf2ad4d3faad92b99bf1973647,fixture_synthetic
eurostat,unemployment_rate,GR,2019-06,M,2019-06-01,2019-06-30,12.99,% of active population,,45,2019-08-14,2026-01-15T08:00:00Z,SYNTHETIC/unemployment_rate,0c0763cf4b979d174ba4a3477e80966f857d0caf2ad4d3faad92b99bf1973647,fixture_synthetic
eurostat,unemployment_rate,GR,2019-07,M,2019-07-01,2019-07-31,16.33,% of active population,,45,2019-09-14,2026-01-15T08:00:00Z,SYNTHETIC/unemployment_rate,0c0763cf4b979d174ba4a3477e80966f857d0caf2ad4d3faad92b99bf1973647,fixture_synthetic
eurostat,unemployment_rate,GR,2019-08,M,2019-08-01,2019-08-31,3.85,% of active population,,45,2019-10-15,2026-01-15T08:00:00Z,SYNTHETIC/unemployment_rate,0c0763cf4b979d174ba4a3477e80966f857d0caf2ad4d3faad92b99bf1973647,fixture_synthetic
eurostat,unemployment_rate,GR,2019-09,M,2019-09-01,2019-09-30,9.04,% of active population,,45,2019-11-14,2026-01-15T08:00:00Z,SYNTHETIC/unemployment_rate,0c0763cf4b979d174ba4a3477e80966f857d0caf2ad4d3faad92b99bf1973647,fixture_synthetic
eurostat,unemployment_rate,GR,2019-10,M,2019-10-01,2019-10-31,2.96,% of active population,,45,2019-12-15,2026-01-15T08:00:00Z,SYNTHETIC/unemployment_rate,0c0763cf4b979d174ba4a3477e80966f857d0caf2ad4d3faad92b99bf1973647,fixture_synthetic
eurostat,unemployment_rate,GR,2019-11,M,2019-11-01,2019-11-30,5.89,% of active population,,45,2020-01-14,2026-01-15T08:00:00Z,SYNTHETIC/unemployment_rate,0c0763cf4b979d174ba4a3477e80966f857d0caf2ad4d3faad92b99bf1973647,fixture_synthetic
eurostat,unemployment_rate,GR,2019-12,M,2019-12-01,2019-12-31,10.33,% of active population,,45,2020-02-14,2026-01-15T08:00:00Z,SYNTHETIC/unemployment_rate,0c0763cf4b979d174ba4a3477e80966f857d0caf2ad4d3faad92b99bf1973647,fixture_synthetic
eurostat,unemployment_rate,GR,2020-01,M,2020-01-01,2020-01-31,2.91,% of active population,,45,2020-03-16,2026-01-15T08:00:00Z,SYNTHETIC/unemployment_rate,0c0763cf4b979d174ba4a3477e80966f857d0caf2ad4d3faad92b99bf1973647,fixture_synthetic
eurostat,unemployment_rate,GR,2020-02,M,2020-02-01,2020-02-29,5.58,% of active population,,45,2020-04-14,2026-01-15T08:00:00Z,SYNTHETIC/unemployment_rate,0c0763cf4b979d174ba4a3477e80966f857d0caf2ad4d3faad92b99bf1973647,fixture_synthetic
eurostat,unemployment_rate,GR,2020-03,M,2020-03-01,2020-03-31,12.57,% of active population,,45,2020-05-15,2026-01-15T08:00:00Z,SYNTHETIC/unemployment_rate,0c0763cf4b979d174ba4a3477e80966f857d0caf2ad4d3faad92b99bf1973647,fixture_synthetic
eurostat,unemployment_rate,GR,2020-04,M,2020-04-01,2020-04-30,10.95,% of active population,,45,2020-06-14,2026-01-15T08:00:00Z,SYNTHETIC/unemployment_rate,0c0763cf4b979d174ba4a3477e80966f857d0caf2ad4d3faad92b99bf1973647,fixture_synthetic
eurostat,unemployment_rate,GR,2020-05,M,2020-05-01,2020-05-31,5.92,% of active population,,45,2020-07-15,2026-01-15T08:00:00Z,SYNTHETIC/unemployment_rate,0c0763cf4b979d174ba4a3477e80966f857d0caf2ad4d3faad92b99bf1973647,fixture_synthetic
eurostat,unemployment_rate,GR,2020-06,M,2020-06-01,2020-06-30,11.63,% of active population,,45,2020-08-14,2026-01-15T08:00:00Z,SYNTHETIC/unemployment_rate,0c0763cf4b979d174ba4a3477e80966f857d0caf2ad4d3faad92b99bf1973647,fixture_synthetic
eurostat,unemployment_rate,GR,2020-07,M,2020-07-01,2020-07-31,15.05,% of active population,,45,2020-09-14,2026-01-15T08:00:00Z,SYNTHETIC/unemployment_rate,0c0763cf4b979d174ba4a3477e80966f857d0caf2ad4d3faad92b99bf1973647,fixture_synthetic
eurostat,unemployment_rate,GR,2020-08,M,2020-08-01,2020-08-31,2.6,% of active population,,45,2020-10-15,2026-01-15T08:00:00Z,SYNTHETIC/unemployment_rate,0c0763cf4b979d174ba4a3477e80966f857d0caf2ad4d3faad92b99bf1973647,fixture_synthetic
eurostat,unemployment_rate,GR,2020-09,M,2020-09-01,2020-09-30,14.99,% of active population,,45,2020-11-14,2026-01-15T08:00:00Z,SYNTHETIC/unemployment_rate,0c0763cf4b979d174ba4a3477e80966f857d0caf2ad4d3faad92b99bf1973647,fixture_synthetic
eurostat,unemployment_rate,GR,2020-10,M,2020-10-01,2020-10-31,13.32,% of active population,,45,2020-12-15,2026-01-15T08:00:00Z,SYNTHETIC/unemployment_rate,0c0763cf4b979d174ba4a3477e80966f857d0caf2ad4d3faad92b99bf1973647,fixture_synthetic
eurostat,unemployment_rate,GR,2020-11,M,2020-11-01,2020-11-30,7.77,% of active population,,45,2021-01-14,2026-01-15T08:00:00Z,SYNTHETIC/unemployment_rate,0c0763cf4b979d174ba4a3477e80966f857d0caf2ad4d3faad92b99bf1973647,fixture_synthetic
eurostat,unemployment_rate,GR,2020-12,M,2020-12-01,2020-12-31,4.91,% of active population,,45,2021-02-14,2026-01-15T08:00:00Z,SYNTHETIC/unemployment_rate,0c0763cf4b979d174ba4a3477e80966f857d0caf2ad4d3faad92b99bf1973647,fixture_synthetic
eurostat,unemployment_rate,GR,2021-01,M,2021-01-01,2021-01-31,17.34,% of active population,,45,2021-03-17,2026-01-15T08:00:00Z,SYNTHETIC/unemployment_rate,0c0763cf4b979d174ba4a3477e80966f857d0caf2ad4d3faad92b99bf1973647,fixture_synthetic
eurostat,unemployment_rate,GR,2021-02,M,2021-02-01,2021-02-28,7.72,% of active population,,45,2021-04-14,2026-01-15T08:00:00Z,SYNTHETIC/unemployment_rate,0c0763cf4b979d174ba4a3477e80966f857d0caf2ad4d3faad92b99bf1973647,fixture_synthetic
eurostat,unemployment_rate,GR,2021-03,M,2021-03-01,2021-03-31,3.94,% of active population,,45,2021-05-15,2026-01-15T08:00:00Z,SYNTHETIC/unemployment_rate,0c0763cf4b979d174ba4a3477e80966f857d0caf2ad4d3faad92b99bf1973647,fixture_synthetic
eurostat,unemployment_rate,GR,2021-04,M,2021-04-01,2021-04-30,4.0,% of active population,,45,2021-06-14,2026-01-15T08:00:00Z,SYNTHETIC/unemployment_rate,0c0763cf4b979d174ba4a3477e80966f857d0caf2ad4d3faad92b99bf1973647,fixture_synthetic
eurostat,unemployment_rate,GR,2021-05,M,2021-05-01,2021-05-31,15.64,% of active population,,45,2021-07-15,2026-01-15T08:00:00Z,SYNTHETIC/unemployment_rate,0c0763cf4b979d174ba4a3477e80966f857d0caf2ad4d3faad92b99bf1973647,fixture_synthetic
eurostat,unemployment_rate,GR,2021-06,M,2021-06-01,2021-06-30,11.86,% of active population,,45,2021-08-14,2026-01-15T08:00:00Z,SYNTHETIC/unemployment_rate,0c0763cf4b979d174ba4a3477e80966f857d0caf2ad4d3faad92b99bf1973647,fixture_synthetic
eurostat,unemployment_rate,GR,2021-07,M,2021-07-01,2021-07-31,15.01,% of active population,,45,2021-09-14,2026-01-15T08:00:00Z,SYNTHETIC/unemployment_rate,0c0763cf4b979d174ba4a3477e80966f857d0caf2ad4d3faad92b99bf1973647,fixture_synthetic
eurostat,unemployment_rate,GR,2021-08,M,2021-08-01,2021-08-31,13.81,% of active population,,45,2021-10-15,2026-01-15T08:00:00Z,SYNTHETIC/unemployment_rate,0c0763cf4b979d174ba4a3477e80966f857d0caf2ad4d3faad92b99bf1973647,fixture_synthetic
eurostat,unemployment_rate,GR,2021-09,M,2021-09-01,2021-09-30,10.81,% of active population,,45,2021-11-14,2026-01-15T08:00:00Z,SYNTHETIC/unemployment_rate,0c0763cf4b979d174ba4a3477e80966f857d0caf2ad4d3faad92b99bf1973647,fixture_synthetic
eurostat,unemployment_rate,GR,2021-10,M,2021-10-01,2021-10-31,17.58,% of active population,,45,2021-12-15,2026-01-15T08:00:00Z,SYNTHETIC/unemployment_rate,0c0763cf4b979d174ba4a3477e80966f857d0caf2ad4d3faad92b99bf1973647,fixture_synthetic
eurostat,unemployment_rate,GR,2021-11,M,2021-11-01,2021-11-30,8.37,% of active population,,45,2022-01-14,2026-01-15T08:00:00Z,SYNTHETIC/unemployment_rate,0c0763cf4b979d174ba4a3477e80966f857d0caf2ad4d3faad92b99bf1973647,fixture_synthetic
eurostat,unemployment_rate,GR,2021-12,M,2021-12-01,2021-12-31,11.06,% of active population,,45,2022-02-14,2026-01-15T08:00:00Z,SYNTHETIC/unemployment_rate,0c0763cf4b979d174ba4a3477e80966f857d0caf2ad4d3faad92b99bf1973647,fixture_synthetic
eurostat,unemployment_rate,GR,2022-01,M,2022-01-01,2022-01-31,15.36,% of active population,,45,2022-03-17,2026-01-15T08:00:00Z,SYNTHETIC/unemployment_rate,0c0763cf4b979d174ba4a3477e80966f857d0caf2ad4d3faad92b99bf1973647,fixture_synthetic
eurostat,unemployment_rate,GR,2022-02,M,2022-02-01,2022-02-28,12.09,% of active population,,45,2022-04-14,2026-01-15T08:00:00Z,SYNTHETIC/unemployment_rate,0c0763cf4b979d174ba4a3477e80966f857d0caf2ad4d3faad92b99bf1973647,fixture_synthetic
eurostat,unemployment_rate,GR,2022-03,M,2022-03-01,2022-03-31,15.86,% of active population,,45,2022-05-15,2026-01-15T08:00:00Z,SYNTHETIC/unemployment_rate,0c0763cf4b979d174ba4a3477e80966f857d0caf2ad4d3faad92b99bf1973647,fixture_synthetic
eurostat,unemployment_rate,GR,2022-04,M,2022-04-01,2022-04-30,11.45,% of active population,,45,2022-06-14,2026-01-15T08:00:00Z,SYNTHETIC/unemployment_rate,0c0763cf4b979d174ba4a3477e80966f857d0caf2ad4d3faad92b99bf1973647,fixture_synthetic
eurostat,unemployment_rate,GR,2022-05,M,2022-05-01,2022-05-31,13.42,% of active population,,45,2022-07-15,2026-01-15T08:00:00Z,SYNTHETIC/unemployment_rate,0c0763cf4b979d174ba4a3477e80966f857d0caf2ad4d3faad92b99bf1973647,fixture_synthetic
eurostat,unemployment_rate,GR,2022-06,M,2022-06-01,2022-06-30,3.21,% of active population,,45,2022-08-14,2026-01-15T08:00:00Z,SYNTHETIC/unemployment_rate,0c0763cf4b979d174ba4a3477e80966f857d0caf2ad4d3faad92b99bf1973647,fixture_synthetic
eurostat,unemployment_rate,GR,2022-07,M,2022-07-01,2022-07-31,6.03,% of active population,,45,2022-09-14,2026-01-15T08:00:00Z,SYNTHETIC/unemployment_rate,0c0763cf4b979d174ba4a3477e80966f857d0caf2ad4d3faad92b99bf1973647,fixture_synthetic
eurostat,unemployment_rate,GR,2022-08,M,2022-08-01,2022-08-31,6.99,% of active population,,45,2022-10-15,2026-01-15T08:00:00Z,SYNTHETIC/unemployment_rate,0c0763cf4b979d174ba4a3477e80966f857d0caf2ad4d3faad92b99bf1973647,fixture_synthetic
eurostat,unemployment_rate,GR,2022-09,M,2022-09-01,2022-09-30,3.74,% of active population,,45,2022-11-14,2026-01-15T08:00:00Z,SYNTHETIC/unemployment_rate,0c0763cf4b979d174ba4a3477e80966f857d0caf2ad4d3faad92b99bf1973647,fixture_synthetic
eurostat,unemployment_rate,GR,2022-10,M,2022-10-01,2022-10-31,6.11,% of active population,,45,2022-12-15,2026-01-15T08:00:00Z,SYNTHETIC/unemployment_rate,0c0763cf4b979d174ba4a3477e80966f857d0caf2ad4d3faad92b99bf1973647,fixture_synthetic
eurostat,unemployment_rate,GR,2022-11,M,2022-11-01,2022-11-30,4.07,% of active population,,45,2023-01-14,2026-01-15T08:00:00Z,SYNTHETIC/unemployment_rate,0c0763cf4b979d174ba4a3477e80966f857d0caf2ad4d3faad92b99bf1973647,fixture_synthetic
eurostat,unemployment_rate,GR,2022-12,M,2022-12-01,2022-12-31,6.81,% of active population,,45,2023-02-14,2026-01-15T08:00:00Z,SYNTHETIC/unemployment_rate,0c0763cf4b979d174ba4a3477e80966f857d0caf2ad4d3faad92b99bf1973647,fixture_synthetic
eurostat,unemployment_rate,GR,2023-01,M,2023-01-01,2023-01-31,12.35,% of active population,,45,2023-03-17,2026-01-15T08:00:00Z,SYNTHETIC/unemployment_rate,0c0763cf4b979d174ba4a3477e80966f857d0caf2ad4d3faad92b99bf1973647,fixture_synthetic
eurostat,unemployment_rate,GR,2023-02,M,2023-02-01,2023-02-28,8.15,% of active population,,45,2023-04-14,2026-01-15T08:00:00Z,SYNTHETIC/unemployment_rate,0c0763cf4b979d174ba4a3477e80966f857d0caf2ad4d3faad92b99bf1973647,fixture_synthetic
eurostat,unemployment_rate,GR,2023-03,M,2023-03-01,2023-03-31,8.24,% of active population,,45,2023-05-15,2026-01-15T08:00:00Z,SYNTHETIC/unemployment_rate,0c0763cf4b979d174ba4a3477e80966f857d0caf2ad4d3faad92b99bf1973647,fixture_synthetic
eurostat,unemployment_rate,GR,2023-04,M,2023-04-01,2023-04-30,5.75,% of active population,,45,2023-06-14,2026-01-15T08:00:00Z,SYNTHETIC/unemployment_rate,0c0763cf4b979d174ba4a3477e80966f857d0caf2ad4d3faad92b99bf1973647,fixture_synthetic
eurostat,unemployment_rate,GR,2023-05,M,2023-05-01,2023-05-31,6.64,% of active population,,45,2023-07-15,2026-01-15T08:00:00Z,SYNTHETIC/unemployment_rate,0c0763cf4b979d174ba4a3477e80966f857d0caf2ad4d3faad92b99bf1973647,fixture_synthetic
eurostat,unemployment_rate,GR,2023-06,M,2023-06-01,2023-06-30,17.02,% of active population,,45,2023-08-14,2026-01-15T08:00:00Z,SYNTHETIC/unemployment_rate,0c0763cf4b979d174ba4a3477e80966f857d0caf2ad4d3faad92b99bf1973647,fixture_synthetic
eurostat,unemployment_rate,GR,2023-07,M,2023-07-01,2023-07-31,12.54,% of active population,,45,2023-09-14,2026-01-15T08:00:00Z,SYNTHETIC/unemployment_rate,0c0763cf4b979d174ba4a3477e80966f857d0caf2ad4d3faad92b99bf1973647,fixture_synthetic
eurostat,unemployment_rate,GR,2023-08,M,2023-08-01,2023-08-31,11.94,% of active population,,45,2023-10-15,2026-01-15T08:00:00Z,SYNTHETIC/unemployment_rate,0c0763cf4b979d174ba4a3477e80966f857d0caf2ad4d3faad92b99bf1973647,fixture_synthetic
eurostat,unemployment_rate,GR,2023-09,M,2023-09-01,2023-09-30,5.15,% of active population,,45,2023-11-14,2026-01-15T08:00:00Z,SYNTHETIC/unemployment_rate,0c0763cf4b979d174ba4a3477e80966f857d0caf2ad4d3faad92b99bf1973647,fixture_synthetic
eurostat,unemployment_rate,GR,2023-10,M,2023-10-01,2023-10-31,13.8,% of active population,,45,2023-12-15,2026-01-15T08:00:00Z,SYNTHETIC/unemployment_rate,0c0763cf4b979d174ba4a3477e80966f857d0caf2ad4d3faad92b99bf1973647,fixture_synthetic
eurostat,unemployment_rate,GR,2023-11,M,2023-11-01,2023-11-30,5.03,% of active population,,45,2024-01-14,2026-01-15T08:00:00Z,SYNTHETIC/unemployment_rate,0c0763cf4b979d174ba4a3477e80966f857d0caf2ad4d3faad92b99bf1973647,fixture_synthetic
eurostat,unemployment_rate,GR,2023-12,M,2023-12-01,2023-12-31,8.38,% of active population,,45,2024-02-14,2026-01-15T08:00:00Z,SYNTHETIC/unemployment_rate,0c0763cf4b979d174ba4a3477e80966f857d0caf2ad4d3faad92b99bf1973647,fixture_synthetic
eurostat,unemployment_rate,GR,2024-01,M,2024-01-01,2024-01-31,17.84,% of active population,,45,2024-03-16,2026-01-15T08:00:00Z,SYNTHETIC/unemployment_rate,0c0763cf4b979d174ba4a3477e80966f857d0caf2ad4d3faad92b99bf1973647,fixture_synthetic
eurostat,unemployment_rate,GR,2024-02,M,2024-02-01,2024-02-29,12.42,% of active population,,45,2024-04-14,2026-01-15T08:00:00Z,SYNTHETIC/unemployment_rate,0c0763cf4b979d174ba4a3477e80966f857d0caf2ad4d3faad92b99bf1973647,fixture_synthetic
eurostat,unemployment_rate,GR,2024-03,M,2024-03-01,2024-03-31,11.13,% of active population,,45,2024-05-15,2026-01-15T08:00:00Z,SYNTHETIC/unemployment_rate,0c0763cf4b979d174ba4a3477e80966f857d0caf2ad4d3faad92b99bf1973647,fixture_synthetic
eurostat,unemployment_rate,GR,2024-04,M,2024-04-01,2024-04-30,13.11,% of active population,,45,2024-06-14,2026-01-15T08:00:00Z,SYNTHETIC/unemployment_rate,0c0763cf4b979d174ba4a3477e80966f857d0caf2ad4d3faad92b99bf1973647,fixture_synthetic
eurostat,unemployment_rate,GR,2024-05,M,2024-05-01,2024-05-31,15.56,% of active population,,45,2024-07-15,2026-01-15T08:00:00Z,SYNTHETIC/unemployment_rate,0c0763cf4b979d174ba4a3477e80966f857d0caf2ad4d3faad92b99bf1973647,fixture_synthetic
eurostat,unemployment_rate,GR,2024-06,M,2024-06-01,2024-06-30,14.53,% of active population,,45,2024-08-14,2026-01-15T08:00:00Z,SYNTHETIC/unemployment_rate,0c0763cf4b979d174ba4a3477e80966f857d0caf2ad4d3faad92b99bf1973647,fixture_synthetic
eurostat,unemployment_rate,GR,2024-07,M,2024-07-01,2024-07-31,6.05,% of active population,,45,2024-09-14,2026-01-15T08:00:00Z,SYNTHETIC/unemployment_rate,0c0763cf4b979d174ba4a3477e80966f857d0caf2ad4d3faad92b99bf1973647,fixture_synthetic
eurostat,unemployment_rate,GR,2024-08,M,2024-08-01,2024-08-31,3.0,% of active population,,45,2024-10-15,2026-01-15T08:00:00Z,SYNTHETIC/unemployment_rate,0c0763cf4b979d174ba4a3477e80966f857d0caf2ad4d3faad92b99bf1973647,fixture_synthetic
eurostat,unemployment_rate,GR,2024-09,M,2024-09-01,2024-09-30,7.39,% of active population,,45,2024-11-14,2026-01-15T08:00:00Z,SYNTHETIC/unemployment_rate,0c0763cf4b979d174ba4a3477e80966f857d0caf2ad4d3faad92b99bf1973647,fixture_synthetic
eurostat,unemployment_rate,GR,2024-10,M,2024-10-01,2024-10-31,6.65,% of active population,,45,2024-12-15,2026-01-15T08:00:00Z,SYNTHETIC/unemployment_rate,0c0763cf4b979d174ba4a3477e80966f857d0caf2ad4d3faad92b99bf1973647,fixture_synthetic
eurostat,unemployment_rate,GR,2024-11,M,2024-11-01,2024-11-30,5.77,% of active population,,45,2025-01-14,2026-01-15T08:00:00Z,SYNTHETIC/unemployment_rate,0c0763cf4b979d174ba4a3477e80966f857d0caf2ad4d3faad92b99bf1973647,fixture_synthetic
eurostat,unemployment_rate,GR,2024-12,M,2024-12-01,2024-12-31,17.12,% of active population,,45,2025-02-14,2026-01-15T08:00:00Z,SYNTHETIC/unemployment_rate,0c0763cf4b979d174ba4a3477e80966f857d0caf2ad4d3faad92b99bf1973647,fixture_synthetic
eurostat,unemployment_rate,GR,2025-01,M,2025-01-01,2025-01-31,16.08,% of active population,,45,2025-03-17,2026-01-15T08:00:00Z,SYNTHETIC/unemployment_rate,0c0763cf4b979d174ba4a3477e80966f857d0caf2ad4d3faad92b99bf1973647,fixture_synthetic
eurostat,unemployment_rate,GR,2025-02,M,2025-02-01,2025-02-28,7.38,% of active population,,45,2025-04-14,2026-01-15T08:00:00Z,SYNTHETIC/unemployment_rate,0c0763cf4b979d174ba4a3477e80966f857d0caf2ad4d3faad92b99bf1973647,fixture_synthetic
eurostat,unemployment_rate,GR,2025-03,M,2025-03-01,2025-03-31,12.66,% of active population,,45,2025-05-15,2026-01-15T08:00:00Z,SYNTHETIC/unemployment_rate,0c0763cf4b979d174ba4a3477e80966f857d0caf2ad4d3faad92b99bf1973647,fixture_synthetic
eurostat,unemployment_rate,GR,2025-04,M,2025-04-01,2025-04-30,8.63,% of active population,,45,2025-06-14,2026-01-15T08:00:00Z,SYNTHETIC/unemployment_rate,0c0763cf4b979d174ba4a3477e80966f857d0caf2ad4d3faad92b99bf1973647,fixture_synthetic
eurostat,unemployment_rate,GR,2025-05,M,2025-05-01,2025-05-31,16.68,% of active population,,45,2025-07-15,2026-01-15T08:00:00Z,SYNTHETIC/unemployment_rate,0c0763cf4b979d174ba4a3477e80966f857d0caf2ad4d3faad92b99bf1973647,fixture_synthetic
eurostat,unemployment_rate,GR,2025-06,M,2025-06-01,2025-06-30,9.61,% of active population,,45,2025-08-14,2026-01-15T08:00:00Z,SYNTHETIC/unemployment_rate,0c0763cf4b979d174ba4a3477e80966f857d0caf2ad4d3faad92b99bf1973647,fixture_synthetic
eurostat,unemployment_rate,GR,2025-07,M,2025-07-01,2025-07-31,6.61,% of active population,,45,2025-09-14,2026-01-15T08:00:00Z,SYNTHETIC/unemployment_rate,0c0763cf4b979d174ba4a3477e80966f857d0caf2ad4d3faad92b99bf1973647,fixture_synthetic
eurostat,unemployment_rate,GR,2025-08,M,2025-08-01,2025-08-31,6.32,% of active population,,45,2025-10-15,2026-01-15T08:00:00Z,SYNTHETIC/unemployment_rate,0c0763cf4b979d174ba4a3477e80966f857d0caf2ad4d3faad92b99bf1973647,fixture_synthetic
eurostat,unemployment_rate,GR,2025-09,M,2025-09-01,2025-09-30,11.2,% of active population,,45,2025-11-14,2026-01-15T08:00:00Z,SYNTHETIC/unemployment_rate,0c0763cf4b979d174ba4a3477e80966f857d0caf2ad4d3faad92b99bf1973647,fixture_synthetic
eurostat,unemployment_rate,GR,2025-10,M,2025-10-01,2025-10-31,6.57,% of active population,,45,2025-12-15,2026-01-15T08:00:00Z,SYNTHETIC/unemployment_rate,0c0763cf4b979d174ba4a3477e80966f857d0caf2ad4d3faad92b99bf1973647,fixture_synthetic
eurostat,unemployment_rate,GR,2025-11,M,2025-11-01,2025-11-30,11.56,% of active population,,45,2026-01-14,2026-01-15T08:00:00Z,SYNTHETIC/unemployment_rate,0c0763cf4b979d174ba4a3477e80966f857d0caf2ad4d3faad92b99bf1973647,fixture_synthetic
eurostat,unemployment_rate,IE,2019-01,M,2019-01-01,2019-01-31,14.7,% of active population,,45,2019-03-17,2026-01-15T08:00:00Z,SYNTHETIC/unemployment_rate,0c0763cf4b979d174ba4a3477e80966f857d0caf2ad4d3faad92b99bf1973647,fixture_synthetic
eurostat,unemployment_rate,IE,2019-02,M,2019-02-01,2019-02-28,4.18,% of active population,,45,2019-04-14,2026-01-15T08:00:00Z,SYNTHETIC/unemployment_rate,0c0763cf4b979d174ba4a3477e80966f857d0caf2ad4d3faad92b99bf1973647,fixture_synthetic
eurostat,unemployment_rate,IE,2019-03,M,2019-03-01,2019-03-31,16.02,% of active population,,45,2019-05-15,2026-01-15T08:00:00Z,SYNTHETIC/unemployment_rate,0c0763cf4b979d174ba4a3477e80966f857d0caf2ad4d3faad92b99bf1973647,fixture_synthetic
eurostat,unemployment_rate,IE,2019-04,M,2019-04-01,2019-04-30,15.81,% of active population,,45,2019-06-14,2026-01-15T08:00:00Z,SYNTHETIC/unemployment_rate,0c0763cf4b979d174ba4a3477e80966f857d0caf2ad4d3faad92b99bf1973647,fixture_synthetic
eurostat,unemployment_rate,IE,2019-05,M,2019-05-01,2019-05-31,5.95,% of active population,,45,2019-07-15,2026-01-15T08:00:00Z,SYNTHETIC/unemployment_rate,0c0763cf4b979d174ba4a3477e80966f857d0caf2ad4d3faad92b99bf1973647,fixture_synthetic
eurostat,unemployment_rate,IE,2019-06,M,2019-06-01,2019-06-30,15.16,% of active population,,45,2019-08-14,2026-01-15T08:00:00Z,SYNTHETIC/unemployment_rate,0c0763cf4b979d174ba4a3477e80966f857d0caf2ad4d3faad92b99bf1973647,fixture_synthetic
eurostat,unemployment_rate,IE,2019-07,M,2019-07-01,2019-07-31,9.63,% of active population,,45,2019-09-14,2026-01-15T08:00:00Z,SYNTHETIC/unemployment_rate,0c0763cf4b979d174ba4a3477e80966f857d0caf2ad4d3faad92b99bf1973647,fixture_synthetic
eurostat,unemployment_rate,IE,2019-08,M,2019-08-01,2019-08-31,7.23,% of active population,,45,2019-10-15,2026-01-15T08:00:00Z,SYNTHETIC/unemployment_rate,0c0763cf4b979d174ba4a3477e80966f857d0caf2ad4d3faad92b99bf1973647,fixture_synthetic
eurostat,unemployment_rate,IE,2019-09,M,2019-09-01,2019-09-30,14.83,% of active population,,45,2019-11-14,2026-01-15T08:00:00Z,SYNTHETIC/unemployment_rate,0c0763cf4b979d174ba4a3477e80966f857d0caf2ad4d3faad92b99bf1973647,fixture_synthetic
eurostat,unemployment_rate,IE,2019-10,M,2019-10-01,2019-10-31,6.03,% of active population,,45,2019-12-15,2026-01-15T08:00:00Z,SYNTHETIC/unemployment_rate,0c0763cf4b979d174ba4a3477e80966f857d0caf2ad4d3faad92b99bf1973647,fixture_synthetic
eurostat,unemployment_rate,IE,2019-11,M,2019-11-01,2019-11-30,2.87,% of active population,,45,2020-01-14,2026-01-15T08:00:00Z,SYNTHETIC/unemployment_rate,0c0763cf4b979d174ba4a3477e80966f857d0caf2ad4d3faad92b99bf1973647,fixture_synthetic
eurostat,unemployment_rate,IE,2019-12,M,2019-12-01,2019-12-31,5.49,% of active population,,45,2020-02-14,2026-01-15T08:00:00Z,SYNTHETIC/unemployment_rate,0c0763cf4b979d174ba4a3477e80966f857d0caf2ad4d3faad92b99bf1973647,fixture_synthetic
eurostat,unemployment_rate,IE,2020-01,M,2020-01-01,2020-01-31,7.59,% of active population,,45,2020-03-16,2026-01-15T08:00:00Z,SYNTHETIC/unemployment_rate,0c0763cf4b979d174ba4a3477e80966f857d0caf2ad4d3faad92b99bf1973647,fixture_synthetic
eurostat,unemployment_rate,IE,2020-02,M,2020-02-01,2020-02-29,15.9,% of active population,,45,2020-04-14,2026-01-15T08:00:00Z,SYNTHETIC/unemployment_rate,0c0763cf4b979d174ba4a3477e80966f857d0caf2ad4d3faad92b99bf1973647,fixture_synthetic
eurostat,unemployment_rate,IE,2020-03,M,2020-03-01,2020-03-31,17.49,% of active population,,45,2020-05-15,2026-01-15T08:00:00Z,SYNTHETIC/unemployment_rate,0c0763cf4b979d174ba4a3477e80966f857d0caf2ad4d3faad92b99bf1973647,fixture_synthetic
eurostat,unemployment_rate,IE,2020-04,M,2020-04-01,2020-04-30,6.83,% of active population,,45,2020-06-14,2026-01-15T08:00:00Z,SYNTHETIC/unemployment_rate,0c0763cf4b979d174ba4a3477e80966f857d0caf2ad4d3faad92b99bf1973647,fixture_synthetic
eurostat,unemployment_rate,IE,2020-05,M,2020-05-01,2020-05-31,12.44,% of active population,,45,2020-07-15,2026-01-15T08:00:00Z,SYNTHETIC/unemployment_rate,0c0763cf4b979d174ba4a3477e80966f857d0caf2ad4d3faad92b99bf1973647,fixture_synthetic
eurostat,unemployment_rate,IE,2020-06,M,2020-06-01,2020-06-30,8.7,% of active population,,45,2020-08-14,2026-01-15T08:00:00Z,SYNTHETIC/unemployment_rate,0c0763cf4b979d174ba4a3477e80966f857d0caf2ad4d3faad92b99bf1973647,fixture_synthetic
eurostat,unemployment_rate,IE,2020-07,M,2020-07-01,2020-07-31,17.71,% of active population,,45,2020-09-14,2026-01-15T08:00:00Z,SYNTHETIC/unemployment_rate,0c0763cf4b979d174ba4a3477e80966f857d0caf2ad4d3faad92b99bf1973647,fixture_synthetic
eurostat,unemployment_rate,IE,2020-08,M,2020-08-01,2020-08-31,10.81,% of active population,,45,2020-10-15,2026-01-15T08:00:00Z,SYNTHETIC/unemployment_rate,0c0763cf4b979d174ba4a3477e80966f857d0caf2ad4d3faad92b99bf1973647,fixture_synthetic
eurostat,unemployment_rate,IE,2020-09,M,2020-09-01,2020-09-30,17.06,% of active population,,45,2020-11-14,2026-01-15T08:00:00Z,SYNTHETIC/unemployment_rate,0c0763cf4b979d174ba4a3477e80966f857d0caf2ad4d3faad92b99bf1973647,fixture_synthetic
eurostat,unemployment_rate,IE,2020-10,M,2020-10-01,2020-10-31,4.29,% of active population,,45,2020-12-15,2026-01-15T08:00:00Z,SYNTHETIC/unemployment_rate,0c0763cf4b979d174ba4a3477e80966f857d0caf2ad4d3faad92b99bf1973647,fixture_synthetic
eurostat,unemployment_rate,IE,2020-11,M,2020-11-01,2020-11-30,17.54,% of active population,,45,2021-01-14,2026-01-15T08:00:00Z,SYNTHETIC/unemployment_rate,0c0763cf4b979d174ba4a3477e80966f857d0caf2ad4d3faad92b99bf1973647,fixture_synthetic
eurostat,unemployment_rate,IE,2020-12,M,2020-12-01,2020-12-31,5.27,% of active population,,45,2021-02-14,2026-01-15T08:00:00Z,SYNTHETIC/unemployment_rate,0c0763cf4b979d174ba4a3477e80966f857d0caf2ad4d3faad92b99bf1973647,fixture_synthetic
eurostat,unemployment_rate,IE,2021-01,M,2021-01-01,2021-01-31,17.42,% of active population,,45,2021-03-17,2026-01-15T08:00:00Z,SYNTHETIC/unemployment_rate,0c0763cf4b979d174ba4a3477e80966f857d0caf2ad4d3faad92b99bf1973647,fixture_synthetic
eurostat,unemployment_rate,IE,2021-02,M,2021-02-01,2021-02-28,6.61,% of active population,,45,2021-04-14,2026-01-15T08:00:00Z,SYNTHETIC/unemployment_rate,0c0763cf4b979d174ba4a3477e80966f857d0caf2ad4d3faad92b99bf1973647,fixture_synthetic
eurostat,unemployment_rate,IE,2021-03,M,2021-03-01,2021-03-31,4.18,% of active population,,45,2021-05-15,2026-01-15T08:00:00Z,SYNTHETIC/unemployment_rate,0c0763cf4b979d174ba4a3477e80966f857d0caf2ad4d3faad92b99bf1973647,fixture_synthetic
eurostat,unemployment_rate,IE,2021-04,M,2021-04-01,2021-04-30,9.24,% of active population,,45,2021-06-14,2026-01-15T08:00:00Z,SYNTHETIC/unemployment_rate,0c0763cf4b979d174ba4a3477e80966f857d0caf2ad4d3faad92b99bf1973647,fixture_synthetic
eurostat,unemployment_rate,IE,2021-05,M,2021-05-01,2021-05-31,13.79,% of active population,,45,2021-07-15,2026-01-15T08:00:00Z,SYNTHETIC/unemployment_rate,0c0763cf4b979d174ba4a3477e80966f857d0caf2ad4d3faad92b99bf1973647,fixture_synthetic
eurostat,unemployment_rate,IE,2021-06,M,2021-06-01,2021-06-30,7.36,% of active population,,45,2021-08-14,2026-01-15T08:00:00Z,SYNTHETIC/unemployment_rate,0c0763cf4b979d174ba4a3477e80966f857d0caf2ad4d3faad92b99bf1973647,fixture_synthetic
eurostat,unemployment_rate,IE,2021-07,M,2021-07-01,2021-07-31,11.9,% of active population,,45,2021-09-14,2026-01-15T08:00:00Z,SYNTHETIC/unemployment_rate,0c0763cf4b979d174ba4a3477e80966f857d0caf2ad4d3faad92b99bf1973647,fixture_synthetic
eurostat,unemployment_rate,IE,2021-08,M,2021-08-01,2021-08-31,10.43,% of active population,,45,2021-10-15,2026-01-15T08:00:00Z,SYNTHETIC/unemployment_rate,0c0763cf4b979d174ba4a3477e80966f857d0caf2ad4d3faad92b99bf1973647,fixture_synthetic
eurostat,unemployment_rate,IE,2021-09,M,2021-09-01,2021-09-30,8.47,% of active population,,45,2021-11-14,2026-01-15T08:00:00Z,SYNTHETIC/unemployment_rate,0c0763cf4b979d174ba4a3477e80966f857d0caf2ad4d3faad92b99bf1973647,fixture_synthetic
eurostat,unemployment_rate,IE,2021-10,M,2021-10-01,2021-10-31,11.44,% of active population,,45,2021-12-15,2026-01-15T08:00:00Z,SYNTHETIC/unemployment_rate,0c0763cf4b979d174ba4a3477e80966f857d0caf2ad4d3faad92b99bf1973647,fixture_synthetic
eurostat,unemployment_rate,IE,2021-11,M,2021-11-01,2021-11-30,6.45,% of active population,,45,2022-01-14,2026-01-15T08:00:00Z,SYNTHETIC/unemployment_rate,0c0763cf4b979d174ba4a3477e80966f857d0caf2ad4d3faad92b99bf1973647,fixture_synthetic
eurostat,unemployment_rate,IE,2021-12,M,2021-12-01,2021-12-31,13.49,% of active population,,45,2022-02-14,2026-01-15T08:00:00Z,SYNTHETIC/unemployment_rate,0c0763cf4b979d174ba4a3477e80966f857d0caf2ad4d3faad92b99bf1973647,fixture_synthetic
eurostat,unemployment_rate,IE,2022-01,M,2022-01-01,2022-01-31,2.53,% of active population,,45,2022-03-17,2026-01-15T08:00:00Z,SYNTHETIC/unemployment_rate,0c0763cf4b979d174ba4a3477e80966f857d0caf2ad4d3faad92b99bf1973647,fixture_synthetic
eurostat,unemployment_rate,IE,2022-02,M,2022-02-01,2022-02-28,16.85,% of active population,,45,2022-04-14,2026-01-15T08:00:00Z,SYNTHETIC/unemployment_rate,0c0763cf4b979d174ba4a3477e80966f857d0caf2ad4d3faad92b99bf1973647,fixture_synthetic
eurostat,unemployment_rate,IE,2022-03,M,2022-03-01,2022-03-31,10.85,% of active population,,45,2022-05-15,2026-01-15T08:00:00Z,SYNTHETIC/unemployment_rate,0c0763cf4b979d174ba4a3477e80966f857d0caf2ad4d3faad92b99bf1973647,fixture_synthetic
eurostat,unemployment_rate,IE,2022-04,M,2022-04-01,2022-04-30,13.65,% of active population,,45,2022-06-14,2026-01-15T08:00:00Z,SYNTHETIC/unemployment_rate,0c0763cf4b979d174ba4a3477e80966f857d0caf2ad4d3faad92b99bf1973647,fixture_synthetic
eurostat,unemployment_rate,IE,2022-05,M,2022-05-01,2022-05-31,14.0,% of active population,,45,2022-07-15,2026-01-15T08:00:00Z,SYNTHETIC/unemployment_rate,0c0763cf4b979d174ba4a3477e80966f857d0caf2ad4d3faad92b99bf1973647,fixture_synthetic
eurostat,unemployment_rate,IE,2022-06,M,2022-06-01,2022-06-30,12.89,% of active population,,45,2022-08-14,2026-01-15T08:00:00Z,SYNTHETIC/unemployment_rate,0c0763cf4b979d174ba4a3477e80966f857d0caf2ad4d3faad92b99bf1973647,fixture_synthetic
eurostat,unemployment_rate,IE,2022-07,M,2022-07-01,2022-07-31,8.15,% of active population,,45,2022-09-14,2026-01-15T08:00:00Z,SYNTHETIC/unemployment_rate,0c0763cf4b979d174ba4a3477e80966f857d0caf2ad4d3faad92b99bf1973647,fixture_synthetic
eurostat,unemployment_rate,IE,2022-08,M,2022-08-01,2022-08-31,3.58,% of active population,,45,2022-10-15,2026-01-15T08:00:00Z,SYNTHETIC/unemployment_rate,0c0763cf4b979d174ba4a3477e80966f857d0caf2ad4d3faad92b99bf1973647,fixture_synthetic
eurostat,unemployment_rate,IE,2022-09,M,2022-09-01,2022-09-30,12.8,% of active population,,45,2022-11-14,2026-01-15T08:00:00Z,SYNTHETIC/unemployment_rate,0c0763cf4b979d174ba4a3477e80966f857d0caf2ad4d3faad92b99bf1973647,fixture_synthetic
eurostat,unemployment_rate,IE,2022-10,M,2022-10-01,2022-10-31,7.62,% of active population,,45,2022-12-15,2026-01-15T08:00:00Z,SYNTHETIC/unemployment_rate,0c0763cf4b979d174ba4a3477e80966f857d0caf2ad4d3faad92b99bf1973647,fixture_synthetic
eurostat,unemployment_rate,IE,2022-11,M,2022-11-01,2022-11-30,7.37,% of active population,,45,2023-01-14,2026-01-15T08:00:00Z,SYNTHETIC/unemployment_rate,0c0763cf4b979d174ba4a3477e80966f857d0caf2ad4d3faad92b99bf1973647,fixture_synthetic
eurostat,unemployment_rate,IE,2022-12,M,2022-12-01,2022-12-31,15.64,% of active population,,45,2023-02-14,2026-01-15T08:00:00Z,SYNTHETIC/unemployment_rate,0c0763cf4b979d174ba4a3477e80966f857d0caf2ad4d3faad92b99bf1973647,fixture_synthetic
eurostat,unemployment_rate,IE,2023-01,M,2023-01-01,2023-01-31,13.66,% of active population,,45,2023-03-17,2026-01-15T08:00:00Z,SYNTHETIC/unemployment_rate,0c0763cf4b979d174ba4a3477e80966f857d0caf2ad4d3faad92b99bf1973647,fixture_synthetic
eurostat,unemployment_rate,IE,2023-02,M,2023-02-01,2023-02-28,7.15,% of active population,,45,2023-04-14,2026-01-15T08:00:00Z,SYNTHETIC/unemployment_rate,0c0763cf4b979d174ba4a3477e80966f857d0caf2ad4d3faad92b99bf1973647,fixture_synthetic
eurostat,unemployment_rate,IE,2023-03,M,2023-03-01,2023-03-31,7.29,% of active population,,45,2023-05-15,2026-01-15T08:00:00Z,SYNTHETIC/unemployment_rate,0c0763cf4b979d174ba4a3477e80966f857d0caf2ad4d3faad92b99bf1973647,fixture_synthetic
eurostat,unemployment_rate,IE,2023-04,M,2023-04-01,2023-04-30,8.83,% of active population,,45,2023-06-14,2026-01-15T08:00:00Z,SYNTHETIC/unemployment_rate,0c0763cf4b979d174ba4a3477e80966f857d0caf2ad4d3faad92b99bf1973647,fixture_synthetic
eurostat,unemployment_rate,IE,2023-05,M,2023-05-01,2023-05-31,8.74,% of active population,,45,2023-07-15,2026-01-15T08:00:00Z,SYNTHETIC/unemployment_rate,0c0763cf4b979d174ba4a3477e80966f857d0caf2ad4d3faad92b99bf1973647,fixture_synthetic
eurostat,unemployment_rate,IE,2023-06,M,2023-06-01,2023-06-30,7.08,% of active population,,45,2023-08-14,2026-01-15T08:00:00Z,SYNTHETIC/unemployment_rate,0c0763cf4b979d174ba4a3477e80966f857d0caf2ad4d3faad92b99bf1973647,fixture_synthetic
eurostat,unemployment_rate,IE,2023-07,M,2023-07-01,2023-07-31,4.47,% of active population,,45,2023-09-14,2026-01-15T08:00:00Z,SYNTHETIC/unemployment_rate,0c0763cf4b979d174ba4a3477e80966f857d0caf2ad4d3faad92b99bf1973647,fixture_synthetic
eurostat,unemployment_rate,IE,2023-08,M,2023-08-01,2023-08-31,9.02,% of active population,,45,2023-10-15,2026-01-15T08:00:00Z,SYNTHETIC/unemployment_rate,0c0763cf4b979d174ba4a3477e80966f857d0caf2ad4d3faad92b99bf1973647,fixture_synthetic
eurostat,unemployment_rate,IE,2023-09,M,2023-09-01,2023-09-30,17.08,% of active population,,45,2023-11-14,2026-01-15T08:00:00Z,SYNTHETIC/unemployment_rate,0c0763cf4b979d174ba4a3477e80966f857d0caf2ad4d3faad92b99bf1973647,fixture_synthetic
eurostat,unemployment_rate,IE,2023-10,M,2023-10-01,2023-10-31,13.0,% of active population,,45,2023-12-15,2026-01-15T08:00:00Z,SYNTHETIC/unemployment_rate,0c0763cf4b979d174ba4a3477e80966f857d0caf2ad4d3faad92b99bf1973647,fixture_synthetic
eurostat,unemployment_rate,IE,2023-11,M,2023-11-01,2023-11-30,16.49,% of active population,,45,2024-01-14,2026-01-15T08:00:00Z,SYNTHETIC/unemployment_rate,0c0763cf4b979d174ba4a3477e80966f857d0caf2ad4d3faad92b99bf1973647,fixture_synthetic
eurostat,unemployment_rate,IE,2023-12,M,2023-12-01,2023-12-31,12.04,% of active population,,45,2024-02-14,2026-01-15T08:00:00Z,SYNTHETIC/unemployment_rate,0c0763cf4b979d174ba4a3477e80966f857d0caf2ad4d3faad92b99bf1973647,fixture_synthetic
eurostat,unemployment_rate,IE,2024-01,M,2024-01-01,2024-01-31,7.16,% of active population,,45,2024-03-16,2026-01-15T08:00:00Z,SYNTHETIC/unemployment_rate,0c0763cf4b979d174ba4a3477e80966f857d0caf2ad4d3faad92b99bf1973647,fixture_synthetic
eurostat,unemployment_rate,IE,2024-02,M,2024-02-01,2024-02-29,10.99,% of active population,,45,2024-04-14,2026-01-15T08:00:00Z,SYNTHETIC/unemployment_rate,0c0763cf4b979d174ba4a3477e80966f857d0caf2ad4d3faad92b99bf1973647,fixture_synthetic
eurostat,unemployment_rate,IE,2024-03,M,2024-03-01,2024-03-31,2.51,% of active population,,45,2024-05-15,2026-01-15T08:00:00Z,SYNTHETIC/unemployment_rate,0c0763cf4b979d174ba4a3477e80966f857d0caf2ad4d3faad92b99bf1973647,fixture_synthetic
eurostat,unemployment_rate,IE,2024-04,M,2024-04-01,2024-04-30,6.95,% of active population,,45,2024-06-14,2026-01-15T08:00:00Z,SYNTHETIC/unemployment_rate,0c0763cf4b979d174ba4a3477e80966f857d0caf2ad4d3faad92b99bf1973647,fixture_synthetic
eurostat,unemployment_rate,IE,2024-05,M,2024-05-01,2024-05-31,9.16,% of active population,,45,2024-07-15,2026-01-15T08:00:00Z,SYNTHETIC/unemployment_rate,0c0763cf4b979d174ba4a3477e80966f857d0caf2ad4d3faad92b99bf1973647,fixture_synthetic
eurostat,unemployment_rate,IE,2024-06,M,2024-06-01,2024-06-30,11.49,% of active population,,45,2024-08-14,2026-01-15T08:00:00Z,SYNTHETIC/unemployment_rate,0c0763cf4b979d174ba4a3477e80966f857d0caf2ad4d3faad92b99bf1973647,fixture_synthetic
eurostat,unemployment_rate,IE,2024-07,M,2024-07-01,2024-07-31,12.65,% of active population,,45,2024-09-14,2026-01-15T08:00:00Z,SYNTHETIC/unemployment_rate,0c0763cf4b979d174ba4a3477e80966f857d0caf2ad4d3faad92b99bf1973647,fixture_synthetic
eurostat,unemployment_rate,IE,2024-08,M,2024-08-01,2024-08-31,9.71,% of active population,,45,2024-10-15,2026-01-15T08:00:00Z,SYNTHETIC/unemployment_rate,0c0763cf4b979d174ba4a3477e80966f857d0caf2ad4d3faad92b99bf1973647,fixture_synthetic
eurostat,unemployment_rate,IE,2024-09,M,2024-09-01,2024-09-30,9.35,% of active population,,45,2024-11-14,2026-01-15T08:00:00Z,SYNTHETIC/unemployment_rate,0c0763cf4b979d174ba4a3477e80966f857d0caf2ad4d3faad92b99bf1973647,fixture_synthetic
eurostat,unemployment_rate,IE,2024-10,M,2024-10-01,2024-10-31,5.81,% of active population,,45,2024-12-15,2026-01-15T08:00:00Z,SYNTHETIC/unemployment_rate,0c0763cf4b979d174ba4a3477e80966f857d0caf2ad4d3faad92b99bf1973647,fixture_synthetic
eurostat,unemployment_rate,IE,2024-11,M,2024-11-01,2024-11-30,9.83,% of active population,,45,2025-01-14,2026-01-15T08:00:00Z,SYNTHETIC/unemployment_rate,0c0763cf4b979d174ba4a3477e80966f857d0caf2ad4d3faad92b99bf1973647,fixture_synthetic
eurostat,unemployment_rate,IE,2024-12,M,2024-12-01,2024-12-31,16.47,% of active population,,45,2025-02-14,2026-01-15T08:00:00Z,SYNTHETIC/unemployment_rate,0c0763cf4b979d174ba4a3477e80966f857d0caf2ad4d3faad92b99bf1973647,fixture_synthetic
eurostat,unemployment_rate,IE,2025-01,M,2025-01-01,2025-01-31,14.84,% of active population,,45,2025-03-17,2026-01-15T08:00:00Z,SYNTHETIC/unemployment_rate,0c0763cf4b979d174ba4a3477e80966f857d0caf2ad4d3faad92b99bf1973647,fixture_synthetic
eurostat,unemployment_rate,IE,2025-02,M,2025-02-01,2025-02-28,5.13,% of active population,,45,2025-04-14,2026-01-15T08:00:00Z,SYNTHETIC/unemployment_rate,0c0763cf4b979d174ba4a3477e80966f857d0caf2ad4d3faad92b99bf1973647,fixture_synthetic
eurostat,unemployment_rate,IE,2025-03,M,2025-03-01,2025-03-31,3.81,% of active population,,45,2025-05-15,2026-01-15T08:00:00Z,SYNTHETIC/unemployment_rate,0c0763cf4b979d174ba4a3477e80966f857d0caf2ad4d3faad92b99bf1973647,fixture_synthetic
eurostat,unemployment_rate,IE,2025-04,M,2025-04-01,2025-04-30,10.49,% of active population,,45,2025-06-14,2026-01-15T08:00:00Z,SYNTHETIC/unemployment_rate,0c0763cf4b979d174ba4a3477e80966f857d0caf2ad4d3faad92b99bf1973647,fixture_synthetic
eurostat,unemployment_rate,IE,2025-05,M,2025-05-01,2025-05-31,12.31,% of active population,,45,2025-07-15,2026-01-15T08:00:00Z,SYNTHETIC/unemployment_rate,0c0763cf4b979d174ba4a3477e80966f857d0caf2ad4d3faad92b99bf1973647,fixture_synthetic
eurostat,unemployment_rate,IE,2025-06,M,2025-06-01,2025-06-30,7.7,% of active population,,45,2025-08-14,2026-01-15T08:00:00Z,SYNTHETIC/unemployment_rate,0c0763cf4b979d174ba4a3477e80966f857d0caf2ad4d3faad92b99bf1973647,fixture_synthetic
eurostat,unemployment_rate,IE,2025-07,M,2025-07-01,2025-07-31,15.19,% of active population,,45,2025-09-14,2026-01-15T08:00:00Z,SYNTHETIC/unemployment_rate,0c0763cf4b979d174ba4a3477e80966f857d0caf2ad4d3faad92b99bf1973647,fixture_synthetic
eurostat,unemployment_rate,IE,2025-08,M,2025-08-01,2025-08-31,14.14,% of active population,,45,2025-10-15,2026-01-15T08:00:00Z,SYNTHETIC/unemployment_rate,0c0763cf4b979d174ba4a3477e80966f857d0caf2ad4d3faad92b99bf1973647,fixture_synthetic
eurostat,unemployment_rate,IE,2025-09,M,2025-09-01,2025-09-30,12.93,% of active population,,45,2025-11-14,2026-01-15T08:00:00Z,SYNTHETIC/unemployment_rate,0c0763cf4b979d174ba4a3477e80966f857d0caf2ad4d3faad92b99bf1973647,fixture_synthetic
eurostat,unemployment_rate,IE,2025-10,M,2025-10-01,2025-10-31,5.98,% of active population,,45,2025-12-15,2026-01-15T08:00:00Z,SYNTHETIC/unemployment_rate,0c0763cf4b979d174ba4a3477e80966f857d0caf2ad4d3faad92b99bf1973647,fixture_synthetic
eurostat,unemployment_rate,IE,2025-11,M,2025-11-01,2025-11-30,5.59,% of active population,,45,2026-01-14,2026-01-15T08:00:00Z,SYNTHETIC/unemployment_rate,0c0763cf4b979d174ba4a3477e80966f857d0caf2ad4d3faad92b99bf1973647,fixture_synthetic
eurostat,unemployment_rate,IT,2019-01,M,2019-01-01,2019-01-31,7.15,% of active population,,45,2019-03-17,2026-01-15T08:00:00Z,SYNTHETIC/unemployment_rate,0c0763cf4b979d174ba4a3477e80966f857d0caf2ad4d3faad92b99bf1973647,fixture_synthetic
eurostat,unemployment_rate,IT,2019-02,M,2019-02-01,2019-02-28,7.4,% of active population,,45,2019-04-14,2026-01-15T08:00:00Z,SYNTHETIC/unemployment_rate,0c0763cf4b979d174ba4a3477e80966f857d0caf2ad4d3faad92b99bf1973647,fixture_synthetic
eurostat,unemployment_rate,IT,2019-03,M,2019-03-01,2019-03-31,14.15,% of active population,,45,2019-05-15,2026-01-15T08:00:00Z,SYNTHETIC/unemployment_rate,0c0763cf4b979d174ba4a3477e80966f857d0caf2ad4d3faad92b99bf1973647,fixture_synthetic
eurostat,unemployment_rate,IT,2019-04,M,2019-04-01,2019-04-30,3.62,% of active population,,45,2019-06-14,2026-01-15T08:00:00Z,SYNTHETIC/unemployment_rate,0c0763cf4b979d174ba4a3477e80966f857d0caf2ad4d3faad92b99bf1973647,fixture_synthetic
eurostat,unemployment_rate,IT,2019-05,M,2019-05-01,2019-05-31,9.6,% of active population,,45,2019-07-15,2026-01-15T08:00:00Z,SYNTHETIC/unemployment_rate,0c0763cf4b979d174ba4a3477e80966f857d0caf2ad4d3faad92b99bf1973647,fixture_synthetic
eurostat,unemployment_rate,IT,2019-06,M,2019-06-01,2019-06-30,17.98,% of active population,,45,2019-08-14,2026-01-15T08:00:00Z,SYNTHETIC/unemployment_rate,0c0763cf4b979d174ba4a3477e80966f857d0caf2ad4d3faad92b99bf1973647,fixture_synthetic
eurostat,unemployment_rate,IT,2019-07,M,2019-07-01,2019-07-31,17.94,% of active population,,45,2019-09-14,2026-01-15T08:00:00Z,SYNTHETIC/unemployment_rate,0c0763cf4b979d174ba4a3477e80966f857d0caf2ad4d3faad92b99bf1973647,fixture_synthetic
eurostat,unemployment_rate,IT,2019-08,M,2019-08-01,2019-08-31,3.64,% of active population,,45,2019-10-15,2026-01-15T08:00:00Z,SYNTHETIC/unemployment_rate,0c0763cf4b979d174ba4a3477e80966f857d0caf2ad4d3faad92b99bf1973647,fixture_synthetic
eurostat,unemployment_rate,IT,2019-09,M,2019-09-01,2019-09-30,5.8,% of active population,,45,2019-11-14,2026-01-15T08:00:00Z,SYNTHETIC/unemployment_rate,0c0763cf4b979d174ba4a3477e80966f857d0caf2ad4d3faad92b99bf1973647,fixture_synthetic
eurostat,unemployment_rate,IT,2019-10,M,2019-10-01,2019-10-31,6.61,% of active population,,45,2019-12-15,2026-01-15T08:00:00Z,SYNTHETIC/unemployment_rate,0c0763cf4b979d174ba4a3477e80966f857d0caf2ad4d3faad92b99bf1973647,fixture_synthetic
eurostat,unemployment_rate,IT,2019-11,M,2019-11-01,2019-11-30,16.97,% of active population,,45,2020-01-14,2026-01-15T08:00:00Z,SYNTHETIC/unemployment_rate,0c0763cf4b979d174ba4a3477e80966f857d0caf2ad4d3faad92b99bf1973647,fixture_synthetic
eurostat,unemployment_rate,IT,2019-12,M,2019-12-01,2019-12-31,16.15,% of active population,,45,2020-02-14,2026-01-15T08:00:00Z,SYNTHETIC/unemployment_rate,0c0763cf4b979d174ba4a3477e80966f857d0caf2ad4d3faad92b99bf1973647,fixture_synthetic
eurostat,unemployment_rate,IT,2020-01,M,2020-01-01,2020-01-31,16.13,% of active population,,45,2020-03-16,2026-01-15T08:00:00Z,SYNTHETIC/unemployment_rate,0c0763cf4b979d174ba4a3477e80966f857d0caf2ad4d3faad92b99bf1973647,fixture_synthetic
eurostat,unemployment_rate,IT,2020-02,M,2020-02-01,2020-02-29,8.23,% of active population,,45,2020-04-14,2026-01-15T08:00:00Z,SYNTHETIC/unemployment_rate,0c0763cf4b979d174ba4a3477e80966f857d0caf2ad4d3faad92b99bf1973647,fixture_synthetic
eurostat,unemployment_rate,IT,2020-03,M,2020-03-01,2020-03-31,4.95,% of active population,,45,2020-05-15,2026-01-15T08:00:00Z,SYNTHETIC/unemployment_rate,0c0763cf4b979d174ba4a3477e80966f857d0caf2ad4d3faad92b99bf1973647,fixture_synthetic
eurostat,unemployment_rate,IT,2020-04,M,2020-04-01,2020-04-30,15.42,% of active population,,45,2020-06-14,2026-01-15T08:00:00Z,SYNTHETIC/unemployment_rate,0c0763cf4b979d174ba4a3477e80966f857d0caf2ad4d3faad92b99bf1973647,fixture_synthetic
eurostat,unemployment_rate,IT,2020-05,M,2020-05-01,2020-05-31,13.4,% of active population,,45,2020-07-15,2026-01-15T08:00:00Z,SYNTHETIC/unemployment_rate,0c0763cf4b979d174ba4a3477e80966f857d0caf2ad4d3faad92b99bf1973647,fixture_synthetic
eurostat,unemployment_rate,IT,2020-06,M,2020-06-01,2020-06-30,11.98,% of active population,,45,2020-08-14,2026-01-15T08:00:00Z,SYNTHETIC/unemployment_rate,0c0763cf4b979d174ba4a3477e80966f857d0caf2ad4d3faad92b99bf1973647,fixture_synthetic
eurostat,unemployment_rate,IT,2020-07,M,2020-07-01,2020-07-31,17.8,% of active population,,45,2020-09-14,2026-01-15T08:00:00Z,SYNTHETIC/unemployment_rate,0c0763cf4b979d174ba4a3477e80966f857d0caf2ad4d3faad92b99bf1973647,fixture_synthetic
eurostat,unemployment_rate,IT,2020-08,M,2020-08-01,2020-08-31,12.64,% of active population,,45,2020-10-15,2026-01-15T08:00:00Z,SYNTHETIC/unemployment_rate,0c0763cf4b979d174ba4a3477e80966f857d0caf2ad4d3faad92b99bf1973647,fixture_synthetic
eurostat,unemployment_rate,IT,2020-09,M,2020-09-01,2020-09-30,2.62,% of active population,,45,2020-11-14,2026-01-15T08:00:00Z,SYNTHETIC/unemployment_rate,0c0763cf4b979d174ba4a3477e80966f857d0caf2ad4d3faad92b99bf1973647,fixture_synthetic
eurostat,unemployment_rate,IT,2020-10,M,2020-10-01,2020-10-31,15.17,% of active population,,45,2020-12-15,2026-01-15T08:00:00Z,SYNTHETIC/unemployment_rate,0c0763cf4b979d174ba4a3477e80966f857d0caf2ad4d3faad92b99bf1973647,fixture_synthetic
eurostat,unemployment_rate,IT,2020-11,M,2020-11-01,2020-11-30,7.14,% of active population,,45,2021-01-14,2026-01-15T08:00:00Z,SYNTHETIC/unemployment_rate,0c0763cf4b979d174ba4a3477e80966f857d0caf2ad4d3faad92b99bf1973647,fixture_synthetic
eurostat,unemployment_rate,IT,2020-12,M,2020-12-01,2020-12-31,12.78,% of active population,,45,2021-02-14,2026-01-15T08:00:00Z,SYNTHETIC/unemployment_rate,0c0763cf4b979d174ba4a3477e80966f857d0caf2ad4d3faad92b99bf1973647,fixture_synthetic
eurostat,unemployment_rate,IT,2021-01,M,2021-01-01,2021-01-31,17.05,% of active population,,45,2021-03-17,2026-01-15T08:00:00Z,SYNTHETIC/unemployment_rate,0c0763cf4b979d174ba4a3477e80966f857d0caf2ad4d3faad92b99bf1973647,fixture_synthetic
eurostat,unemployment_rate,IT,2021-02,M,2021-02-01,2021-02-28,4.58,% of active population,,45,2021-04-14,2026-01-15T08:00:00Z,SYNTHETIC/unemployment_rate,0c0763cf4b979d174ba4a3477e80966f857d0caf2ad4d3faad92b99bf1973647,fixture_synthetic
eurostat,unemployment_rate,IT,2021-03,M,2021-03-01,2021-03-31,4.29,% of active population,,45,2021-05-15,2026-01-15T08:00:00Z,SYNTHETIC/unemployment_rate,0c0763cf4b979d174ba4a3477e80966f857d0caf2ad4d3faad92b99bf1973647,fixture_synthetic
eurostat,unemployment_rate,IT,2021-04,M,2021-04-01,2021-04-30,4.16,% of active population,,45,2021-06-14,2026-01-15T08:00:00Z,SYNTHETIC/unemployment_rate,0c0763cf4b979d174ba4a3477e80966f857d0caf2ad4d3faad92b99bf1973647,fixture_synthetic
eurostat,unemployment_rate,IT,2021-05,M,2021-05-01,2021-05-31,11.07,% of active population,,45,2021-07-15,2026-01-15T08:00:00Z,SYNTHETIC/unemployment_rate,0c0763cf4b979d174ba4a3477e80966f857d0caf2ad4d3faad92b99bf1973647,fixture_synthetic
eurostat,unemployment_rate,IT,2021-06,M,2021-06-01,2021-06-30,6.72,% of active population,,45,2021-08-14,2026-01-15T08:00:00Z,SYNTHETIC/unemployment_rate,0c0763cf4b979d174ba4a3477e80966f857d0caf2ad4d3faad92b99bf1973647,fixture_synthetic
eurostat,unemployment_rate,IT,2021-07,M,2021-07-01,2021-07-31,11.87,% of active population,,45,2021-09-14,2026-01-15T08:00:00Z,SYNTHETIC/unemployment_rate,0c0763cf4b979d174ba4a3477e80966f857d0caf2ad4d3faad92b99bf1973647,fixture_synthetic
eurostat,unemployment_rate,IT,2021-08,M,2021-08-01,2021-08-31,13.62,% of active population,,45,2021-10-15,2026-01-15T08:00:00Z,SYNTHETIC/unemployment_rate,0c0763cf4b979d174ba4a3477e80966f857d0caf2ad4d3faad92b99bf1973647,fixture_synthetic
eurostat,unemployment_rate,IT,2021-09,M,2021-09-01,2021-09-30,5.66,% of active population,,45,2021-11-14,2026-01-15T08:00:00Z,SYNTHETIC/unemployment_rate,0c0763cf4b979d174ba4a3477e80966f857d0caf2ad4d3faad92b99bf1973647,fixture_synthetic
eurostat,unemployment_rate,IT,2021-10,M,2021-10-01,2021-10-31,12.33,% of active population,,45,2021-12-15,2026-01-15T08:00:00Z,SYNTHETIC/unemployment_rate,0c0763cf4b979d174ba4a3477e80966f857d0caf2ad4d3faad92b99bf1973647,fixture_synthetic
eurostat,unemployment_rate,IT,2021-11,M,2021-11-01,2021-11-30,6.59,% of active population,,45,2022-01-14,2026-01-15T08:00:00Z,SYNTHETIC/unemployment_rate,0c0763cf4b979d174ba4a3477e80966f857d0caf2ad4d3faad92b99bf1973647,fixture_synthetic
eurostat,unemployment_rate,IT,2021-12,M,2021-12-01,2021-12-31,10.07,% of active population,,45,2022-02-14,2026-01-15T08:00:00Z,SYNTHETIC/unemployment_rate,0c0763cf4b979d174ba4a3477e80966f857d0caf2ad4d3faad92b99bf1973647,fixture_synthetic
eurostat,unemployment_rate,IT,2022-01,M,2022-01-01,2022-01-31,16.53,% of active population,,45,2022-03-17,2026-01-15T08:00:00Z,SYNTHETIC/unemployment_rate,0c0763cf4b979d174ba4a3477e80966f857d0caf2ad4d3faad92b99bf1973647,fixture_synthetic
eurostat,unemployment_rate,IT,2022-02,M,2022-02-01,2022-02-28,15.61,% of active population,,45,2022-04-14,2026-01-15T08:00:00Z,SYNTHETIC/unemployment_rate,0c0763cf4b979d174ba4a3477e80966f857d0caf2ad4d3faad92b99bf1973647,fixture_synthetic
eurostat,unemployment_rate,IT,2022-03,M,2022-03-01,2022-03-31,3.93,% of active population,,45,2022-05-15,2026-01-15T08:00:00Z,SYNTHETIC/unemployment_rate,0c0763cf4b979d174ba4a3477e80966f857d0caf2ad4d3faad92b99bf1973647,fixture_synthetic
eurostat,unemployment_rate,IT,2022-04,M,2022-04-01,2022-04-30,9.07,% of active population,,45,2022-06-14,2026-01-15T08:00:00Z,SYNTHETIC/unemployment_rate,0c0763cf4b979d174ba4a3477e80966f857d0caf2ad4d3faad92b99bf1973647,fixture_synthetic
eurostat,unemployment_rate,IT,2022-05,M,2022-05-01,2022-05-31,6.79,% of active population,,45,2022-07-15,2026-01-15T08:00:00Z,SYNTHETIC/unemployment_rate,0c0763cf4b979d174ba4a3477e80966f857d0caf2ad4d3faad92b99bf1973647,fixture_synthetic
eurostat,unemployment_rate,IT,2022-06,M,2022-06-01,2022-06-30,2.55,% of active population,,45,2022-08-14,2026-01-15T08:00:00Z,SYNTHETIC/unemployment_rate,0c0763cf4b979d174ba4a3477e80966f857d0caf2ad4d3faad92b99bf1973647,fixture_synthetic
eurostat,unemployment_rate,IT,2022-07,M,2022-07-01,2022-07-31,14.45,% of active population,,45,2022-09-14,2026-01-15T08:00:00Z,SYNTHETIC/unemployment_rate,0c0763cf4b979d174ba4a3477e80966f857d0caf2ad4d3faad92b99bf1973647,fixture_synthetic
eurostat,unemployment_rate,IT,2022-08,M,2022-08-01,2022-08-31,12.38,% of active population,,45,2022-10-15,2026-01-15T08:00:00Z,SYNTHETIC/unemployment_rate,0c0763cf4b979d174ba4a3477e80966f857d0caf2ad4d3faad92b99bf1973647,fixture_synthetic
eurostat,unemployment_rate,IT,2022-09,M,2022-09-01,2022-09-30,6.56,% of active population,,45,2022-11-14,2026-01-15T08:00:00Z,SYNTHETIC/unemployment_rate,0c0763cf4b979d174ba4a3477e80966f857d0caf2ad4d3faad92b99bf1973647,fixture_synthetic
eurostat,unemployment_rate,IT,2022-10,M,2022-10-01,2022-10-31,13.99,% of active population,,45,2022-12-15,2026-01-15T08:00:00Z,SYNTHETIC/unemployment_rate,0c0763cf4b979d174ba4a3477e80966f857d0caf2ad4d3faad92b99bf1973647,fixture_synthetic
eurostat,unemployment_rate,IT,2022-11,M,2022-11-01,2022-11-30,11.05,% of active population,,45,2023-01-14,2026-01-15T08:00:00Z,SYNTHETIC/unemployment_rate,0c0763cf4b979d174ba4a3477e80966f857d0caf2ad4d3faad92b99bf1973647,fixture_synthetic
eurostat,unemployment_rate,IT,2022-12,M,2022-12-01,2022-12-31,9.13,% of active population,,45,2023-02-14,2026-01-15T08:00:00Z,SYNTHETIC/unemployment_rate,0c0763cf4b979d174ba4a3477e80966f857d0caf2ad4d3faad92b99bf1973647,fixture_synthetic
eurostat,unemployment_rate,IT,2023-01,M,2023-01-01,2023-01-31,2.65,% of active population,,45,2023-03-17,2026-01-15T08:00:00Z,SYNTHETIC/unemployment_rate,0c0763cf4b979d174ba4a3477e80966f857d0caf2ad4d3faad92b99bf1973647,fixture_synthetic
eurostat,unemployment_rate,IT,2023-02,M,2023-02-01,2023-02-28,3.67,% of active population,,45,2023-04-14,2026-01-15T08:00:00Z,SYNTHETIC/unemployment_rate,0c0763cf4b979d174ba4a3477e80966f857d0caf2ad4d3faad92b99bf1973647,fixture_synthetic
eurostat,unemployment_rate,IT,2023-03,M,2023-03-01,2023-03-31,16.19,% of active population,,45,2023-05-15,2026-01-15T08:00:00Z,SYNTHETIC/unemployment_rate,0c0763cf4b979d174ba4a3477e80966f857d0caf2ad4d3faad92b99bf1973647,fixture_synthetic
eurostat,unemployment_rate,IT,2023-04,M,2023-04-01,2023-04-30,16.51,% of active population,,45,2023-06-14,2026-01-15T08:00:00Z,SYNTHETIC/unemployment_rate,0c0763cf4b979d174ba4a3477e80966f857d0caf2ad4d3faad92b99bf1973647,fixture_synthetic
eurostat,unemployment_rate,IT,2023-05,M,2023-05-01,2023-05-31,10.96,% of active population,,45,2023-07-15,2026-01-15T08:00:00Z,SYNTHETIC/unemployment_rate,0c0763cf4b979d174ba4a3477e80966f857d0caf2ad4d3faad92b99bf1973647,fixture_synthetic
eurostat,unemployment_rate,IT,2023-06,M,2023-06-01,2023-06-30,15.44,% of active population,,45,2023-08-14,2026-01-15T08:00:00Z,SYNTHETIC/unemployment_rate,0c0763cf4b979d174ba4a3477e80966f857d0caf2ad4d3faad92b99bf1973647,fixture_synthetic
eurostat,unemployment_rate,IT,2023-07,M,2023-07-01,2023-07-31,11.53,% of active population,,45,2023-09-14,2026-01-15T08:00:00Z,SYNTHETIC/unemployment_rate,0c0763cf4b979d174ba4a3477e80966f857d0caf2ad4d3faad92b99bf1973647,fixture_synthetic
eurostat,unemployment_rate,IT,2023-08,M,2023-08-01,2023-08-31,4.8,% of active population,,45,2023-10-15,2026-01-15T08:00:00Z,SYNTHETIC/unemployment_rate,0c0763cf4b979d174ba4a3477e80966f857d0caf2ad4d3faad92b99bf1973647,fixture_synthetic
eurostat,unemployment_rate,IT,2023-09,M,2023-09-01,2023-09-30,4.48,% of active population,,45,2023-11-14,2026-01-15T08:00:00Z,SYNTHETIC/unemployment_rate,0c0763cf4b979d174ba4a3477e80966f857d0caf2ad4d3faad92b99bf1973647,fixture_synthetic
eurostat,unemployment_rate,IT,2023-10,M,2023-10-01,2023-10-31,7.28,% of active population,,45,2023-12-15,2026-01-15T08:00:00Z,SYNTHETIC/unemployment_rate,0c0763cf4b979d174ba4a3477e80966f857d0caf2ad4d3faad92b99bf1973647,fixture_synthetic
eurostat,unemployment_rate,IT,2023-11,M,2023-11-01,2023-11-30,16.43,% of active population,,45,2024-01-14,2026-01-15T08:00:00Z,SYNTHETIC/unemployment_rate,0c0763cf4b979d174ba4a3477e80966f857d0caf2ad4d3faad92b99bf1973647,fixture_synthetic
eurostat,unemployment_rate,IT,2023-12,M,2023-12-01,2023-12-31,14.84,% of active population,,45,2024-02-14,2026-01-15T08:00:00Z,SYNTHETIC/unemployment_rate,0c0763cf4b979d174ba4a3477e80966f857d0caf2ad4d3faad92b99bf1973647,fixture_synthetic
eurostat,unemployment_rate,IT,2024-01,M,2024-01-01,2024-01-31,15.84,% of active population,,45,2024-03-16,2026-01-15T08:00:00Z,SYNTHETIC/unemployment_rate,0c0763cf4b979d174ba4a3477e80966f857d0caf2ad4d3faad92b99bf1973647,fixture_synthetic
eurostat,unemployment_rate,IT,2024-02,M,2024-02-01,2024-02-29,16.43,% of active population,,45,2024-04-14,2026-01-15T08:00:00Z,SYNTHETIC/unemployment_rate,0c0763cf4b979d174ba4a3477e80966f857d0caf2ad4d3faad92b99bf1973647,fixture_synthetic
eurostat,unemployment_rate,IT,2024-03,M,2024-03-01,2024-03-31,5.76,% of active population,,45,2024-05-15,2026-01-15T08:00:00Z,SYNTHETIC/unemployment_rate,0c0763cf4b979d174ba4a3477e80966f857d0caf2ad4d3faad92b99bf1973647,fixture_synthetic
eurostat,unemployment_rate,IT,2024-04,M,2024-04-01,2024-04-30,6.37,% of active population,,45,2024-06-14,2026-01-15T08:00:00Z,SYNTHETIC/unemployment_rate,0c0763cf4b979d174ba4a3477e80966f857d0caf2ad4d3faad92b99bf1973647,fixture_synthetic
eurostat,unemployment_rate,IT,2024-05,M,2024-05-01,2024-05-31,4.09,% of active population,,45,2024-07-15,2026-01-15T08:00:00Z,SYNTHETIC/unemployment_rate,0c0763cf4b979d174ba4a3477e80966f857d0caf2ad4d3faad92b99bf1973647,fixture_synthetic
eurostat,unemployment_rate,IT,2024-06,M,2024-06-01,2024-06-30,14.59,% of active population,,45,2024-08-14,2026-01-15T08:00:00Z,SYNTHETIC/unemployment_rate,0c0763cf4b979d174ba4a3477e80966f857d0caf2ad4d3faad92b99bf1973647,fixture_synthetic
eurostat,unemployment_rate,IT,2024-07,M,2024-07-01,2024-07-31,16.2,% of active population,,45,2024-09-14,2026-01-15T08:00:00Z,SYNTHETIC/unemployment_rate,0c0763cf4b979d174ba4a3477e80966f857d0caf2ad4d3faad92b99bf1973647,fixture_synthetic
eurostat,unemployment_rate,IT,2024-08,M,2024-08-01,2024-08-31,8.8,% of active population,,45,2024-10-15,2026-01-15T08:00:00Z,SYNTHETIC/unemployment_rate,0c0763cf4b979d174ba4a3477e80966f857d0caf2ad4d3faad92b99bf1973647,fixture_synthetic
eurostat,unemployment_rate,IT,2024-09,M,2024-09-01,2024-09-30,12.12,% of active population,,45,2024-11-14,2026-01-15T08:00:00Z,SYNTHETIC/unemployment_rate,0c0763cf4b979d174ba4a3477e80966f857d0caf2ad4d3faad92b99bf1973647,fixture_synthetic
eurostat,unemployment_rate,IT,2024-10,M,2024-10-01,2024-10-31,4.9,% of active population,,45,2024-12-15,2026-01-15T08:00:00Z,SYNTHETIC/unemployment_rate,0c0763cf4b979d174ba4a3477e80966f857d0caf2ad4d3faad92b99bf1973647,fixture_synthetic
eurostat,unemployment_rate,IT,2024-11,M,2024-11-01,2024-11-30,16.91,% of active population,,45,2025-01-14,2026-01-15T08:00:00Z,SYNTHETIC/unemployment_rate,0c0763cf4b979d174ba4a3477e80966f857d0caf2ad4d3faad92b99bf1973647,fixture_synthetic
eurostat,unemployment_rate,IT,2024-12,M,2024-12-01,2024-12-31,15.9,% of active population,,45,2025-02-14,2026-01-15T08:00:00Z,SYNTHETIC/unemployment_rate,0c0763cf4b979d174ba4a3477e80966f857d0caf2ad4d3faad92b99bf1973647,fixture_synthetic
eurostat,unemployment_rate,IT,2025-01,M,2025-01-01,2025-01-31,17.63,% of active population,,45,2025-03-17,2026-01-15T08:00:00Z,SYNTHETIC/unemployment_rate,0c0763cf4b979d174ba4a3477e80966f857d0caf2ad4d3faad92b99bf1973647,fixture_synthetic
eurostat,unemployment_rate,IT,2025-02,M,2025-02-01,2025-02-28,15.07,% of active population,,45,2025-04-14,2026-01-15T08:00:00Z,SYNTHETIC/unemployment_rate,0c0763cf4b979d174ba4a3477e80966f857d0caf2ad4d3faad92b99bf1973647,fixture_synthetic
eurostat,unemployment_rate,IT,2025-03,M,2025-03-01,2025-03-31,16.16,% of active population,,45,2025-05-15,2026-01-15T08:00:00Z,SYNTHETIC/unemployment_rate,0c0763cf4b979d174ba4a3477e80966f857d0caf2ad4d3faad92b99bf1973647,fixture_synthetic
eurostat,unemployment_rate,IT,2025-04,M,2025-04-01,2025-04-30,2.88,% of active population,,45,2025-06-14,2026-01-15T08:00:00Z,SYNTHETIC/unemployment_rate,0c0763cf4b979d174ba4a3477e80966f857d0caf2ad4d3faad92b99bf1973647,fixture_synthetic
eurostat,unemployment_rate,IT,2025-05,M,2025-05-01,2025-05-31,13.92,% of active population,,45,2025-07-15,2026-01-15T08:00:00Z,SYNTHETIC/unemployment_rate,0c0763cf4b979d174ba4a3477e80966f857d0caf2ad4d3faad92b99bf1973647,fixture_synthetic
eurostat,unemployment_rate,IT,2025-06,M,2025-06-01,2025-06-30,7.65,% of active population,,45,2025-08-14,2026-01-15T08:00:00Z,SYNTHETIC/unemployment_rate,0c0763cf4b979d174ba4a3477e80966f857d0caf2ad4d3faad92b99bf1973647,fixture_synthetic
eurostat,unemployment_rate,IT,2025-07,M,2025-07-01,2025-07-31,16.93,% of active population,,45,2025-09-14,2026-01-15T08:00:00Z,SYNTHETIC/unemployment_rate,0c0763cf4b979d174ba4a3477e80966f857d0caf2ad4d3faad92b99bf1973647,fixture_synthetic
eurostat,unemployment_rate,IT,2025-08,M,2025-08-01,2025-08-31,14.93,% of active population,,45,2025-10-15,2026-01-15T08:00:00Z,SYNTHETIC/unemployment_rate,0c0763cf4b979d174ba4a3477e80966f857d0caf2ad4d3faad92b99bf1973647,fixture_synthetic
eurostat,unemployment_rate,IT,2025-09,M,2025-09-01,2025-09-30,15.89,% of active population,,45,2025-11-14,2026-01-15T08:00:00Z,SYNTHETIC/unemployment_rate,0c0763cf4b979d174ba4a3477e80966f857d0caf2ad4d3faad92b99bf1973647,fixture_synthetic
eurostat,unemployment_rate,IT,2025-10,M,2025-10-01,2025-10-31,15.07,% of active population,,45,2025-12-15,2026-01-15T08:00:00Z,SYNTHETIC/unemployment_rate,0c0763cf4b979d174ba4a3477e80966f857d0caf2ad4d3faad92b99bf1973647,fixture_synthetic
eurostat,unemployment_rate,IT,2025-11,M,2025-11-01,2025-11-30,6.64,% of active population,,45,2026-01-14,2026-01-15T08:00:00Z,SYNTHETIC/unemployment_rate,0c0763cf4b979d174ba4a3477e80966f857d0caf2ad4d3faad92b99bf1973647,fixture_synthetic
eurostat,unemployment_rate,PL,2019-01,M,2019-01-01,2019-01-31,6.19,% of active population,,45,2019-03-17,2026-01-15T08:00:00Z,SYNTHETIC/unemployment_rate,0c0763cf4b979d174ba4a3477e80966f857d0caf2ad4d3faad92b99bf1973647,fixture_synthetic
eurostat,unemployment_rate,PL,2019-02,M,2019-02-01,2019-02-28,12.87,% of active population,,45,2019-04-14,2026-01-15T08:00:00Z,SYNTHETIC/unemployment_rate,0c0763cf4b979d174ba4a3477e80966f857d0caf2ad4d3faad92b99bf1973647,fixture_synthetic
eurostat,unemployment_rate,PL,2019-03,M,2019-03-01,2019-03-31,5.82,% of active population,,45,2019-05-15,2026-01-15T08:00:00Z,SYNTHETIC/unemployment_rate,0c0763cf4b979d174ba4a3477e80966f857d0caf2ad4d3faad92b99bf1973647,fixture_synthetic
eurostat,unemployment_rate,PL,2019-04,M,2019-04-01,2019-04-30,4.55,% of active population,,45,2019-06-14,2026-01-15T08:00:00Z,SYNTHETIC/unemployment_rate,0c0763cf4b979d174ba4a3477e80966f857d0caf2ad4d3faad92b99bf1973647,fixture_synthetic
eurostat,unemployment_rate,PL,2019-05,M,2019-05-01,2019-05-31,17.0,% of active population,,45,2019-07-15,2026-01-15T08:00:00Z,SYNTHETIC/unemployment_rate,0c0763cf4b979d174ba4a3477e80966f857d0caf2ad4d3faad92b99bf1973647,fixture_synthetic
eurostat,unemployment_rate,PL,2019-06,M,2019-06-01,2019-06-30,11.35,% of active population,,45,2019-08-14,2026-01-15T08:00:00Z,SYNTHETIC/unemployment_rate,0c0763cf4b979d174ba4a3477e80966f857d0caf2ad4d3faad92b99bf1973647,fixture_synthetic
eurostat,unemployment_rate,PL,2019-07,M,2019-07-01,2019-07-31,9.83,% of active population,,45,2019-09-14,2026-01-15T08:00:00Z,SYNTHETIC/unemployment_rate,0c0763cf4b979d174ba4a3477e80966f857d0caf2ad4d3faad92b99bf1973647,fixture_synthetic
eurostat,unemployment_rate,PL,2019-08,M,2019-08-01,2019-08-31,14.66,% of active population,,45,2019-10-15,2026-01-15T08:00:00Z,SYNTHETIC/unemployment_rate,0c0763cf4b979d174ba4a3477e80966f857d0caf2ad4d3faad92b99bf1973647,fixture_synthetic
eurostat,unemployment_rate,PL,2019-09,M,2019-09-01,2019-09-30,15.02,% of active population,,45,2019-11-14,2026-01-15T08:00:00Z,SYNTHETIC/unemployment_rate,0c0763cf4b979d174ba4a3477e80966f857d0caf2ad4d3faad92b99bf1973647,fixture_synthetic
eurostat,unemployment_rate,PL,2019-10,M,2019-10-01,2019-10-31,5.45,% of active population,,45,2019-12-15,2026-01-15T08:00:00Z,SYNTHETIC/unemployment_rate,0c0763cf4b979d174ba4a3477e80966f857d0caf2ad4d3faad92b99bf1973647,fixture_synthetic
eurostat,unemployment_rate,PL,2019-11,M,2019-11-01,2019-11-30,4.0,% of active population,,45,2020-01-14,2026-01-15T08:00:00Z,SYNTHETIC/unemployment_rate,0c0763cf4b979d174ba4a3477e80966f857d0caf2ad4d3faad92b99bf1973647,fixture_synthetic
eurostat,unemployment_rate,PL,2019-12,M,2019-12-01,2019-12-31,9.18,% of active population,,45,2020-02-14,2026-01-15T08:00:00Z,SYNTHETIC/unemployment_rate,0c0763cf4b979d174ba4a3477e80966f857d0caf2ad4d3faad92b99bf1973647,fixture_synthetic
eurostat,unemployment_rate,PL,2020-01,M,2020-01-01,2020-01-31,9.07,% of active population,,45,2020-03-16,2026-01-15T08:00:00Z,SYNTHETIC/unemployment_rate,0c0763cf4b979d174ba4a3477e80966f857d0caf2ad4d3faad92b99bf1973647,fixture_synthetic
eurostat,unemployment_rate,PL,2020-02,M,2020-02-01,2020-02-29,9.74,% of active population,,45,2020-04-14,2026-01-15T08:00:00Z,SYNTHETIC/unemployment_rate,0c0763cf4b979d174ba4a3477e80966f857d0caf2ad4d3faad92b99bf1973647,fixture_synthetic
eurostat,unemployment_rate,PL,2020-03,M,2020-03-01,2020-03-31,13.8,% of active population,,45,2020-05-15,2026-01-15T08:00:00Z,SYNTHETIC/unemployment_rate,0c0763cf4b979d174ba4a3477e80966f857d0caf2ad4d3faad92b99bf1973647,fixture_synthetic
eurostat,unemployment_rate,PL,2020-04,M,2020-04-01,2020-04-30,12.94,% of active population,,45,2020-06-14,2026-01-15T08:00:00Z,SYNTHETIC/unemployment_rate,0c0763cf4b979d174ba4a3477e80966f857d0caf2ad4d3faad92b99bf1973647,fixture_synthetic
eurostat,unemployment_rate,PL,2020-05,M,2020-05-01,2020-05-31,17.75,% of active population,,45,2020-07-15,2026-01-15T08:00:00Z,SYNTHETIC/unemployment_rate,0c0763cf4b979d174ba4a3477e80966f857d0caf2ad4d3faad92b99bf1973647,fixture_synthetic
eurostat,unemployment_rate,PL,2020-06,M,2020-06-01,2020-06-30,4.03,% of active population,,45,2020-08-14,2026-01-15T08:00:00Z,SYNTHETIC/unemployment_rate,0c0763cf4b979d174ba4a3477e80966f857d0caf2ad4d3faad92b99bf1973647,fixture_synthetic
eurostat,unemployment_rate,PL,2020-07,M,2020-07-01,2020-07-31,8.74,% of active population,,45,2020-09-14,2026-01-15T08:00:00Z,SYNTHETIC/unemployment_rate,0c0763cf4b979d174ba4a3477e80966f857d0caf2ad4d3faad92b99bf1973647,fixture_synthetic
eurostat,unemployment_rate,PL,2020-08,M,2020-08-01,2020-08-31,7.76,% of active population,,45,2020-10-15,2026-01-15T08:00:00Z,SYNTHETIC/unemployment_rate,0c0763cf4b979d174ba4a3477e80966f857d0caf2ad4d3faad92b99bf1973647,fixture_synthetic
eurostat,unemployment_rate,PL,2020-09,M,2020-09-01,2020-09-30,15.86,% of active population,,45,2020-11-14,2026-01-15T08:00:00Z,SYNTHETIC/unemployment_rate,0c0763cf4b979d174ba4a3477e80966f857d0caf2ad4d3faad92b99bf1973647,fixture_synthetic
eurostat,unemployment_rate,PL,2020-10,M,2020-10-01,2020-10-31,6.35,% of active population,,45,2020-12-15,2026-01-15T08:00:00Z,SYNTHETIC/unemployment_rate,0c0763cf4b979d174ba4a3477e80966f857d0caf2ad4d3faad92b99bf1973647,fixture_synthetic
eurostat,unemployment_rate,PL,2020-11,M,2020-11-01,2020-11-30,5.45,% of active population,,45,2021-01-14,2026-01-15T08:00:00Z,SYNTHETIC/unemployment_rate,0c0763cf4b979d174ba4a3477e80966f857d0caf2ad4d3faad92b99bf1973647,fixture_synthetic
eurostat,unemployment_rate,PL,2020-12,M,2020-12-01,2020-12-31,9.45,% of active population,,45,2021-02-14,2026-01-15T08:00:00Z,SYNTHETIC/unemployment_rate,0c0763cf4b979d174ba4a3477e80966f857d0caf2ad4d3faad92b99bf1973647,fixture_synthetic
eurostat,unemployment_rate,PL,2021-01,M,2021-01-01,2021-01-31,9.04,% of active population,,45,2021-03-17,2026-01-15T08:00:00Z,SYNTHETIC/unemployment_rate,0c0763cf4b979d174ba4a3477e80966f857d0caf2ad4d3faad92b99bf1973647,fixture_synthetic
eurostat,unemployment_rate,PL,2021-02,M,2021-02-01,2021-02-28,6.82,% of active population,,45,2021-04-14,2026-01-15T08:00:00Z,SYNTHETIC/unemployment_rate,0c0763cf4b979d174ba4a3477e80966f857d0caf2ad4d3faad92b99bf1973647,fixture_synthetic
eurostat,unemployment_rate,PL,2021-03,M,2021-03-01,2021-03-31,6.37,% of active population,,45,2021-05-15,2026-01-15T08:00:00Z,SYNTHETIC/unemployment_rate,0c0763cf4b979d174ba4a3477e80966f857d0caf2ad4d3faad92b99bf1973647,fixture_synthetic
eurostat,unemployment_rate,PL,2021-04,M,2021-04-01,2021-04-30,16.81,% of active population,,45,2021-06-14,2026-01-15T08:00:00Z,SYNTHETIC/unemployment_rate,0c0763cf4b979d174ba4a3477e80966f857d0caf2ad4d3faad92b99bf1973647,fixture_synthetic
eurostat,unemployment_rate,PL,2021-05,M,2021-05-01,2021-05-31,9.37,% of active population,,45,2021-07-15,2026-01-15T08:00:00Z,SYNTHETIC/unemployment_rate,0c0763cf4b979d174ba4a3477e80966f857d0caf2ad4d3faad92b99bf1973647,fixture_synthetic
eurostat,unemployment_rate,PL,2021-06,M,2021-06-01,2021-06-30,15.85,% of active population,,45,2021-08-14,2026-01-15T08:00:00Z,SYNTHETIC/unemployment_rate,0c0763cf4b979d174ba4a3477e80966f857d0caf2ad4d3faad92b99bf1973647,fixture_synthetic
eurostat,unemployment_rate,PL,2021-07,M,2021-07-01,2021-07-31,11.03,% of active population,,45,2021-09-14,2026-01-15T08:00:00Z,SYNTHETIC/unemployment_rate,0c0763cf4b979d174ba4a3477e80966f857d0caf2ad4d3faad92b99bf1973647,fixture_synthetic
eurostat,unemployment_rate,PL,2021-08,M,2021-08-01,2021-08-31,3.28,% of active population,,45,2021-10-15,2026-01-15T08:00:00Z,SYNTHETIC/unemployment_rate,0c0763cf4b979d174ba4a3477e80966f857d0caf2ad4d3faad92b99bf1973647,fixture_synthetic
eurostat,unemployment_rate,PL,2021-09,M,2021-09-01,2021-09-30,17.99,% of active population,,45,2021-11-14,2026-01-15T08:00:00Z,SYNTHETIC/unemployment_rate,0c0763cf4b979d174ba4a3477e80966f857d0caf2ad4d3faad92b99bf1973647,fixture_synthetic
eurostat,unemployment_rate,PL,2021-10,M,2021-10-01,2021-10-31,15.46,% of active population,,45,2021-12-15,2026-01-15T08:00:00Z,SYNTHETIC/unemployment_rate,0c0763cf4b979d174ba4a3477e80966f857d0caf2ad4d3faad92b99bf1973647,fixture_synthetic
eurostat,unemployment_rate,PL,2021-11,M,2021-11-01,2021-11-30,17.52,% of active population,,45,2022-01-14,2026-01-15T08:00:00Z,SYNTHETIC/unemployment_rate,0c0763cf4b979d174ba4a3477e80966f857d0caf2ad4d3faad92b99bf1973647,fixture_synthetic
eurostat,unemployment_rate,PL,2021-12,M,2021-12-01,2021-12-31,16.86,% of active population,,45,2022-02-14,2026-01-15T08:00:00Z,SYNTHETIC/unemployment_rate,0c0763cf4b979d174ba4a3477e80966f857d0caf2ad4d3faad92b99bf1973647,fixture_synthetic
eurostat,unemployment_rate,PL,2022-01,M,2022-01-01,2022-01-31,15.65,% of active population,,45,2022-03-17,2026-01-15T08:00:00Z,SYNTHETIC/unemployment_rate,0c0763cf4b979d174ba4a3477e80966f857d0caf2ad4d3faad92b99bf1973647,fixture_synthetic
eurostat,unemployment_rate,PL,2022-02,M,2022-02-01,2022-02-28,5.08,% of active population,,45,2022-04-14,2026-01-15T08:00:00Z,SYNTHETIC/unemployment_rate,0c0763cf4b979d174ba4a3477e80966f857d0caf2ad4d3faad92b99bf1973647,fixture_synthetic
eurostat,unemployment_rate,PL,2022-03,M,2022-03-01,2022-03-31,10.03,% of active population,,45,2022-05-15,2026-01-15T08:00:00Z,SYNTHETIC/unemployment_rate,0c0763cf4b979d174ba4a3477e80966f857d0caf2ad4d3faad92b99bf1973647,fixture_synthetic
eurostat,unemployment_rate,PL,2022-04,M,2022-04-01,2022-04-30,5.81,% of active population,,45,2022-06-14,2026-01-15T08:00:00Z,SYNTHETIC/unemployment_rate,0c0763cf4b979d174ba4a3477e80966f857d0caf2ad4d3faad92b99bf1973647,fixture_synthetic
eurostat,unemployment_rate,PL,2022-05,M,2022-05-01,2022-05-31,8.72,% of active population,,45,2022-07-15,2026-01-15T08:00:00Z,SYNTHETIC/unemployment_rate,0c0763cf4b979d174ba4a3477e80966f857d0caf2ad4d3faad92b99bf1973647,fixture_synthetic
eurostat,unemployment_rate,PL,2022-06,M,2022-06-01,2022-06-30,3.41,% of active population,,45,2022-08-14,2026-01-15T08:00:00Z,SYNTHETIC/unemployment_rate,0c0763cf4b979d174ba4a3477e80966f857d0caf2ad4d3faad92b99bf1973647,fixture_synthetic
eurostat,unemployment_rate,PL,2022-07,M,2022-07-01,2022-07-31,8.37,% of active population,,45,2022-09-14,2026-01-15T08:00:00Z,SYNTHETIC/unemployment_rate,0c0763cf4b979d174ba4a3477e80966f857d0caf2ad4d3faad92b99bf1973647,fixture_synthetic
eurostat,unemployment_rate,PL,2022-08,M,2022-08-01,2022-08-31,17.77,% of active population,,45,2022-10-15,2026-01-15T08:00:00Z,SYNTHETIC/unemployment_rate,0c0763cf4b979d174ba4a3477e80966f857d0caf2ad4d3faad92b99bf1973647,fixture_synthetic
eurostat,unemployment_rate,PL,2022-09,M,2022-09-01,2022-09-30,6.61,% of active population,,45,2022-11-14,2026-01-15T08:00:00Z,SYNTHETIC/unemployment_rate,0c0763cf4b979d174ba4a3477e80966f857d0caf2ad4d3faad92b99bf1973647,fixture_synthetic
eurostat,unemployment_rate,PL,2022-10,M,2022-10-01,2022-10-31,14.65,% of active population,,45,2022-12-15,2026-01-15T08:00:00Z,SYNTHETIC/unemployment_rate,0c0763cf4b979d174ba4a3477e80966f857d0caf2ad4d3faad92b99bf1973647,fixture_synthetic
eurostat,unemployment_rate,PL,2022-11,M,2022-11-01,2022-11-30,9.55,% of active population,,45,2023-01-14,2026-01-15T08:00:00Z,SYNTHETIC/unemployment_rate,0c0763cf4b979d174ba4a3477e80966f857d0caf2ad4d3faad92b99bf1973647,fixture_synthetic
eurostat,unemployment_rate,PL,2022-12,M,2022-12-01,2022-12-31,9.06,% of active population,,45,2023-02-14,2026-01-15T08:00:00Z,SYNTHETIC/unemployment_rate,0c0763cf4b979d174ba4a3477e80966f857d0caf2ad4d3faad92b99bf1973647,fixture_synthetic
eurostat,unemployment_rate,PL,2023-01,M,2023-01-01,2023-01-31,17.34,% of active population,,45,2023-03-17,2026-01-15T08:00:00Z,SYNTHETIC/unemployment_rate,0c0763cf4b979d174ba4a3477e80966f857d0caf2ad4d3faad92b99bf1973647,fixture_synthetic
eurostat,unemployment_rate,PL,2023-02,M,2023-02-01,2023-02-28,17.93,% of active population,,45,2023-04-14,2026-01-15T08:00:00Z,SYNTHETIC/unemployment_rate,0c0763cf4b979d174ba4a3477e80966f857d0caf2ad4d3faad92b99bf1973647,fixture_synthetic
eurostat,unemployment_rate,PL,2023-03,M,2023-03-01,2023-03-31,11.11,% of active population,,45,2023-05-15,2026-01-15T08:00:00Z,SYNTHETIC/unemployment_rate,0c0763cf4b979d174ba4a3477e80966f857d0caf2ad4d3faad92b99bf1973647,fixture_synthetic
eurostat,unemployment_rate,PL,2023-04,M,2023-04-01,2023-04-30,13.64,% of active population,,45,2023-06-14,2026-01-15T08:00:00Z,SYNTHETIC/unemployment_rate,0c0763cf4b979d174ba4a3477e80966f857d0caf2ad4d3faad92b99bf1973647,fixture_synthetic
eurostat,unemployment_rate,PL,2023-05,M,2023-05-01,2023-05-31,4.9,% of active population,,45,2023-07-15,2026-01-15T08:00:00Z,SYNTHETIC/unemployment_rate,0c0763cf4b979d174ba4a3477e80966f857d0caf2ad4d3faad92b99bf1973647,fixture_synthetic
eurostat,unemployment_rate,PL,2023-06,M,2023-06-01,2023-06-30,7.1,% of active population,,45,2023-08-14,2026-01-15T08:00:00Z,SYNTHETIC/unemployment_rate,0c0763cf4b979d174ba4a3477e80966f857d0caf2ad4d3faad92b99bf1973647,fixture_synthetic
eurostat,unemployment_rate,PL,2023-07,M,2023-07-01,2023-07-31,17.51,% of active population,,45,2023-09-14,2026-01-15T08:00:00Z,SYNTHETIC/unemployment_rate,0c0763cf4b979d174ba4a3477e80966f857d0caf2ad4d3faad92b99bf1973647,fixture_synthetic
eurostat,unemployment_rate,PL,2023-08,M,2023-08-01,2023-08-31,11.48,% of active population,,45,2023-10-15,2026-01-15T08:00:00Z,SYNTHETIC/unemployment_rate,0c0763cf4b979d174ba4a3477e80966f857d0caf2ad4d3faad92b99bf1973647,fixture_synthetic
eurostat,unemployment_rate,PL,2023-09,M,2023-09-01,2023-09-30,10.9,% of active population,,45,2023-11-14,2026-01-15T08:00:00Z,SYNTHETIC/unemployment_rate,0c0763cf4b979d174ba4a3477e80966f857d0caf2ad4d3faad92b99bf1973647,fixture_synthetic
eurostat,unemployment_rate,PL,2023-10,M,2023-10-01,2023-10-31,14.09,% of active population,,45,2023-12-15,2026-01-15T08:00:00Z,SYNTHETIC/unemployment_rate,0c0763cf4b979d174ba4a3477e80966f857d0caf2ad4d3faad92b99bf1973647,fixture_synthetic
eurostat,unemployment_rate,PL,2023-11,M,2023-11-01,2023-11-30,3.39,% of active population,,45,2024-01-14,2026-01-15T08:00:00Z,SYNTHETIC/unemployment_rate,0c0763cf4b979d174ba4a3477e80966f857d0caf2ad4d3faad92b99bf1973647,fixture_synthetic
eurostat,unemployment_rate,PL,2023-12,M,2023-12-01,2023-12-31,11.55,% of active population,,45,2024-02-14,2026-01-15T08:00:00Z,SYNTHETIC/unemployment_rate,0c0763cf4b979d174ba4a3477e80966f857d0caf2ad4d3faad92b99bf1973647,fixture_synthetic
eurostat,unemployment_rate,PL,2024-01,M,2024-01-01,2024-01-31,10.29,% of active population,,45,2024-03-16,2026-01-15T08:00:00Z,SYNTHETIC/unemployment_rate,0c0763cf4b979d174ba4a3477e80966f857d0caf2ad4d3faad92b99bf1973647,fixture_synthetic
eurostat,unemployment_rate,PL,2024-02,M,2024-02-01,2024-02-29,15.72,% of active population,,45,2024-04-14,2026-01-15T08:00:00Z,SYNTHETIC/unemployment_rate,0c0763cf4b979d174ba4a3477e80966f857d0caf2ad4d3faad92b99bf1973647,fixture_synthetic
eurostat,unemployment_rate,PL,2024-03,M,2024-03-01,2024-03-31,4.94,% of active population,,45,2024-05-15,2026-01-15T08:00:00Z,SYNTHETIC/unemployment_rate,0c0763cf4b979d174ba4a3477e80966f857d0caf2ad4d3faad92b99bf1973647,fixture_synthetic
eurostat,unemployment_rate,PL,2024-04,M,2024-04-01,2024-04-30,17.39,% of active population,,45,2024-06-14,2026-01-15T08:00:00Z,SYNTHETIC/unemployment_rate,0c0763cf4b979d174ba4a3477e80966f857d0caf2ad4d3faad92b99bf1973647,fixture_synthetic
eurostat,unemployment_rate,PL,2024-05,M,2024-05-01,2024-05-31,3.74,% of active population,,45,2024-07-15,2026-01-15T08:00:00Z,SYNTHETIC/unemployment_rate,0c0763cf4b979d174ba4a3477e80966f857d0caf2ad4d3faad92b99bf1973647,fixture_synthetic
eurostat,unemployment_rate,PL,2024-06,M,2024-06-01,2024-06-30,5.38,% of active population,,45,2024-08-14,2026-01-15T08:00:00Z,SYNTHETIC/unemployment_rate,0c0763cf4b979d174ba4a3477e80966f857d0caf2ad4d3faad92b99bf1973647,fixture_synthetic
eurostat,unemployment_rate,PL,2024-07,M,2024-07-01,2024-07-31,11.72,% of active population,,45,2024-09-14,2026-01-15T08:00:00Z,SYNTHETIC/unemployment_rate,0c0763cf4b979d174ba4a3477e80966f857d0caf2ad4d3faad92b99bf1973647,fixture_synthetic
eurostat,unemployment_rate,PL,2024-08,M,2024-08-01,2024-08-31,12.97,% of active population,,45,2024-10-15,2026-01-15T08:00:00Z,SYNTHETIC/unemployment_rate,0c0763cf4b979d174ba4a3477e80966f857d0caf2ad4d3faad92b99bf1973647,fixture_synthetic
eurostat,unemployment_rate,PL,2024-09,M,2024-09-01,2024-09-30,6.15,% of active population,,45,2024-11-14,2026-01-15T08:00:00Z,SYNTHETIC/unemployment_rate,0c0763cf4b979d174ba4a3477e80966f857d0caf2ad4d3faad92b99bf1973647,fixture_synthetic
eurostat,unemployment_rate,PL,2024-10,M,2024-10-01,2024-10-31,4.36,% of active population,,45,2024-12-15,2026-01-15T08:00:00Z,SYNTHETIC/unemployment_rate,0c0763cf4b979d174ba4a3477e80966f857d0caf2ad4d3faad92b99bf1973647,fixture_synthetic
eurostat,unemployment_rate,PL,2024-11,M,2024-11-01,2024-11-30,16.3,% of active population,,45,2025-01-14,2026-01-15T08:00:00Z,SYNTHETIC/unemployment_rate,0c0763cf4b979d174ba4a3477e80966f857d0caf2ad4d3faad92b99bf1973647,fixture_synthetic
eurostat,unemployment_rate,PL,2024-12,M,2024-12-01,2024-12-31,6.32,% of active population,,45,2025-02-14,2026-01-15T08:00:00Z,SYNTHETIC/unemployment_rate,0c0763cf4b979d174ba4a3477e80966f857d0caf2ad4d3faad92b99bf1973647,fixture_synthetic
eurostat,unemployment_rate,PL,2025-01,M,2025-01-01,2025-01-31,11.72,% of active population,,45,2025-03-17,2026-01-15T08:00:00Z,SYNTHETIC/unemployment_rate,0c0763cf4b979d174ba4a3477e80966f857d0caf2ad4d3faad92b99bf1973647,fixture_synthetic
eurostat,unemployment_rate,PL,2025-02,M,2025-02-01,2025-02-28,12.1,% of active population,,45,2025-04-14,2026-01-15T08:00:00Z,SYNTHETIC/unemployment_rate,0c0763cf4b979d174ba4a3477e80966f857d0caf2ad4d3faad92b99bf1973647,fixture_synthetic
eurostat,unemployment_rate,PL,2025-03,M,2025-03-01,2025-03-31,9.0,% of active population,,45,2025-05-15,2026-01-15T08:00:00Z,SYNTHETIC/unemployment_rate,0c0763cf4b979d174ba4a3477e80966f857d0caf2ad4d3faad92b99bf1973647,fixture_synthetic
eurostat,unemployment_rate,PL,2025-04,M,2025-04-01,2025-04-30,11.55,% of active population,,45,2025-06-14,2026-01-15T08:00:00Z,SYNTHETIC/unemployment_rate,0c0763cf4b979d174ba4a3477e80966f857d0caf2ad4d3faad92b99bf1973647,fixture_synthetic
eurostat,unemployment_rate,PL,2025-05,M,2025-05-01,2025-05-31,10.6,% of active population,,45,2025-07-15,2026-01-15T08:00:00Z,SYNTHETIC/unemployment_rate,0c0763cf4b979d174ba4a3477e80966f857d0caf2ad4d3faad92b99bf1973647,fixture_synthetic
eurostat,unemployment_rate,PL,2025-06,M,2025-06-01,2025-06-30,16.99,% of active population,,45,2025-08-14,2026-01-15T08:00:00Z,SYNTHETIC/unemployment_rate,0c0763cf4b979d174ba4a3477e80966f857d0caf2ad4d3faad92b99bf1973647,fixture_synthetic
eurostat,unemployment_rate,PL,2025-07,M,2025-07-01,2025-07-31,5.67,% of active population,,45,2025-09-14,2026-01-15T08:00:00Z,SYNTHETIC/unemployment_rate,0c0763cf4b979d174ba4a3477e80966f857d0caf2ad4d3faad92b99bf1973647,fixture_synthetic
eurostat,unemployment_rate,PL,2025-08,M,2025-08-01,2025-08-31,13.6,% of active population,,45,2025-10-15,2026-01-15T08:00:00Z,SYNTHETIC/unemployment_rate,0c0763cf4b979d174ba4a3477e80966f857d0caf2ad4d3faad92b99bf1973647,fixture_synthetic
eurostat,unemployment_rate,PL,2025-09,M,2025-09-01,2025-09-30,6.2,% of active population,,45,2025-11-14,2026-01-15T08:00:00Z,SYNTHETIC/unemployment_rate,0c0763cf4b979d174ba4a3477e80966f857d0caf2ad4d3faad92b99bf1973647,fixture_synthetic
eurostat,unemployment_rate,PL,2025-10,M,2025-10-01,2025-10-31,8.63,% of active population,,45,2025-12-15,2026-01-15T08:00:00Z,SYNTHETIC/unemployment_rate,0c0763cf4b979d174ba4a3477e80966f857d0caf2ad4d3faad92b99bf1973647,fixture_synthetic
eurostat,unemployment_rate,PL,2025-11,M,2025-11-01,2025-11-30,12.91,% of active population,,45,2026-01-14,2026-01-15T08:00:00Z,SYNTHETIC/unemployment_rate,0c0763cf4b979d174ba4a3477e80966f857d0caf2ad4d3faad92b99bf1973647,fixture_synthetic
eurostat,unemployment_rate,RO,2019-01,M,2019-01-01,2019-01-31,16.42,% of active population,,45,2019-03-17,2026-01-15T08:00:00Z,SYNTHETIC/unemployment_rate,0c0763cf4b979d174ba4a3477e80966f857d0caf2ad4d3faad92b99bf1973647,fixture_synthetic
eurostat,unemployment_rate,RO,2019-02,M,2019-02-01,2019-02-28,8.69,% of active population,,45,2019-04-14,2026-01-15T08:00:00Z,SYNTHETIC/unemployment_rate,0c0763cf4b979d174ba4a3477e80966f857d0caf2ad4d3faad92b99bf1973647,fixture_synthetic
eurostat,unemployment_rate,RO,2019-03,M,2019-03-01,2019-03-31,5.9,% of active population,,45,2019-05-15,2026-01-15T08:00:00Z,SYNTHETIC/unemployment_rate,0c0763cf4b979d174ba4a3477e80966f857d0caf2ad4d3faad92b99bf1973647,fixture_synthetic
eurostat,unemployment_rate,RO,2019-04,M,2019-04-01,2019-04-30,17.96,% of active population,,45,2019-06-14,2026-01-15T08:00:00Z,SYNTHETIC/unemployment_rate,0c0763cf4b979d174ba4a3477e80966f857d0caf2ad4d3faad92b99bf1973647,fixture_synthetic
eurostat,unemployment_rate,RO,2019-05,M,2019-05-01,2019-05-31,10.4,% of active population,,45,2019-07-15,2026-01-15T08:00:00Z,SYNTHETIC/unemployment_rate,0c0763cf4b979d174ba4a3477e80966f857d0caf2ad4d3faad92b99bf1973647,fixture_synthetic
eurostat,unemployment_rate,RO,2019-06,M,2019-06-01,2019-06-30,3.91,% of active population,,45,2019-08-14,2026-01-15T08:00:00Z,SYNTHETIC/unemployment_rate,0c0763cf4b979d174ba4a3477e80966f857d0caf2ad4d3faad92b99bf1973647,fixture_synthetic
eurostat,unemployment_rate,RO,2019-07,M,2019-07-01,2019-07-31,3.23,% of active population,,45,2019-09-14,2026-01-15T08:00:00Z,SYNTHETIC/unemployment_rate,0c0763cf4b979d174ba4a3477e80966f857d0caf2ad4d3faad92b99bf1973647,fixture_synthetic
eurostat,unemployment_rate,RO,2019-08,M,2019-08-01,2019-08-31,4.2,% of active population,,45,2019-10-15,2026-01-15T08:00:00Z,SYNTHETIC/unemployment_rate,0c0763cf4b979d174ba4a3477e80966f857d0caf2ad4d3faad92b99bf1973647,fixture_synthetic
eurostat,unemployment_rate,RO,2019-09,M,2019-09-01,2019-09-30,12.23,% of active population,,45,2019-11-14,2026-01-15T08:00:00Z,SYNTHETIC/unemployment_rate,0c0763cf4b979d174ba4a3477e80966f857d0caf2ad4d3faad92b99bf1973647,fixture_synthetic
eurostat,unemployment_rate,RO,2019-10,M,2019-10-01,2019-10-31,14.78,% of active population,,45,2019-12-15,2026-01-15T08:00:00Z,SYNTHETIC/unemployment_rate,0c0763cf4b979d174ba4a3477e80966f857d0caf2ad4d3faad92b99bf1973647,fixture_synthetic
eurostat,unemployment_rate,RO,2019-11,M,2019-11-01,2019-11-30,9.04,% of active population,,45,2020-01-14,2026-01-15T08:00:00Z,SYNTHETIC/unemployment_rate,0c0763cf4b979d174ba4a3477e80966f857d0caf2ad4d3faad92b99bf1973647,fixture_synthetic
eurostat,unemployment_rate,RO,2019-12,M,2019-12-01,2019-12-31,3.48,% of active population,,45,2020-02-14,2026-01-15T08:00:00Z,SYNTHETIC/unemployment_rate,0c0763cf4b979d174ba4a3477e80966f857d0caf2ad4d3faad92b99bf1973647,fixture_synthetic
eurostat,unemployment_rate,RO,2020-01,M,2020-01-01,2020-01-31,8.42,% of active population,,45,2020-03-16,2026-01-15T08:00:00Z,SYNTHETIC/unemployment_rate,0c0763cf4b979d174ba4a3477e80966f857d0caf2ad4d3faad92b99bf1973647,fixture_synthetic
eurostat,unemployment_rate,RO,2020-02,M,2020-02-01,2020-02-29,17.94,% of active population,,45,2020-04-14,2026-01-15T08:00:00Z,SYNTHETIC/unemployment_rate,0c0763cf4b979d174ba4a3477e80966f857d0caf2ad4d3faad92b99bf1973647,fixture_synthetic
eurostat,unemployment_rate,RO,2020-03,M,2020-03-01,2020-03-31,10.7,% of active population,,45,2020-05-15,2026-01-15T08:00:00Z,SYNTHETIC/unemployment_rate,0c0763cf4b979d174ba4a3477e80966f857d0caf2ad4d3faad92b99bf1973647,fixture_synthetic
eurostat,unemployment_rate,RO,2020-04,M,2020-04-01,2020-04-30,17.55,% of active population,,45,2020-06-14,2026-01-15T08:00:00Z,SYNTHETIC/unemployment_rate,0c0763cf4b979d174ba4a3477e80966f857d0caf2ad4d3faad92b99bf1973647,fixture_synthetic
eurostat,unemployment_rate,RO,2020-05,M,2020-05-01,2020-05-31,15.84,% of active population,,45,2020-07-15,2026-01-15T08:00:00Z,SYNTHETIC/unemployment_rate,0c0763cf4b979d174ba4a3477e80966f857d0caf2ad4d3faad92b99bf1973647,fixture_synthetic
eurostat,unemployment_rate,RO,2020-06,M,2020-06-01,2020-06-30,2.68,% of active population,,45,2020-08-14,2026-01-15T08:00:00Z,SYNTHETIC/unemployment_rate,0c0763cf4b979d174ba4a3477e80966f857d0caf2ad4d3faad92b99bf1973647,fixture_synthetic
eurostat,unemployment_rate,RO,2020-07,M,2020-07-01,2020-07-31,13.67,% of active population,,45,2020-09-14,2026-01-15T08:00:00Z,SYNTHETIC/unemployment_rate,0c0763cf4b979d174ba4a3477e80966f857d0caf2ad4d3faad92b99bf1973647,fixture_synthetic
eurostat,unemployment_rate,RO,2020-08,M,2020-08-01,2020-08-31,13.07,% of active population,,45,2020-10-15,2026-01-15T08:00:00Z,SYNTHETIC/unemployment_rate,0c0763cf4b979d174ba4a3477e80966f857d0caf2ad4d3faad92b99bf1973647,fixture_synthetic
eurostat,unemployment_rate,RO,2020-09,M,2020-09-01,2020-09-30,10.82,% of active population,,45,2020-11-14,2026-01-15T08:00:00Z,SYNTHETIC/unemployment_rate,0c0763cf4b979d174ba4a3477e80966f857d0caf2ad4d3faad92b99bf1973647,fixture_synthetic
eurostat,unemployment_rate,RO,2020-10,M,2020-10-01,2020-10-31,6.64,% of active population,,45,2020-12-15,2026-01-15T08:00:00Z,SYNTHETIC/unemployment_rate,0c0763cf4b979d174ba4a3477e80966f857d0caf2ad4d3faad92b99bf1973647,fixture_synthetic
eurostat,unemployment_rate,RO,2020-11,M,2020-11-01,2020-11-30,12.43,% of active population,,45,2021-01-14,2026-01-15T08:00:00Z,SYNTHETIC/unemployment_rate,0c0763cf4b979d174ba4a3477e80966f857d0caf2ad4d3faad92b99bf1973647,fixture_synthetic
eurostat,unemployment_rate,RO,2020-12,M,2020-12-01,2020-12-31,4.23,% of active population,,45,2021-02-14,2026-01-15T08:00:00Z,SYNTHETIC/unemployment_rate,0c0763cf4b979d174ba4a3477e80966f857d0caf2ad4d3faad92b99bf1973647,fixture_synthetic
eurostat,unemployment_rate,RO,2021-01,M,2021-01-01,2021-01-31,9.24,% of active population,,45,2021-03-17,2026-01-15T08:00:00Z,SYNTHETIC/unemployment_rate,0c0763cf4b979d174ba4a3477e80966f857d0caf2ad4d3faad92b99bf1973647,fixture_synthetic
eurostat,unemployment_rate,RO,2021-02,M,2021-02-01,2021-02-28,9.53,% of active population,,45,2021-04-14,2026-01-15T08:00:00Z,SYNTHETIC/unemployment_rate,0c0763cf4b979d174ba4a3477e80966f857d0caf2ad4d3faad92b99bf1973647,fixture_synthetic
eurostat,unemployment_rate,RO,2021-03,M,2021-03-01,2021-03-31,17.28,% of active population,,45,2021-05-15,2026-01-15T08:00:00Z,SYNTHETIC/unemployment_rate,0c0763cf4b979d174ba4a3477e80966f857d0caf2ad4d3faad92b99bf1973647,fixture_synthetic
eurostat,unemployment_rate,RO,2021-04,M,2021-04-01,2021-04-30,16.08,% of active population,,45,2021-06-14,2026-01-15T08:00:00Z,SYNTHETIC/unemployment_rate,0c0763cf4b979d174ba4a3477e80966f857d0caf2ad4d3faad92b99bf1973647,fixture_synthetic
eurostat,unemployment_rate,RO,2021-05,M,2021-05-01,2021-05-31,6.58,% of active population,,45,2021-07-15,2026-01-15T08:00:00Z,SYNTHETIC/unemployment_rate,0c0763cf4b979d174ba4a3477e80966f857d0caf2ad4d3faad92b99bf1973647,fixture_synthetic
eurostat,unemployment_rate,RO,2021-06,M,2021-06-01,2021-06-30,10.26,% of active population,,45,2021-08-14,2026-01-15T08:00:00Z,SYNTHETIC/unemployment_rate,0c0763cf4b979d174ba4a3477e80966f857d0caf2ad4d3faad92b99bf1973647,fixture_synthetic
eurostat,unemployment_rate,RO,2021-07,M,2021-07-01,2021-07-31,5.27,% of active population,,45,2021-09-14,2026-01-15T08:00:00Z,SYNTHETIC/unemployment_rate,0c0763cf4b979d174ba4a3477e80966f857d0caf2ad4d3faad92b99bf1973647,fixture_synthetic
eurostat,unemployment_rate,RO,2021-08,M,2021-08-01,2021-08-31,16.65,% of active population,,45,2021-10-15,2026-01-15T08:00:00Z,SYNTHETIC/unemployment_rate,0c0763cf4b979d174ba4a3477e80966f857d0caf2ad4d3faad92b99bf1973647,fixture_synthetic
eurostat,unemployment_rate,RO,2021-09,M,2021-09-01,2021-09-30,15.99,% of active population,,45,2021-11-14,2026-01-15T08:00:00Z,SYNTHETIC/unemployment_rate,0c0763cf4b979d174ba4a3477e80966f857d0caf2ad4d3faad92b99bf1973647,fixture_synthetic
eurostat,unemployment_rate,RO,2021-10,M,2021-10-01,2021-10-31,7.13,% of active population,,45,2021-12-15,2026-01-15T08:00:00Z,SYNTHETIC/unemployment_rate,0c0763cf4b979d174ba4a3477e80966f857d0caf2ad4d3faad92b99bf1973647,fixture_synthetic
eurostat,unemployment_rate,RO,2021-11,M,2021-11-01,2021-11-30,12.4,% of active population,,45,2022-01-14,2026-01-15T08:00:00Z,SYNTHETIC/unemployment_rate,0c0763cf4b979d174ba4a3477e80966f857d0caf2ad4d3faad92b99bf1973647,fixture_synthetic
eurostat,unemployment_rate,RO,2021-12,M,2021-12-01,2021-12-31,11.94,% of active population,,45,2022-02-14,2026-01-15T08:00:00Z,SYNTHETIC/unemployment_rate,0c0763cf4b979d174ba4a3477e80966f857d0caf2ad4d3faad92b99bf1973647,fixture_synthetic
eurostat,unemployment_rate,RO,2022-01,M,2022-01-01,2022-01-31,4.87,% of active population,,45,2022-03-17,2026-01-15T08:00:00Z,SYNTHETIC/unemployment_rate,0c0763cf4b979d174ba4a3477e80966f857d0caf2ad4d3faad92b99bf1973647,fixture_synthetic
eurostat,unemployment_rate,RO,2022-02,M,2022-02-01,2022-02-28,14.32,% of active population,,45,2022-04-14,2026-01-15T08:00:00Z,SYNTHETIC/unemployment_rate,0c0763cf4b979d174ba4a3477e80966f857d0caf2ad4d3faad92b99bf1973647,fixture_synthetic
eurostat,unemployment_rate,RO,2022-03,M,2022-03-01,2022-03-31,10.86,% of active population,,45,2022-05-15,2026-01-15T08:00:00Z,SYNTHETIC/unemployment_rate,0c0763cf4b979d174ba4a3477e80966f857d0caf2ad4d3faad92b99bf1973647,fixture_synthetic
eurostat,unemployment_rate,RO,2022-04,M,2022-04-01,2022-04-30,14.57,% of active population,,45,2022-06-14,2026-01-15T08:00:00Z,SYNTHETIC/unemployment_rate,0c0763cf4b979d174ba4a3477e80966f857d0caf2ad4d3faad92b99bf1973647,fixture_synthetic
eurostat,unemployment_rate,RO,2022-05,M,2022-05-01,2022-05-31,10.72,% of active population,,45,2022-07-15,2026-01-15T08:00:00Z,SYNTHETIC/unemployment_rate,0c0763cf4b979d174ba4a3477e80966f857d0caf2ad4d3faad92b99bf1973647,fixture_synthetic
eurostat,unemployment_rate,RO,2022-06,M,2022-06-01,2022-06-30,2.51,% of active population,,45,2022-08-14,2026-01-15T08:00:00Z,SYNTHETIC/unemployment_rate,0c0763cf4b979d174ba4a3477e80966f857d0caf2ad4d3faad92b99bf1973647,fixture_synthetic
eurostat,unemployment_rate,RO,2022-07,M,2022-07-01,2022-07-31,7.52,% of active population,,45,2022-09-14,2026-01-15T08:00:00Z,SYNTHETIC/unemployment_rate,0c0763cf4b979d174ba4a3477e80966f857d0caf2ad4d3faad92b99bf1973647,fixture_synthetic
eurostat,unemployment_rate,RO,2022-08,M,2022-08-01,2022-08-31,2.8,% of active population,,45,2022-10-15,2026-01-15T08:00:00Z,SYNTHETIC/unemployment_rate,0c0763cf4b979d174ba4a3477e80966f857d0caf2ad4d3faad92b99bf1973647,fixture_synthetic
eurostat,unemployment_rate,RO,2022-09,M,2022-09-01,2022-09-30,16.9,% of active population,,45,2022-11-14,2026-01-15T08:00:00Z,SYNTHETIC/unemployment_rate,0c0763cf4b979d174ba4a3477e80966f857d0caf2ad4d3faad92b99bf1973647,fixture_synthetic
eurostat,unemployment_rate,RO,2022-10,M,2022-10-01,2022-10-31,16.12,% of active population,,45,2022-12-15,2026-01-15T08:00:00Z,SYNTHETIC/unemployment_rate,0c0763cf4b979d174ba4a3477e80966f857d0caf2ad4d3faad92b99bf1973647,fixture_synthetic
eurostat,unemployment_rate,RO,2022-11,M,2022-11-01,2022-11-30,15.39,% of active population,,45,2023-01-14,2026-01-15T08:00:00Z,SYNTHETIC/unemployment_rate,0c0763cf4b979d174ba4a3477e80966f857d0caf2ad4d3faad92b99bf1973647,fixture_synthetic
eurostat,unemployment_rate,RO,2022-12,M,2022-12-01,2022-12-31,7.27,% of active population,,45,2023-02-14,2026-01-15T08:00:00Z,SYNTHETIC/unemployment_rate,0c0763cf4b979d174ba4a3477e80966f857d0caf2ad4d3faad92b99bf1973647,fixture_synthetic
eurostat,unemployment_rate,RO,2023-01,M,2023-01-01,2023-01-31,3.4,% of active population,,45,2023-03-17,2026-01-15T08:00:00Z,SYNTHETIC/unemployment_rate,0c0763cf4b979d174ba4a3477e80966f857d0caf2ad4d3faad92b99bf1973647,fixture_synthetic
eurostat,unemployment_rate,RO,2023-02,M,2023-02-01,2023-02-28,16.11,% of active population,,45,2023-04-14,2026-01-15T08:00:00Z,SYNTHETIC/unemployment_rate,0c0763cf4b979d174ba4a3477e80966f857d0caf2ad4d3faad92b99bf1973647,fixture_synthetic
eurostat,unemployment_rate,RO,2023-03,M,2023-03-01,2023-03-31,17.18,% of active population,,45,2023-05-15,2026-01-15T08:00:00Z,SYNTHETIC/unemployment_rate,0c0763cf4b979d174ba4a3477e80966f857d0caf2ad4d3faad92b99bf1973647,fixture_synthetic
eurostat,unemployment_rate,RO,2023-04,M,2023-04-01,2023-04-30,3.83,% of active population,,45,2023-06-14,2026-01-15T08:00:00Z,SYNTHETIC/unemployment_rate,0c0763cf4b979d174ba4a3477e80966f857d0caf2ad4d3faad92b99bf1973647,fixture_synthetic
eurostat,unemployment_rate,RO,2023-05,M,2023-05-01,2023-05-31,10.03,% of active population,,45,2023-07-15,2026-01-15T08:00:00Z,SYNTHETIC/unemployment_rate,0c0763cf4b979d174ba4a3477e80966f857d0caf2ad4d3faad92b99bf1973647,fixture_synthetic
eurostat,unemployment_rate,RO,2023-06,M,2023-06-01,2023-06-30,3.57,% of active population,,45,2023-08-14,2026-01-15T08:00:00Z,SYNTHETIC/unemployment_rate,0c0763cf4b979d174ba4a3477e80966f857d0caf2ad4d3faad92b99bf1973647,fixture_synthetic
eurostat,unemployment_rate,RO,2023-07,M,2023-07-01,2023-07-31,14.29,% of active population,,45,2023-09-14,2026-01-15T08:00:00Z,SYNTHETIC/unemployment_rate,0c0763cf4b979d174ba4a3477e80966f857d0caf2ad4d3faad92b99bf1973647,fixture_synthetic
eurostat,unemployment_rate,RO,2023-08,M,2023-08-01,2023-08-31,14.37,% of active population,,45,2023-10-15,2026-01-15T08:00:00Z,SYNTHETIC/unemployment_rate,0c0763cf4b979d174ba4a3477e80966f857d0caf2ad4d3faad92b99bf1973647,fixture_synthetic
eurostat,unemployment_rate,RO,2023-09,M,2023-09-01,2023-09-30,4.49,% of active population,,45,2023-11-14,2026-01-15T08:00:00Z,SYNTHETIC/unemployment_rate,0c0763cf4b979d174ba4a3477e80966f857d0caf2ad4d3faad92b99bf1973647,fixture_synthetic
eurostat,unemployment_rate,RO,2023-10,M,2023-10-01,2023-10-31,9.87,% of active population,,45,2023-12-15,2026-01-15T08:00:00Z,SYNTHETIC/unemployment_rate,0c0763cf4b979d174ba4a3477e80966f857d0caf2ad4d3faad92b99bf1973647,fixture_synthetic
eurostat,unemployment_rate,RO,2023-11,M,2023-11-01,2023-11-30,11.02,% of active population,,45,2024-01-14,2026-01-15T08:00:00Z,SYNTHETIC/unemployment_rate,0c0763cf4b979d174ba4a3477e80966f857d0caf2ad4d3faad92b99bf1973647,fixture_synthetic
eurostat,unemployment_rate,RO,2023-12,M,2023-12-01,2023-12-31,6.61,% of active population,,45,2024-02-14,2026-01-15T08:00:00Z,SYNTHETIC/unemployment_rate,0c0763cf4b979d174ba4a3477e80966f857d0caf2ad4d3faad92b99bf1973647,fixture_synthetic
eurostat,unemployment_rate,RO,2024-01,M,2024-01-01,2024-01-31,16.02,% of active population,,45,2024-03-16,2026-01-15T08:00:00Z,SYNTHETIC/unemployment_rate,0c0763cf4b979d174ba4a3477e80966f857d0caf2ad4d3faad92b99bf1973647,fixture_synthetic
eurostat,unemployment_rate,RO,2024-02,M,2024-02-01,2024-02-29,9.06,% of active population,,45,2024-04-14,2026-01-15T08:00:00Z,SYNTHETIC/unemployment_rate,0c0763cf4b979d174ba4a3477e80966f857d0caf2ad4d3faad92b99bf1973647,fixture_synthetic
eurostat,unemployment_rate,RO,2024-03,M,2024-03-01,2024-03-31,5.78,% of active population,,45,2024-05-15,2026-01-15T08:00:00Z,SYNTHETIC/unemployment_rate,0c0763cf4b979d174ba4a3477e80966f857d0caf2ad4d3faad92b99bf1973647,fixture_synthetic
eurostat,unemployment_rate,RO,2024-04,M,2024-04-01,2024-04-30,10.86,% of active population,,45,2024-06-14,2026-01-15T08:00:00Z,SYNTHETIC/unemployment_rate,0c0763cf4b979d174ba4a3477e80966f857d0caf2ad4d3faad92b99bf1973647,fixture_synthetic
eurostat,unemployment_rate,RO,2024-05,M,2024-05-01,2024-05-31,13.81,% of active population,,45,2024-07-15,2026-01-15T08:00:00Z,SYNTHETIC/unemployment_rate,0c0763cf4b979d174ba4a3477e80966f857d0caf2ad4d3faad92b99bf1973647,fixture_synthetic
eurostat,unemployment_rate,RO,2024-06,M,2024-06-01,2024-06-30,5.62,% of active population,,45,2024-08-14,2026-01-15T08:00:00Z,SYNTHETIC/unemployment_rate,0c0763cf4b979d174ba4a3477e80966f857d0caf2ad4d3faad92b99bf1973647,fixture_synthetic
eurostat,unemployment_rate,RO,2024-07,M,2024-07-01,2024-07-31,7.33,% of active population,,45,2024-09-14,2026-01-15T08:00:00Z,SYNTHETIC/unemployment_rate,0c0763cf4b979d174ba4a3477e80966f857d0caf2ad4d3faad92b99bf1973647,fixture_synthetic
eurostat,unemployment_rate,RO,2024-08,M,2024-08-01,2024-08-31,17.92,% of active population,,45,2024-10-15,2026-01-15T08:00:00Z,SYNTHETIC/unemployment_rate,0c0763cf4b979d174ba4a3477e80966f857d0caf2ad4d3faad92b99bf1973647,fixture_synthetic
eurostat,unemployment_rate,RO,2024-09,M,2024-09-01,2024-09-30,12.57,% of active population,,45,2024-11-14,2026-01-15T08:00:00Z,SYNTHETIC/unemployment_rate,0c0763cf4b979d174ba4a3477e80966f857d0caf2ad4d3faad92b99bf1973647,fixture_synthetic
eurostat,unemployment_rate,RO,2024-10,M,2024-10-01,2024-10-31,9.29,% of active population,,45,2024-12-15,2026-01-15T08:00:00Z,SYNTHETIC/unemployment_rate,0c0763cf4b979d174ba4a3477e80966f857d0caf2ad4d3faad92b99bf1973647,fixture_synthetic
eurostat,unemployment_rate,RO,2024-11,M,2024-11-01,2024-11-30,10.52,% of active population,,45,2025-01-14,2026-01-15T08:00:00Z,SYNTHETIC/unemployment_rate,0c0763cf4b979d174ba4a3477e80966f857d0caf2ad4d3faad92b99bf1973647,fixture_synthetic
eurostat,unemployment_rate,RO,2024-12,M,2024-12-01,2024-12-31,4.38,% of active population,,45,2025-02-14,2026-01-15T08:00:00Z,SYNTHETIC/unemployment_rate,0c0763cf4b979d174ba4a3477e80966f857d0caf2ad4d3faad92b99bf1973647,fixture_synthetic
eurostat,unemployment_rate,RO,2025-01,M,2025-01-01,2025-01-31,5.98,% of active population,,45,2025-03-17,2026-01-15T08:00:00Z,SYNTHETIC/unemployment_rate,0c0763cf4b979d174ba4a3477e80966f857d0caf2ad4d3faad92b99bf1973647,fixture_synthetic
eurostat,unemployment_rate,RO,2025-02,M,2025-02-01,2025-02-28,7.74,% of active population,,45,2025-04-14,2026-01-15T08:00:00Z,SYNTHETIC/unemployment_rate,0c0763cf4b979d174ba4a3477e80966f857d0caf2ad4d3faad92b99bf1973647,fixture_synthetic
eurostat,unemployment_rate,RO,2025-03,M,2025-03-01,2025-03-31,11.62,% of active population,,45,2025-05-15,2026-01-15T08:00:00Z,SYNTHETIC/unemployment_rate,0c0763cf4b979d174ba4a3477e80966f857d0caf2ad4d3faad92b99bf1973647,fixture_synthetic
eurostat,unemployment_rate,RO,2025-04,M,2025-04-01,2025-04-30,6.07,% of active population,,45,2025-06-14,2026-01-15T08:00:00Z,SYNTHETIC/unemployment_rate,0c0763cf4b979d174ba4a3477e80966f857d0caf2ad4d3faad92b99bf1973647,fixture_synthetic
eurostat,unemployment_rate,RO,2025-05,M,2025-05-01,2025-05-31,5.91,% of active population,,45,2025-07-15,2026-01-15T08:00:00Z,SYNTHETIC/unemployment_rate,0c0763cf4b979d174ba4a3477e80966f857d0caf2ad4d3faad92b99bf1973647,fixture_synthetic
eurostat,unemployment_rate,RO,2025-06,M,2025-06-01,2025-06-30,3.6,% of active population,,45,2025-08-14,2026-01-15T08:00:00Z,SYNTHETIC/unemployment_rate,0c0763cf4b979d174ba4a3477e80966f857d0caf2ad4d3faad92b99bf1973647,fixture_synthetic
eurostat,unemployment_rate,RO,2025-07,M,2025-07-01,2025-07-31,12.28,% of active population,,45,2025-09-14,2026-01-15T08:00:00Z,SYNTHETIC/unemployment_rate,0c0763cf4b979d174ba4a3477e80966f857d0caf2ad4d3faad92b99bf1973647,fixture_synthetic
eurostat,unemployment_rate,RO,2025-08,M,2025-08-01,2025-08-31,6.05,% of active population,,45,2025-10-15,2026-01-15T08:00:00Z,SYNTHETIC/unemployment_rate,0c0763cf4b979d174ba4a3477e80966f857d0caf2ad4d3faad92b99bf1973647,fixture_synthetic
eurostat,unemployment_rate,RO,2025-09,M,2025-09-01,2025-09-30,16.53,% of active population,,45,2025-11-14,2026-01-15T08:00:00Z,SYNTHETIC/unemployment_rate,0c0763cf4b979d174ba4a3477e80966f857d0caf2ad4d3faad92b99bf1973647,fixture_synthetic
eurostat,unemployment_rate,RO,2025-10,M,2025-10-01,2025-10-31,15.82,% of active population,,45,2025-12-15,2026-01-15T08:00:00Z,SYNTHETIC/unemployment_rate,0c0763cf4b979d174ba4a3477e80966f857d0caf2ad4d3faad92b99bf1973647,fixture_synthetic
eurostat,unemployment_rate,RO,2025-11,M,2025-11-01,2025-11-30,3.6,% of active population,,45,2026-01-14,2026-01-15T08:00:00Z,SYNTHETIC/unemployment_rate,0c0763cf4b979d174ba4a3477e80966f857d0caf2ad4d3faad92b99bf1973647,fixture_synthetic
