objective_id,country_code,business_unit,period,period_end,denominator,numerator,value,immature,unknown_regret
NEW_HIRE_6M,ALL,ALL,2021Q1,2021-03-31,87.0,77,0.8850574712643678,0,0
NEW_HIRE_6M,ALL,ALL,2021Q2,2021-06-30,95.0,83,0.8736842105263158,0,0
NEW_HIRE_6M,ALL,ALL,2021Q3,2021-09-30,115.0,98,0.8521739130434782,0,0
NEW_HIRE_6M,ALL,ALL,2021Q4,2021-12-31,119.0,104,0.8739495798319328,0,0
NEW_HIRE_6M,ALL,ALL,2022Q1,2022-03-31,86.0,72,0.8372093023255814,0,0
NEW_HIRE_6M,ALL,ALL,2022Q2,2022-06-30,111.0,97,0.8738738738738738,0,0
NEW_HIRE_6M,ALL,ALL,2022Q3,2022-09-30,101.0,89,0.8811881188118812,0,0
NEW_HIRE_6M,ALL,ALL,2022Q4,2022-12-31,98.0,86,0.8775510204081632,0,0
NEW_HIRE_6M,ALL,ALL,2023Q1,2023-03-31,98.0,85,0.8673469387755102,0,0
NEW_HIRE_6M,ALL,ALL,2023Q2,2023-06-30,110.0,93,0.8454545454545455,0,0
NEW_HIRE_6M,ALL,ALL,2023Q3,2023-09-30,94.0,82,0.8723404255319149,0,0
NEW_HIRE_6M,ALL,ALL,2023Q4,2023-12-31,89.0,76,0.8539325842696629,0,0
NEW_HIRE_6M,ALL,ALL,2024Q1,2024-03-31,105.0,94,0.8952380952380953,0,0
NEW_HIRE_6M,ALL,ALL,2024Q2,2024-06-30,106.0,91,0.8584905660377359,0,0
NEW_HIRE_6M,ALL,ALL,2024Q3,2024-09-30,120.0,104,0.8666666666666667,0,0
NEW_HIRE_6M,ALL,ALL,2024Q4,2024-12-31,102.0,89,0.8725490196078431,0,0
NEW_HIRE_6M,ALL,ALL,2025Q1,2025-03-31,73.0,64,0.8767123287671232,0,0
NEW_HIRE_6M,ALL,ALL,2025Q2,2025-06-30,99.0,91,0.9191919191919192,0,0
NEW_HIRE_6M,ALL,ALL,2025Q3,2025-09-30,0.0,0,,98,0
NEW_HIRE_6M,ALL,ALL,2025Q4,2025-12-31,0.0,0,,63,0
NEW_HIRE_6M,ALL,Digital,2021Q1,2021-03-31,25.0,24,0.96,0,0
NEW_HIRE_6M,ALL,Digital,2021Q2,2021-06-30,24.0,21,0.875,0,0
NEW_HIRE_6M,ALL,Digital,2021Q3,2021-09-30,30.0,25,0.8333333333333334,0,0
NEW_HIRE_6M,ALL,Digital,2021Q4,2021-12-31,33.0,27,0.8181818181818182,0,0
NEW_HIRE_6M,ALL,Digital,2022Q1,2022-03-31,24.0,19,0.7916666666666666,0,0
NEW_HIRE_6M,ALL,Digital,2022Q2,2022-06-30,22.0,19,0.8636363636363636,0,0
NEW_HIRE_6M,ALL,Digital,2022Q3,2022-09-30,19.0,17,0.8947368421052632,0,0
NEW_HIRE_6M,ALL,Digital,2022Q4,2022-12-31,21.0,18,0.8571428571428571,0,0
NEW_HIRE_6M,ALL,Digital,2023Q1,2023-03-31,19.0,15,0.7894736842105263,0,0
NEW_HIRE_6M,ALL,Digital,2023Q2,2023-06-30,25.0,23,0.92,0,0
NEW_HIRE_6M,ALL,Digital,2023Q3,2023-09-30,27.0,21,0.7777777777777778,0,0
NEW_HIRE_6M,ALL,Digital,2023Q4,2023-12-31,19.0,16,0.8421052631578947,0,0
NEW_HIRE_6M,ALL,Digital,2024Q1,2024-03-31,23.0,22,0.9565217391304348,0,0
NEW_HIRE_6M,ALL,Digital,2024Q2,2024-06-30,29.0,26,0.896551724137931,0,0
NEW_HIRE_6M,ALL,Digital,2024Q3,2024-09-30,31.0,27,0.8709677419354839,0,0
NEW_HIRE_6M,ALL,Digital,2024Q4,2024-12-31,28.0,25,0.8928571428571429,0,0
NEW_HIRE_6M,ALL,Digital,2025Q1,2025-03-31,21.0,20,0.9523809523809523,0,0
NEW_HIRE_6M,ALL,Digital,2025Q2,2025-06-30,16.0,15,0.9375,0,0
NEW_HIRE_6M,ALL,Digital,2025Q3,2025-09-30,0.0,0,,33,0
NEW_HIRE_6M,ALL,Digital,2025Q4,2025-12-31,0.0,0,,22,0
NEW_HIRE_6M,ALL,Finance,2021Q1,2021-03-31,19.0,16,0.8421052631578947,0,0
NEW_HIRE_6M,ALL,Finance,2021Q2,2021-06-30,26.0,23,0.8846153846153846,0,0
NEW_HIRE_6M,ALL,Finance,2021Q3,2021-09-30,28.0,27,0.9642857142857143,0,0
NEW_HIRE_6M,ALL,Finance,2021Q4,2021-12-31,29.0,28,0.9655172413793104,0,0
NEW_HIRE_6M,ALL,Finance,2022Q1,2022-03-31,18.0,15,0.8333333333333334,0,0
NEW_HIRE_6M,ALL,Finance,2022Q2,2022-06-30,26.0,21,0.8076923076923077,0,0
NEW_HIRE_6M,ALL,Finance,2022Q3,2022-09-30,36.0,32,0.8888888888888888,0,0
NEW_HIRE_6M,ALL,Finance,2022Q4,2022-12-31,32.0,28,0.875,0,0
NEW_HIRE_6M,ALL,Finance,2023Q1,2023-03-31,26.0,24,0.9230769230769231,0,0
NEW_HIRE_6M,ALL,Finance,2023Q2,2023-06-30,17.0,16,0.9411764705882353,0,0
NEW_HIRE_6M,ALL,Finance,2023Q3,2023-09-30,23.0,20,0.8695652173913043,0,0
NEW_HIRE_6M,ALL,Finance,2023Q4,2023-12-31,31.0,26,0.8387096774193549,0,0
NEW_HIRE_6M,ALL,Finance,2024Q1,2024-03-31,23.0,21,0.9130434782608695,0,0
NEW_HIRE_6M,ALL,Finance,2024Q2,2024-06-30,28.0,24,0.8571428571428571,0,0
NEW_HIRE_6M,ALL,Finance,2024Q3,2024-09-30,25.0,22,0.88,0,0
NEW_HIRE_6M,ALL,Finance,2024Q4,2024-12-31,23.0,21,0.9130434782608695,0,0
NEW_HIRE_6M,ALL,Finance,2025Q1,2025-03-31,25.0,19,0.76,0,0
NEW_HIRE_6M,ALL,Finance,2025Q2,2025-06-30,26.0,24,0.9230769230769231,0,0
NEW_HIRE_6M,ALL,Finance,2025Q3,2025-09-30,0.0,0,,26,0
NEW_HIRE_6M,ALL,Finance,2025Q4,2025-12-31,0.0,0,,18,0
NEW_HIRE_6M,ALL,Sales,2021Q1,2021-03-31,18.0,16,0.8888888888888888,0,0
NEW_HIRE_6M,ALL,Sales,2021Q2,2021-06-30,18.0,15,0.8333333333333334,0,0
NEW_HIRE_6M,ALL,Sales,2021Q3,2021-09-30,26.0,22,0.8461538461538461,0,0
NEW_HIRE_6M,ALL,Sales,2021Q4,2021-12-31,33.0,31,0.9393939393939394,0,0
NEW_HIRE_6M,ALL,Sales,2022Q1,2022-03-31,22.0,19,0.8636363636363636,0,0
NEW_HIRE_6M,ALL,Sales,2022Q2,2022-06-30,30.0,25,0.8333333333333334,0,0
NEW_HIRE_6M,ALL,Sales,2022Q3,2022-09-30,22.0,19,0.8636363636363636,0,0
NEW_HIRE_6M,ALL,Sales,2022Q4,2022-12-31,17.0,14,0.8235294117647058,0,0
NEW_HIRE_6M,ALL,Sales,2023Q1,2023-03-31,23.0,20,0.8695652173913043,0,0
NEW_HIRE_6M,ALL,Sales,2023Q2,2023-06-30,39.0,30,0.7692307692307693,0,0
NEW_HIRE_6M,ALL,Sales,2023Q3,2023-09-30,21.0,20,0.9523809523809523,0,0
NEW_HIRE_6M,ALL,Sales,2023Q4,2023-12-31,24.0,21,0.875,0,0
NEW_HIRE_6M,ALL,Sales,2024Q1,2024-03-31,22.0,18,0.8181818181818182,0,0
NEW_HIRE_6M,ALL,Sales,2024Q2,2024-06-30,28.0,23,0.8214285714285714,0,0
NEW_HIRE_6M,ALL,Sales,2024Q3,2024-09-30,30.0,24,0.8,0,0
NEW_HIRE_6M,ALL,Sales,2024Q4,2024-12-31,22.0,19,0.8636363636363636,0,0
NEW_HIRE_6M,ALL,Sales,2025Q1,2025-03-31,14.0,12,0.8571428571428571,0,0
NEW_HIRE_6M,ALL,Sales,2025Q2,2025-06-30,32.0,30,0.9375,0,0
NEW_HIRE_6M,ALL,Sales,2025Q3,2025-09-30,0.0,0,,20,0
NEW_HIRE_6M,ALL,Sales,2025Q4,2025-12-31,0.0,0,,13,0
NEW_HIRE_6M,ALL,Supply Chain,2021Q1,2021-03-31,25.0,21,0.84,0,0
NEW_HIRE_6M,ALL,Supply Chain,2021Q2,2021-06-30,27.0,24,0.8888888888888888,0,0
NEW_HIRE_6M,ALL,Supply Chain,2021Q3,2021-09-30,31.0,24,0.7741935483870968,0,0
NEW_HIRE_6M,ALL,Supply Chain,2021Q4,2021-12-31,24.0,18,0.75,0,0
NEW_HIRE_6M,ALL,Supply Chain,2022Q1,2022-03-31,22.0,19,0.8636363636363636,0,0
NEW_HIRE_6M,ALL,Supply Chain,2022Q2,2022-06-30,33.0,32,0.9696969696969697,0,0
NEW_HIRE_6M,ALL,Supply Chain,2022Q3,2022-09-30,24.0,21,0.875,0,0
NEW_HIRE_6M,ALL,Supply Chain,2022Q4,2022-12-31,28.0,26,0.9285714285714286,0,0
NEW_HIRE_6M,ALL,Supply Chain,2023Q1,2023-03-31,30.0,26,0.8666666666666667,0,0
NEW_HIRE_6M,ALL,Supply Chain,2023Q2,2023-06-30,29.0,24,0.8275862068965517,0,0
NEW_HIRE_6M,ALL,Supply Chain,2023Q3,2023-09-30,23.0,21,0.9130434782608695,0,0
NEW_HIRE_6M,ALL,Supply Chain,2023Q4,2023-12-31,15.0,13,0.8666666666666667,0,0
NEW_HIRE_6M,ALL,Supply Chain,2024Q1,2024-03-31,37.0,33,0.8918918918918919,0,0
NEW_HIRE_6M,ALL,Supply Chain,2024Q2,2024-06-30,21.0,18,0.8571428571428571,0,0
NEW_HIRE_6M,ALL,Supply Chain,2024Q3,2024-09-30,34.0,31,0.9117647058823529,0,0
NEW_HIRE_6M,ALL,Supply Chain,2024Q4,2024-12-31,29.0,24,0.8275862068965517,0,0
NEW_HIRE_6M,ALL,Supply Chain,2025Q1,2025-03-31,13.0,13,1.0,0,0
NEW_HIRE_6M,ALL,Supply Chain,2025Q2,2025-06-30,25.0,22,0.88,0,0
NEW_HIRE_6M,ALL,Supply Chain,2025Q3,2025-09-30,0.0,0,,19,0
NEW_HIRE_6M,ALL,Supply Chain,2025Q4,2025-12-31,0.0,0,,10,0
NEW_HIRE_6M,BG,ALL,2021Q1,2021-03-31,12.0,12,1.0,0,0
NEW_HIRE_6M,BG,ALL,2021Q2,2021-06-30,17.0,16,0.9411764705882353,0,0
NEW_HIRE_6M,BG,ALL,2021Q3,2021-09-30,20.0,18,0.9,0,0
NEW_HIRE_6M,BG,ALL,2021Q4,2021-12-31,20.0,17,0.85,0,0
NEW_HIRE_6M,BG,ALL,2022Q1,2022-03-31,15.0,13,0.8666666666666667,0,0
NEW_HIRE_6M,BG,ALL,2022Q2,2022-06-30,15.0,13,0.8666666666666667,0,0
NEW_HIRE_6M,BG,ALL,2022Q3,2022-09-30,19.0,15,0.7894736842105263,0,0
NEW_HIRE_6M,BG,ALL,2022Q4,2022-12-31,13.0,12,0.9230769230769231,0,0
NEW_HIRE_6M,BG,ALL,2023Q1,2023-03-31,16.0,16,1.0,0,0
NEW_HIRE_6M,BG,ALL,2023Q2,2023-06-30,22.0,19,0.8636363636363636,0,0
NEW_HIRE_6M,BG,ALL,2023Q3,2023-09-30,9.0,8,0.8888888888888888,0,0
NEW_HIRE_6M,BG,ALL,2023Q4,2023-12-31,18.0,16,0.8888888888888888,0,0
NEW_HIRE_6M,BG,ALL,2024Q1,2024-03-31,24.0,20,0.8333333333333334,0,0
NEW_HIRE_6M,BG,ALL,2024Q2,2024-06-30,22.0,16,0.7272727272727273,0,0
NEW_HIRE_6M,BG,ALL,2024Q3,2024-09-30,27.0,21,0.7777777777777778,0,0
NEW_HIRE_6M,BG,ALL,2024Q4,2024-12-31,19.0,16,0.8421052631578947,0,0
NEW_HIRE_6M,BG,ALL,2025Q1,2025-03-31,12.0,11,0.9166666666666666,0,0
NEW_HIRE_6M,BG,ALL,2025Q2,2025-06-30,21.0,20,0.9523809523809523,0,0
NEW_HIRE_6M,BG,ALL,2025Q3,2025-09-30,0.0,0,,20,0
NEW_HIRE_6M,BG,ALL,2025Q4,2025-12-31,0.0,0,,9,0
NEW_HIRE_6M,BG,Digital,2021Q1,2021-03-31,4.0,4,1.0,0,0
NEW_HIRE_6M,BG,Digital,2021Q2,2021-06-30,6.0,5,0.8333333333333334,0,0
NEW_HIRE_6M,BG,Digital,2021Q3,2021-09-30,8.0,7,0.875,0,0
NEW_HIRE_6M,BG,Digital,2021Q4,2021-12-31,5.0,5,1.0,0,0
NEW_HIRE_6M,BG,Digital,2022Q1,2022-03-31,4.0,3,0.75,0,0
NEW_HIRE_6M,BG,Digital,2022Q2,2022-06-30,5.0,3,0.6,0,0
NEW_HIRE_6M,BG,Digital,2022Q3,2022-09-30,3.0,2,0.6666666666666666,0,0
NEW_HIRE_6M,BG,Digital,2022Q4,2022-12-31,6.0,5,0.8333333333333334,0,0
NEW_HIRE_6M,BG,Digital,2023Q1,2023-03-31,4.0,4,1.0,0,0
NEW_HIRE_6M,BG,Digital,2023Q2,2023-06-30,3.0,3,1.0,0,0
NEW_HIRE_6M,BG,Digital,2023Q3,2023-09-30,4.0,3,0.75,0,0
NEW_HIRE_6M,BG,Digital,2023Q4,2023-12-31,6.0,5,0.8333333333333334,0,0
NEW_HIRE_6M,BG,Digital,2024Q1,2024-03-31,3.0,3,1.0,0,0
NEW_HIRE_6M,BG,Digital,2024Q2,2024-06-30,7.0,5,0.7142857142857143,0,0
NEW_HIRE_6M,BG,Digital,2024Q3,2024-09-30,7.0,6,0.8571428571428571,0,0
NEW_HIRE_6M,BG,Digital,2024Q4,2024-12-31,2.0,1,0.5,0,0
NEW_HIRE_6M,BG,Digital,2025Q1,2025-03-31,3.0,2,0.6666666666666666,0,0
NEW_HIRE_6M,BG,Digital,2025Q2,2025-06-30,2.0,2,1.0,0,0
NEW_HIRE_6M,BG,Digital,2025Q3,2025-09-30,0.0,0,,6,0
NEW_HIRE_6M,BG,Digital,2025Q4,2025-12-31,0.0,0,,2,0
NEW_HIRE_6M,BG,Finance,2021Q1,2021-03-31,4.0,4,1.0,0,0
NEW_HIRE_6M,BG,Finance,2021Q2,2021-06-30,5.0,5,1.0,0,0
NEW_HIRE_6M,BG,Finance,2021Q3,2021-09-30,3.0,3,1.0,0,0
NEW_HIRE_6M,BG,Finance,2021Q4,2021-12-31,6.0,5,0.8333333333333334,0,0
NEW_HIRE_6M,BG,Finance,2022Q1,2022-03-31,4.0,4,1.0,0,0
NEW_HIRE_6M,BG,Finance,2022Q2,2022-06-30,3.0,3,1.0,0,0
NEW_HIRE_6M,BG,Finance,2022Q3,2022-09-30,5.0,5,1.0,0,0
NEW_HIRE_6M,BG,Finance,2022Q4,2022-12-31,3.0,3,1.0,0,0
NEW_HIRE_6M,BG,Finance,2023Q1,2023-03-31,5.0,5,1.0,0,0
NEW_HIRE_6M,BG,Finance,2023Q2,2023-06-30,3.0,2,0.6666666666666666,0,0
NEW_HIRE_6M,BG,Finance,2023Q3,2023-09-30,1.0,1,1.0,0,0
NEW_HIRE_6M,BG,Finance,2023Q4,2023-12-31,3.0,3,1.0,0,0
NEW_HIRE_6M,BG,Finance,2024Q1,2024-03-31,4.0,2,0.5,0,0
NEW_HIRE_6M,BG,Finance,2024Q2,2024-06-30,3.0,2,0.6666666666666666,0,0
NEW_HIRE_6M,BG,Finance,2024Q3,2024-09-30,3.0,2,0.6666666666666666,0,0
NEW_HIRE_6M,BG,Finance,2024Q4,2024-12-31,3.0,3,1.0,0,0
NEW_HIRE_6M,BG,Finance,2025Q1,2025-03-31,4.0,4,1.0,0,0
NEW_HIRE_6M,BG,Finance,2025Q2,2025-06-30,9.0,8,0.8888888888888888,0,0
NEW_HIRE_6M,BG,Finance,2025Q3,2025-09-30,0.0,0,,7,0
NEW_HIRE_6M,BG,Finance,2025Q4,2025-12-31,0.0,0,,2,0
NEW_HIRE_6M,BG,Sales,2021Q1,2021-03-31,3.0,3,1.0,0,0
NEW_HIRE_6M,BG,Sales,2021Q2,2021-06-30,2.0,2,1.0,0,0
NEW_HIRE_6M,BG,Sales,2021Q3,2021-09-30,5.0,5,1.0,0,0
NEW_HIRE_6M,BG,Sales,2021Q4,2021-12-31,5.0,4,0.8,0,0
NEW_HIRE_6M,BG,Sales,2022Q1,2022-03-31,2.0,2,1.0,0,0
NEW_HIRE_6M,BG,Sales,2022Q2,2022-06-30,4.0,4,1.0,0,0
NEW_HIRE_6M,BG,Sales,2022Q3,2022-09-30,5.0,3,0.6,0,0
NEW_HIRE_6M,BG,Sales,2023Q1,2023-03-31,2.0,2,1.0,0,0
NEW_HIRE_6M,BG,Sales,2023Q2,2023-06-30,11.0,10,0.9090909090909091,0,0
NEW_HIRE_6M,BG,Sales,2023Q3,2023-09-30,2.0,2,1.0,0,0
NEW_HIRE_6M,BG,Sales,2023Q4,2023-12-31,6.0,6,1.0,0,0
NEW_HIRE_6M,BG,Sales,2024Q1,2024-03-31,8.0,7,0.875,0,0
NEW_HIRE_6M,BG,Sales,2024Q2,2024-06-30,5.0,4,0.8,0,0
NEW_HIRE_6M,BG,Sales,2024Q3,2024-09-30,7.0,5,0.7142857142857143,0,0
NEW_HIRE_6M,BG,Sales,2024Q4,2024-12-31,6.0,5,0.8333333333333334,0,0
NEW_HIRE_6M,BG,Sales,2025Q1,2025-03-31,1.0,1,1.0,0,0
NEW_HIRE_6M,BG,Sales,2025Q2,2025-06-30,5.0,5,1.0,0,0
NEW_HIRE_6M,BG,Sales,2025Q3,2025-09-30,0.0,0,,4,0
NEW_HIRE_6M,BG,Sales,2025Q4,2025-12-31,0.0,0,,3,0
NEW_HIRE_6M,BG,Supply Chain,2021Q1,2021-03-31,1.0,1,1.0,0,0
NEW_HIRE_6M,BG,Supply Chain,2021Q2,2021-06-30,4.0,4,1.0,0,0
NEW_HIRE_6M,BG,Supply Chain,2021Q3,2021-09-30,4.0,3,0.75,0,0
NEW_HIRE_6M,BG,Supply Chain,2021Q4,2021-12-31,4.0,3,0.75,0,0
NEW_HIRE_6M,BG,Supply Chain,2022Q1,2022-03-31,5.0,4,0.8,0,0
NEW_HIRE_6M,BG,Supply Chain,2022Q2,2022-06-30,3.0,3,1.0,0,0
NEW_HIRE_6M,BG,Supply Chain,2022Q3,2022-09-30,6.0,5,0.8333333333333334,0,0
NEW_HIRE_6M,BG,Supply Chain,2022Q4,2022-12-31,4.0,4,1.0,0,0
NEW_HIRE_6M,BG,Supply Chain,2023Q1,2023-03-31,5.0,5,1.0,0,0
NEW_HIRE_6M,BG,Supply Chain,2023Q2,2023-06-30,5.0,4,0.8,0,0
NEW_HIRE_6M,BG,Supply Chain,2023Q3,2023-09-30,2.0,2,1.0,0,0
NEW_HIRE_6M,BG,Supply Chain,2023Q4,2023-12-31,3.0,2,0.6666666666666666,0,0
NEW_HIRE_6M,BG,Supply Chain,2024Q1,2024-03-31,9.0,8,0.8888888888888888,0,0
NEW_HIRE_6M,BG,Supply Chain,2024Q2,2024-06-30,7.0,5,0.7142857142857143,0,0
NEW_HIRE_6M,BG,Supply Chain,2024Q3,2024-09-30,10.0,8,0.8,0,0
NEW_HIRE_6M,BG,Supply Chain,2024Q4,2024-12-31,8.0,7,0.875,0,0
NEW_HIRE_6M,BG,Supply Chain,2025Q1,2025-03-31,4.0,4,1.0,0,0
NEW_HIRE_6M,BG,Supply Chain,2025Q2,2025-06-30,5.0,5,1.0,0,0
NEW_HIRE_6M,BG,Supply Chain,2025Q3,2025-09-30,0.0,0,,3,0
NEW_HIRE_6M,BG,Supply Chain,2025Q4,2025-12-31,0.0,0,,2,0
NEW_HIRE_6M,GR,ALL,2021Q1,2021-03-31,15.0,15,1.0,0,0
NEW_HIRE_6M,GR,ALL,2021Q2,2021-06-30,23.0,19,0.8260869565217391,0,0
NEW_HIRE_6M,GR,ALL,2021Q3,2021-09-30,18.0,15,0.8333333333333334,0,0
NEW_HIRE_6M,GR,ALL,2021Q4,2021-12-31,25.0,21,0.84,0,0
NEW_HIRE_6M,GR,ALL,2022Q1,2022-03-31,11.0,8,0.7272727272727273,0,0
NEW_HIRE_6M,GR,ALL,2022Q2,2022-06-30,22.0,21,0.9545454545454546,0,0
NEW_HIRE_6M,GR,ALL,2022Q3,2022-09-30,16.0,16,1.0,0,0
NEW_HIRE_6M,GR,ALL,2022Q4,2022-12-31,15.0,13,0.8666666666666667,0,0
NEW_HIRE_6M,GR,ALL,2023Q1,2023-03-31,13.0,13,1.0,0,0
NEW_HIRE_6M,GR,ALL,2023Q2,2023-06-30,17.0,13,0.7647058823529411,0,0
NEW_HIRE_6M,GR,ALL,2023Q3,2023-09-30,26.0,25,0.9615384615384616,0,0
NEW_HIRE_6M,GR,ALL,2023Q4,2023-12-31,8.0,7,0.875,0,0
NEW_HIRE_6M,GR,ALL,2024Q1,2024-03-31,13.0,11,0.8461538461538461,0,0
NEW_HIRE_6M,GR,ALL,2024Q2,2024-06-30,14.0,12,0.8571428571428571,0,0
NEW_HIRE_6M,GR,ALL,2024Q3,2024-09-30,17.0,16,0.9411764705882353,0,0
NEW_HIRE_6M,GR,ALL,2024Q4,2024-12-31,24.0,22,0.9166666666666666,0,0
NEW_HIRE_6M,GR,ALL,2025Q1,2025-03-31,9.0,6,0.6666666666666666,0,0
NEW_HIRE_6M,GR,ALL,2025Q2,2025-06-30,14.0,12,0.8571428571428571,0,0
NEW_HIRE_6M,GR,ALL,2025Q3,2025-09-30,0.0,0,,15,0
NEW_HIRE_6M,GR,ALL,2025Q4,2025-12-31,0.0,0,,9,0
NEW_HIRE_6M,GR,Digital,2021Q1,2021-03-31,3.0,3,1.0,0,0
NEW_HIRE_6M,GR,Digital,2021Q2,2021-06-30,7.0,6,0.8571428571428571,0,0
NEW_HIRE_6M,GR,Digital,2021Q3,2021-09-30,4.0,4,1.0,0,0
NEW_HIRE_6M,GR,Digital,2021Q4,2021-12-31,7.0,5,0.7142857142857143,0,0
NEW_HIRE_6M,GR,Digital,2022Q1,2022-03-31,4.0,2,0.5,0,0
NEW_HIRE_6M,GR,Digital,2022Q2,2022-06-30,3.0,3,1.0,0,0
NEW_HIRE_6M,GR,Digital,2022Q3,2022-09-30,4.0,4,1.0,0,0
NEW_HIRE_6M,GR,Digital,2022Q4,2022-12-31,5.0,4,0.8,0,0
NEW_HIRE_6M,GR,Digital,2023Q1,2023-03-31,2.0,2,1.0,0,0
NEW_HIRE_6M,GR,Digital,2023Q2,2023-06-30,3.0,3,1.0,0,0
NEW_HIRE_6M,GR,Digital,2023Q3,2023-09-30,7.0,6,0.8571428571428571,0,0
NEW_HIRE_6M,GR,Digital,2023Q4,2023-12-31,1.0,1,1.0,0,0
NEW_HIRE_6M,GR,Digital,2024Q1,2024-03-31,3.0,3,1.0,0,0
NEW_HIRE_6M,GR,Digital,2024Q2,2024-06-30,6.0,6,1.0,0,0
NEW_HIRE_6M,GR,Digital,2024Q3,2024-09-30,3.0,3,1.0,0,0
NEW_HIRE_6M,GR,Digital,2024Q4,2024-12-31,7.0,7,1.0,0,0
NEW_HIRE_6M,GR,Digital,2025Q1,2025-03-31,2.0,2,1.0,0,0
NEW_HIRE_6M,GR,Digital,2025Q2,2025-06-30,3.0,3,1.0,0,0
NEW_HIRE_6M,GR,Digital,2025Q3,2025-09-30,0.0,0,,6,0
NEW_HIRE_6M,GR,Digital,2025Q4,2025-12-31,0.0,0,,3,0
NEW_HIRE_6M,GR,Finance,2021Q2,2021-06-30,6.0,5,0.8333333333333334,0,0
NEW_HIRE_6M,GR,Finance,2021Q3,2021-09-30,6.0,6,1.0,0,0
NEW_HIRE_6M,GR,Finance,2021Q4,2021-12-31,4.0,4,1.0,0,0
NEW_HIRE_6M,GR,Finance,2022Q1,2022-03-31,4.0,4,1.0,0,0
NEW_HIRE_6M,GR,Finance,2022Q2,2022-06-30,7.0,6,0.8571428571428571,0,0
NEW_HIRE_6M,GR,Finance,2022Q3,2022-09-30,3.0,3,1.0,0,0
NEW_HIRE_6M,GR,Finance,2022Q4,2022-12-31,5.0,5,1.0,0,0
NEW_HIRE_6M,GR,Finance,2023Q1,2023-03-31,3.0,3,1.0,0,0
NEW_HIRE_6M,GR,Finance,2023Q2,2023-06-30,4.0,4,1.0,0,0
NEW_HIRE_6M,GR,Finance,2023Q3,2023-09-30,6.0,6,1.0,0,0
NEW_HIRE_6M,GR,Finance,2023Q4,2023-12-31,3.0,3,1.0,0,0
NEW_HIRE_6M,GR,Finance,2024Q1,2024-03-31,2.0,2,1.0,0,0
NEW_HIRE_6M,GR,Finance,2024Q2,2024-06-30,4.0,3,0.75,0,0
NEW_HIRE_6M,GR,Finance,2024Q3,2024-09-30,6.0,6,1.0,0,0
NEW_HIRE_6M,GR,Finance,2024Q4,2024-12-31,4.0,4,1.0,0,0
NEW_HIRE_6M,GR,Finance,2025Q1,2025-03-31,5.0,3,0.6,0,0
NEW_HIRE_6M,GR,Finance,2025Q2,2025-06-30,3.0,3,1.0,0,0
NEW_HIRE_6M,GR,Finance,2025Q3,2025-09-30,0.0,0,,2,0
NEW_HIRE_6M,GR,Finance,2025Q4,2025-12-31,0.0,0,,2,0
NEW_HIRE_6M,GR,Sales,2021Q1,2021-03-31,6.0,6,1.0,0,0
NEW_HIRE_6M,GR,Sales,2021Q2,2021-06-30,4.0,4,1.0,0,0
NEW_HIRE_6M,GR,Sales,2021Q3,2021-09-30,5.0,4,0.8,0,0
NEW_HIRE_6M,GR,Sales,2021Q4,2021-12-31,10.0,9,0.9,0,0
NEW_HIRE_6M,GR,Sales,2022Q1,2022-03-31,2.0,1,0.5,0,0
NEW_HIRE_6M,GR,Sales,2022Q2,2022-06-30,5.0,5,1.0,0,0
NEW_HIRE_6M,GR,Sales,2022Q3,2022-09-30,1.0,1,1.0,0,0
NEW_HIRE_6M,GR,Sales,2022Q4,2022-12-31,2.0,2,1.0,0,0
NEW_HIRE_6M,GR,Sales,2023Q1,2023-03-31,4.0,4,1.0,0,0
NEW_HIRE_6M,GR,Sales,2023Q2,2023-06-30,7.0,3,0.42857142857142855,0,0
NEW_HIRE_6M,GR,Sales,2023Q3,2023-09-30,6.0,6,1.0,0,0
NEW_HIRE_6M,GR,Sales,2023Q4,2023-12-31,3.0,3,1.0,0,0
NEW_HIRE_6M,GR,Sales,2024Q1,2024-03-31,2.0,1,0.5,0,0
NEW_HIRE_6M,GR,Sales,2024Q2,2024-06-30,3.0,2,0.6666666666666666,0,0
NEW_HIRE_6M,GR,Sales,2024Q3,2024-09-30,4.0,3,0.75,0,0
NEW_HIRE_6M,GR,Sales,2024Q4,2024-12-31,6.0,6,1.0,0,0
NEW_HIRE_6M,GR,Sales,2025Q1,2025-03-31,2.0,1,0.5,0,0
NEW_HIRE_6M,GR,Sales,2025Q2,2025-06-30,4.0,4,1.0,0,0
NEW_HIRE_6M,GR,Sales,2025Q3,2025-09-30,0.0,0,,3,0
NEW_HIRE_6M,GR,Sales,2025Q4,2025-12-31,0.0,0,,3,0
NEW_HIRE_6M,GR,Supply Chain,2021Q1,2021-03-31,6.0,6,1.0,0,0
NEW_HIRE_6M,GR,Supply Chain,2021Q2,2021-06-30,6.0,4,0.6666666666666666,0,0
NEW_HIRE_6M,GR,Supply Chain,2021Q3,2021-09-30,3.0,1,0.3333333333333333,0,0
NEW_HIRE_6M,GR,Supply Chain,2021Q4,2021-12-31,4.0,3,0.75,0,0
NEW_HIRE_6M,GR,Supply Chain,2022Q1,2022-03-31,1.0,1,1.0,0,0
NEW_HIRE_6M,GR,Supply Chain,2022Q2,2022-06-30,7.0,7,1.0,0,0
NEW_HIRE_6M,GR,Supply Chain,2022Q3,2022-09-30,8.0,8,1.0,0,0
NEW_HIRE_6M,GR,Supply Chain,2022Q4,2022-12-31,3.0,2,0.6666666666666666,0,0
NEW_HIRE_6M,GR,Supply Chain,2023Q1,2023-03-31,4.0,4,1.0,0,0
NEW_HIRE_6M,GR,Supply Chain,2023Q2,2023-06-30,3.0,3,1.0,0,0
NEW_HIRE_6M,GR,Supply Chain,2023Q3,2023-09-30,7.0,7,1.0,0,0
NEW_HIRE_6M,GR,Supply Chain,2023Q4,2023-12-31,1.0,0,0.0,0,0
NEW_HIRE_6M,GR,Supply Chain,2024Q1,2024-03-31,6.0,5,0.8333333333333334,0,0
NEW_HIRE_6M,GR,Supply Chain,2024Q2,2024-06-30,1.0,1,1.0,0,0
NEW_HIRE_6M,GR,Supply Chain,2024Q3,2024-09-30,4.0,4,1.0,0,0
NEW_HIRE_6M,GR,Supply Chain,2024Q4,2024-12-31,7.0,5,0.7142857142857143,0,0
NEW_HIRE_6M,GR,Supply Chain,2025Q2,2025-06-30,4.0,2,0.5,0,0
NEW_HIRE_6M,GR,Supply Chain,2025Q3,2025-09-30,0.0,0,,4,0
NEW_HIRE_6M,GR,Supply Chain,2025Q4,2025-12-31,0.0,0,,1,0
NEW_HIRE_6M,IE,ALL,2021Q1,2021-03-31,13.0,9,0.6923076923076923,0,0
NEW_HIRE_6M,IE,ALL,2021Q2,2021-06-30,7.0,7,1.0,0,0
NEW_HIRE_6M,IE,ALL,2021Q3,2021-09-30,16.0,13,0.8125,0,0
NEW_HIRE_6M,IE,ALL,2021Q4,2021-12-31,17.0,15,0.8823529411764706,0,0
NEW_HIRE_6M,IE,ALL,2022Q1,2022-03-31,15.0,12,0.8,0,0
NEW_HIRE_6M,IE,ALL,2022Q2,2022-06-30,19.0,17,0.8947368421052632,0,0
NEW_HIRE_6M,IE,ALL,2022Q3,2022-09-30,22.0,19,0.8636363636363636,0,0
NEW_HIRE_6M,IE,ALL,2022Q4,2022-12-31,11.0,11,1.0,0,0
NEW_HIRE_6M,IE,ALL,2023Q1,2023-03-31,20.0,18,0.9,0,0
NEW_HIRE_6M,IE,ALL,2023Q2,2023-06-30,14.0,12,0.8571428571428571,0,0
NEW_HIRE_6M,IE,ALL,2023Q3,2023-09-30,9.0,7,0.7777777777777778,0,0
NEW_HIRE_6M,IE,ALL,2023Q4,2023-12-31,15.0,13,0.8666666666666667,0,0
NEW_HIRE_6M,IE,ALL,2024Q1,2024-03-31,15.0,12,0.8,0,0
NEW_HIRE_6M,IE,ALL,2024Q2,2024-06-30,17.0,15,0.8823529411764706,0,0
NEW_HIRE_6M,IE,ALL,2024Q3,2024-09-30,17.0,16,0.9411764705882353,0,0
NEW_HIRE_6M,IE,ALL,2024Q4,2024-12-31,16.0,14,0.875,0,0
NEW_HIRE_6M,IE,ALL,2025Q1,2025-03-31,12.0,11,0.9166666666666666,0,0
NEW_HIRE_6M,IE,ALL,2025Q2,2025-06-30,20.0,19,0.95,0,0
NEW_HIRE_6M,IE,ALL,2025Q3,2025-09-30,0.0,0,,17,0
NEW_HIRE_6M,IE,ALL,2025Q4,2025-12-31,0.0,0,,10,0
NEW_HIRE_6M,IE,Digital,2021Q1,2021-03-31,5.0,4,0.8,0,0
NEW_HIRE_6M,IE,Digital,2021Q2,2021-06-30,1.0,1,1.0,0,0
NEW_HIRE_6M,IE,Digital,2021Q3,2021-09-30,4.0,3,0.75,0,0
NEW_HIRE_6M,IE,Digital,2021Q4,2021-12-31,3.0,2,0.6666666666666666,0,0
NEW_HIRE_6M,IE,Digital,2022Q1,2022-03-31,2.0,2,1.0,0,0
NEW_HIRE_6M,IE,Digital,2022Q2,2022-06-30,4.0,4,1.0,0,0
NEW_HIRE_6M,IE,Digital,2022Q3,2022-09-30,4.0,4,1.0,0,0
NEW_HIRE_6M,IE,Digital,2023Q1,2023-03-31,5.0,4,0.8,0,0
NEW_HIRE_6M,IE,Digital,2023Q2,2023-06-30,2.0,2,1.0,0,0
NEW_HIRE_6M,IE,Digital,2023Q3,2023-09-30,1.0,1,1.0,0,0
NEW_HIRE_6M,IE,Digital,2023Q4,2023-12-31,4.0,4,1.0,0,0
NEW_HIRE_6M,IE,Digital,2024Q1,2024-03-31,5.0,4,0.8,0,0
NEW_HIRE_6M,IE,Digital,2024Q2,2024-06-30,2.0,1,0.5,0,0
NEW_HIRE_6M,IE,Digital,2024Q3,2024-09-30,5.0,5,1.0,0,0
NEW_HIRE_6M,IE,Digital,2024Q4,2024-12-31,7.0,6,0.8571428571428571,0,0
NEW_HIRE_6M,IE,Digital,2025Q1,2025-03-31,3.0,3,1.0,0,0
NEW_HIRE_6M,IE,Digital,2025Q2,2025-06-30,2.0,2,1.0,0,0
NEW_HIRE_6M,IE,Digital,2025Q3,2025-09-30,0.0,0,,6,0
NEW_HIRE_6M,IE,Digital,2025Q4,2025-12-31,0.0,0,,6,0
NEW_HIRE_6M,IE,Finance,2021Q1,2021-03-31,3.0,2,0.6666666666666666,0,0
NEW_HIRE_6M,IE,Finance,2021Q2,2021-06-30,2.0,2,1.0,0,0
NEW_HIRE_6M,IE,Finance,2021Q3,2021-09-30,3.0,3,1.0,0,0
NEW_HIRE_6M,IE,Finance,2021Q4,2021-12-31,7.0,7,1.0,0,0
NEW_HIRE_6M,IE,Finance,2022Q1,2022-03-31,3.0,2,0.6666666666666666,0,0
NEW_HIRE_6M,IE,Finance,2022Q2,2022-06-30,3.0,2,0.6666666666666666,0,0
NEW_HIRE_6M,IE,Finance,2022Q3,2022-09-30,6.0,4,0.6666666666666666,0,0
NEW_HIRE_6M,IE,Finance,2022Q4,2022-12-31,4.0,4,1.0,0,0
NEW_HIRE_6M,IE,Finance,2023Q1,2023-03-31,4.0,4,1.0,0,0
NEW_HIRE_6M,IE,Finance,2023Q2,2023-06-30,2.0,2,1.0,0,0
NEW_HIRE_6M,IE,Finance,2023Q3,2023-09-30,1.0,0,0.0,0,0
NEW_HIRE_6M,IE,Finance,2023Q4,2023-12-31,4.0,3,0.75,0,0
NEW_HIRE_6M,IE,Finance,2024Q1,2024-03-31,1.0,1,1.0,0,0
NEW_HIRE_6M,IE,Finance,2024Q2,2024-06-30,8.0,8,1.0,0,0
NEW_HIRE_6M,IE,Finance,2024Q3,2024-09-30,4.0,4,1.0,0,0
NEW_HIRE_6M,IE,Finance,2024Q4,2024-12-31,2.0,2,1.0,0,0
NEW_HIRE_6M,IE,Finance,2025Q1,2025-03-31,3.0,2,0.6666666666666666,0,0
NEW_HIRE_6M,IE,Finance,2025Q2,2025-06-30,3.0,3,1.0,0,0
NEW_HIRE_6M,IE,Finance,2025Q3,2025-09-30,0.0,0,,5,0
NEW_HIRE_6M,IE,Finance,2025Q4,2025-12-31,0.0,0,,2,0
NEW_HIRE_6M,IE,Sales,2021Q1,2021-03-31,2.0,1,0.5,0,0
NEW_HIRE_6M,IE,Sales,2021Q2,2021-06-30,2.0,2,1.0,0,0
NEW_HIRE_6M,IE,Sales,2021Q3,2021-09-30,3.0,3,1.0,0,0
NEW_HIRE_6M,IE,Sales,2021Q4,2021-12-31,3.0,3,1.0,0,0
NEW_HIRE_6M,IE,Sales,2022Q1,2022-03-31,6.0,4,0.6666666666666666,0,0
NEW_HIRE_6M,IE,Sales,2022Q2,2022-06-30,5.0,4,0.8,0,0
NEW_HIRE_6M,IE,Sales,2022Q3,2022-09-30,7.0,7,1.0,0,0
NEW_HIRE_6M,IE,Sales,2022Q4,2022-12-31,3.0,3,1.0,0,0
NEW_HIRE_6M,IE,Sales,2023Q1,2023-03-31,5.0,4,0.8,0,0
NEW_HIRE_6M,IE,Sales,2023Q2,2023-06-30,3.0,3,1.0,0,0
NEW_HIRE_6M,IE,Sales,2023Q3,2023-09-30,3.0,3,1.0,0,0
NEW_HIRE_6M,IE,Sales,2023Q4,2023-12-31,6.0,5,0.8333333333333334,0,0
NEW_HIRE_6M,IE,Sales,2024Q1,2024-03-31,3.0,3,1.0,0,0
NEW_HIRE_6M,IE,Sales,2024Q2,2024-06-30,2.0,1,0.5,0,0
NEW_HIRE_6M,IE,Sales,2024Q3,2024-09-30,2.0,2,1.0,0,0
NEW_HIRE_6M,IE,Sales,2024Q4,2024-12-31,3.0,2,0.6666666666666666,0,0
NEW_HIRE_6M,IE,Sales,2025Q1,2025-03-31,2.0,2,1.0,0,0
NEW_HIRE_6M,IE,Sales,2025Q2,2025-06-30,12.0,11,0.9166666666666666,0,0
NEW_HIRE_6M,IE,Sales,2025Q3,2025-09-30,0.0,0,,3,0
NEW_HIRE_6M,IE,Sales,2025Q4,2025-12-31,0.0,0,,1,0
NEW_HIRE_6M,IE,Supply Chain,2021Q1,2021-03-31,3.0,2,0.6666666666666666,0,0
NEW_HIRE_6M,IE,Supply Chain,2021Q2,2021-06-30,2.0,2,1.0,0,0
NEW_HIRE_6M,IE,Supply Chain,2021Q3,2021-09-30,6.0,4,0.6666666666666666,0,0
NEW_HIRE_6M,IE,Supply Chain,2021Q4,2021-12-31,4.0,3,0.75,0,0
NEW_HIRE_6M,IE,Supply Chain,2022Q1,2022-03-31,4.0,4,1.0,0,0
NEW_HIRE_6M,IE,Supply Chain,2022Q2,2022-06-30,7.0,7,1.0,0,0
NEW_HIRE_6M,IE,Supply Chain,2022Q3,2022-09-30,5.0,4,0.8,0,0
NEW_HIRE_6M,IE,Supply Chain,2022Q4,2022-12-31,4.0,4,1.0,0,0
NEW_HIRE_6M,IE,Supply Chain,2023Q1,2023-03-31,6.0,6,1.0,0,0
NEW_HIRE_6M,IE,Supply Chain,2023Q2,2023-06-30,7.0,5,0.7142857142857143,0,0
NEW_HIRE_6M,IE,Supply Chain,2023Q3,2023-09-30,4.0,3,0.75,0,0
NEW_HIRE_6M,IE,Supply Chain,2023Q4,2023-12-31,1.0,1,1.0,0,0
NEW_HIRE_6M,IE,Supply Chain,2024Q1,2024-03-31,6.0,4,0.6666666666666666,0,0
NEW_HIRE_6M,IE,Supply Chain,2024Q2,2024-06-30,5.0,5,1.0,0,0
NEW_HIRE_6M,IE,Supply Chain,2024Q3,2024-09-30,6.0,5,0.8333333333333334,0,0
NEW_HIRE_6M,IE,Supply Chain,2024Q4,2024-12-31,4.0,4,1.0,0,0
NEW_HIRE_6M,IE,Supply Chain,2025Q1,2025-03-31,4.0,4,1.0,0,0
NEW_HIRE_6M,IE,Supply Chain,2025Q2,2025-06-30,3.0,3,1.0,0,0
NEW_HIRE_6M,IE,Supply Chain,2025Q3,2025-09-30,0.0,0,,3,0
NEW_HIRE_6M,IE,Supply Chain,2025Q4,2025-12-31,0.0,0,,1,0
NEW_HIRE_6M,IT,ALL,2021Q1,2021-03-31,23.0,20,0.8695652173913043,0,0
NEW_HIRE_6M,IT,ALL,2021Q2,2021-06-30,15.0,14,0.9333333333333333,0,0
NEW_HIRE_6M,IT,ALL,2021Q3,2021-09-30,27.0,19,0.7037037037037037,0,0
NEW_HIRE_6M,IT,ALL,2021Q4,2021-12-31,21.0,18,0.8571428571428571,0,0
NEW_HIRE_6M,IT,ALL,2022Q1,2022-03-31,23.0,21,0.9130434782608695,0,0
NEW_HIRE_6M,IT,ALL,2022Q2,2022-06-30,8.0,6,0.75,0,0
NEW_HIRE_6M,IT,ALL,2022Q3,2022-09-30,20.0,20,1.0,0,0
NEW_HIRE_6M,IT,ALL,2022Q4,2022-12-31,18.0,13,0.7222222222222222,0,0
NEW_HIRE_6M,IT,ALL,2023Q1,2023-03-31,23.0,20,0.8695652173913043,0,0
NEW_HIRE_6M,IT,ALL,2023Q2,2023-06-30,21.0,17,0.8095238095238095,0,0
NEW_HIRE_6M,IT,ALL,2023Q3,2023-09-30,18.0,15,0.8333333333333334,0,0
NEW_HIRE_6M,IT,ALL,2023Q4,2023-12-31,20.0,15,0.75,0,0
NEW_HIRE_6M,IT,ALL,2024Q1,2024-03-31,12.0,12,1.0,0,0
NEW_HIRE_6M,IT,ALL,2024Q2,2024-06-30,21.0,20,0.9523809523809523,0,0
NEW_HIRE_6M,IT,ALL,2024Q3,2024-09-30,14.0,13,0.9285714285714286,0,0
NEW_HIRE_6M,IT,ALL,2024Q4,2024-12-31,10.0,9,0.9,0,0
NEW_HIRE_6M,IT,ALL,2025Q1,2025-03-31,13.0,12,0.9230769230769231,0,0
NEW_HIRE_6M,IT,ALL,2025Q2,2025-06-30,17.0,16,0.9411764705882353,0,0
NEW_HIRE_6M,IT,ALL,2025Q3,2025-09-30,0.0,0,,18,0
NEW_HIRE_6M,IT,ALL,2025Q4,2025-12-31,0.0,0,,15,0
NEW_HIRE_6M,IT,Digital,2021Q1,2021-03-31,6.0,6,1.0,0,0
NEW_HIRE_6M,IT,Digital,2021Q2,2021-06-30,6.0,6,1.0,0,0
NEW_HIRE_6M,IT,Digital,2021Q3,2021-09-30,7.0,5,0.7142857142857143,0,0
NEW_HIRE_6M,IT,Digital,2021Q4,2021-12-31,8.0,7,0.875,0,0
NEW_HIRE_6M,IT,Digital,2022Q1,2022-03-31,9.0,8,0.8888888888888888,0,0
NEW_HIRE_6M,IT,Digital,2022Q2,2022-06-30,3.0,3,1.0,0,0
NEW_HIRE_6M,IT,Digital,2022Q3,2022-09-30,4.0,4,1.0,0,0
NEW_HIRE_6M,IT,Digital,2022Q4,2022-12-31,3.0,2,0.6666666666666666,0,0
NEW_HIRE_6M,IT,Digital,2023Q1,2023-03-31,3.0,2,0.6666666666666666,0,0
NEW_HIRE_6M,IT,Digital,2023Q2,2023-06-30,5.0,5,1.0,0,0
NEW_HIRE_6M,IT,Digital,2023Q3,2023-09-30,5.0,3,0.6,0,0
NEW_HIRE_6M,IT,Digital,2023Q4,2023-12-31,4.0,2,0.5,0,0
NEW_HIRE_6M,IT,Digital,2024Q1,2024-03-31,3.0,3,1.0,0,0
NEW_HIRE_6M,IT,Digital,2024Q2,2024-06-30,6.0,6,1.0,0,0
NEW_HIRE_6M,IT,Digital,2024Q3,2024-09-30,1.0,1,1.0,0,0
NEW_HIRE_6M,IT,Digital,2024Q4,2024-12-31,4.0,4,1.0,0,0
NEW_HIRE_6M,IT,Digital,2025Q1,2025-03-31,5.0,5,1.0,0,0
NEW_HIRE_6M,IT,Digital,2025Q2,2025-06-30,3.0,3,1.0,0,0
NEW_HIRE_6M,IT,Digital,2025Q3,2025-09-30,0.0,0,,7,0
NEW_HIRE_6M,IT,Digital,2025Q4,2025-12-31,0.0,0,,6,0
NEW_HIRE_6M,IT,Finance,2021Q1,2021-03-31,6.0,4,0.6666666666666666,0,0
NEW_HIRE_6M,IT,Finance,2021Q2,2021-06-30,2.0,2,1.0,0,0
NEW_HIRE_6M,IT,Finance,2021Q3,2021-09-30,7.0,6,0.8571428571428571,0,0
NEW_HIRE_6M,IT,Finance,2021Q4,2021-12-31,3.0,3,1.0,0,0
NEW_HIRE_6M,IT,Finance,2022Q1,2022-03-31,4.0,3,0.75,0,0
NEW_HIRE_6M,IT,Finance,2022Q2,2022-06-30,2.0,2,1.0,0,0
NEW_HIRE_6M,IT,Finance,2022Q3,2022-09-30,9.0,9,1.0,0,0
NEW_HIRE_6M,IT,Finance,2022Q4,2022-12-31,7.0,5,0.7142857142857143,0,0
NEW_HIRE_6M,IT,Finance,2023Q1,2023-03-31,6.0,6,1.0,0,0
NEW_HIRE_6M,IT,Finance,2023Q2,2023-06-30,3.0,3,1.0,0,0
NEW_HIRE_6M,IT,Finance,2023Q3,2023-09-30,6.0,6,1.0,0,0
NEW_HIRE_6M,IT,Finance,2023Q4,2023-12-31,11.0,9,0.8181818181818182,0,0
NEW_HIRE_6M,IT,Finance,2024Q1,2024-03-31,4.0,4,1.0,0,0
NEW_HIRE_6M,IT,Finance,2024Q2,2024-06-30,3.0,3,1.0,0,0
NEW_HIRE_6M,IT,Finance,2024Q3,2024-09-30,4.0,3,0.75,0,0
NEW_HIRE_6M,IT,Finance,2024Q4,2024-12-31,2.0,1,0.5,0,0
NEW_HIRE_6M,IT,Finance,2025Q1,2025-03-31,4.0,3,0.75,0,0
NEW_HIRE_6M,IT,Finance,2025Q2,2025-06-30,5.0,4,0.8,0,0
NEW_HIRE_6M,IT,Finance,2025Q3,2025-09-30,0.0,0,,5,0
NEW_HIRE_6M,IT,Finance,2025Q4,2025-12-31,0.0,0,,4,0
NEW_HIRE_6M,IT,Sales,2021Q1,2021-03-31,5.0,4,0.8,0,0
NEW_HIRE_6M,IT,Sales,2021Q2,2021-06-30,4.0,3,0.75,0,0
NEW_HIRE_6M,IT,Sales,2021Q3,2021-09-30,4.0,1,0.25,0,0
NEW_HIRE_6M,IT,Sales,2021Q4,2021-12-31,6.0,6,1.0,0,0
NEW_HIRE_6M,IT,Sales,2022Q1,2022-03-31,4.0,4,1.0,0,0
NEW_HIRE_6M,IT,Sales,2022Q2,2022-06-30,2.0,0,0.0,0,0
NEW_HIRE_6M,IT,Sales,2022Q3,2022-09-30,5.0,5,1.0,0,0
NEW_HIRE_6M,IT,Sales,2022Q4,2022-12-31,3.0,2,0.6666666666666666,0,0
NEW_HIRE_6M,IT,Sales,2023Q1,2023-03-31,7.0,7,1.0,0,0
NEW_HIRE_6M,IT,Sales,2023Q2,2023-06-30,9.0,7,0.7777777777777778,0,0
NEW_HIRE_6M,IT,Sales,2023Q3,2023-09-30,3.0,2,0.6666666666666666,0,0
NEW_HIRE_6M,IT,Sales,2023Q4,2023-12-31,2.0,1,0.5,0,0
NEW_HIRE_6M,IT,Sales,2024Q1,2024-03-31,1.0,1,1.0,0,0
NEW_HIRE_6M,IT,Sales,2024Q2,2024-06-30,9.0,9,1.0,0,0
NEW_HIRE_6M,IT,Sales,2024Q3,2024-09-30,4.0,4,1.0,0,0
NEW_HIRE_6M,IT,Sales,2024Q4,2024-12-31,2.0,2,1.0,0,0
NEW_HIRE_6M,IT,Sales,2025Q1,2025-03-31,2.0,2,1.0,0,0
NEW_HIRE_6M,IT,Sales,2025Q2,2025-06-30,3.0,3,1.0,0,0
NEW_HIRE_6M,IT,Sales,2025Q3,2025-09-30,0.0,0,,3,0
NEW_HIRE_6M,IT,Sales,2025Q4,2025-12-31,0.0,0,,2,0
NEW_HIRE_6M,IT,Supply Chain,2021Q1,2021-03-31,6.0,6,1.0,0,0
NEW_HIRE_6M,IT,Supply Chain,2021Q2,2021-06-30,3.0,3,1.0,0,0
NEW_HIRE_6M,IT,Supply Chain,2021Q3,2021-09-30,9.0,7,0.7777777777777778,0,0
NEW_HIRE_6M,IT,Supply Chain,2021Q4,2021-12-31,4.0,2,0.5,0,0
NEW_HIRE_6M,IT,Supply Chain,2022Q1,2022-03-31,6.0,6,1.0,0,0
NEW_HIRE_6M,IT,Supply Chain,2022Q2,2022-06-30,1.0,1,1.0,0,0
NEW_HIRE_6M,IT,Supply Chain,2022Q3,2022-09-30,2.0,2,1.0,0,0
NEW_HIRE_6M,IT,Supply Chain,2022Q4,2022-12-31,5.0,4,0.8,0,0
NEW_HIRE_6M,IT,Supply Chain,2023Q1,2023-03-31,7.0,5,0.7142857142857143,0,0
NEW_HIRE_6M,IT,Supply Chain,2023Q2,2023-06-30,4.0,2,0.5,0,0
NEW_HIRE_6M,IT,Supply Chain,2023Q3,2023-09-30,4.0,4,1.0,0,0
NEW_HIRE_6M,IT,Supply Chain,2023Q4,2023-12-31,3.0,3,1.0,0,0
NEW_HIRE_6M,IT,Supply Chain,2024Q1,2024-03-31,4.0,4,1.0,0,0
NEW_HIRE_6M,IT,Supply Chain,2024Q2,2024-06-30,3.0,2,0.6666666666666666,0,0
NEW_HIRE_6M,IT,Supply Chain,2024Q3,2024-09-30,5.0,5,1.0,0,0
NEW_HIRE_6M,IT,Supply Chain,2024Q4,2024-12-31,2.0,2,1.0,0,0
NEW_HIRE_6M,IT,Supply Chain,2025Q1,2025-03-31,2.0,2,1.0,0,0
NEW_HIRE_6M,IT,Supply Chain,2025Q2,2025-06-30,6.0,6,1.0,0,0
NEW_HIRE_6M,IT,Supply Chain,2025Q3,2025-09-30,0.0,0,,3,0
NEW_HIRE_6M,IT,Supply Chain,2025Q4,2025-12-31,0.0,0,,3,0
NEW_HIRE_6M,PL,ALL,2021Q1,2021-03-31,12.0,10,0.8333333333333334,0,0
NEW_HIRE_6M,PL,ALL,2021Q2,2021-06-30,17.0,15,0.8823529411764706,0,0
NEW_HIRE_6M,PL,ALL,2021Q3,2021-09-30,19.0,18,0.9473684210526315,0,0
NEW_HIRE_6M,PL,ALL,2021Q4,2021-12-31,26.0,24,0.9230769230769231,0,0
NEW_HIRE_6M,PL,ALL,2022Q1,2022-03-31,9.0,7,0.7777777777777778,0,0
NEW_HIRE_6M,PL,ALL,2022Q2,2022-06-30,26.0,22,0.8461538461538461,0,0
NEW_HIRE_6M,PL,ALL,2022Q3,2022-09-30,14.0,11,0.7857142857142857,0,0
NEW_HIRE_6M,PL,ALL,2022Q4,2022-12-31,24.0,23,0.9583333333333334,0,0
NEW_HIRE_6M,PL,ALL,2023Q1,2023-03-31,9.0,7,0.7777777777777778,0,0
NEW_HIRE_6M,PL,ALL,2023Q2,2023-06-30,19.0,17,0.8947368421052632,0,0
NEW_HIRE_6M,PL,ALL,2023Q3,2023-09-30,14.0,12,0.8571428571428571,0,0
NEW_HIRE_6M,PL,ALL,2023Q4,2023-12-31,13.0,13,1.0,0,0
NEW_HIRE_6M,PL,ALL,2024Q1,2024-03-31,12.0,11,0.9166666666666666,0,0
NEW_HIRE_6M,PL,ALL,2024Q2,2024-06-30,15.0,13,0.8666666666666667,0,0
NEW_HIRE_6M,PL,ALL,2024Q3,2024-09-30,17.0,15,0.8823529411764706,0,0
NEW_HIRE_6M,PL,ALL,2024Q4,2024-12-31,14.0,13,0.9285714285714286,0,0
NEW_HIRE_6M,PL,ALL,2025Q1,2025-03-31,12.0,10,0.8333333333333334,0,0
NEW_HIRE_6M,PL,ALL,2025Q2,2025-06-30,14.0,13,0.9285714285714286,0,0
NEW_HIRE_6M,PL,ALL,2025Q3,2025-09-30,0.0,0,,14,0
NEW_HIRE_6M,PL,ALL,2025Q4,2025-12-31,0.0,0,,11,0
NEW_HIRE_6M,PL,Digital,2021Q1,2021-03-31,1.0,1,1.0,0,0
NEW_HIRE_6M,PL,Digital,2021Q2,2021-06-30,2.0,2,1.0,0,0
NEW_HIRE_6M,PL,Digital,2021Q3,2021-09-30,3.0,2,0.6666666666666666,0,0
NEW_HIRE_6M,PL,Digital,2021Q4,2021-12-31,5.0,4,0.8,0,0
NEW_HIRE_6M,PL,Digital,2022Q1,2022-03-31,1.0,1,1.0,0,0
NEW_HIRE_6M,PL,Digital,2022Q2,2022-06-30,4.0,3,0.75,0,0
NEW_HIRE_6M,PL,Digital,2022Q3,2022-09-30,3.0,2,0.6666666666666666,0,0
NEW_HIRE_6M,PL,Digital,2022Q4,2022-12-31,4.0,4,1.0,0,0
NEW_HIRE_6M,PL,Digital,2023Q1,2023-03-31,3.0,3,1.0,0,0
NEW_HIRE_6M,PL,Digital,2023Q2,2023-06-30,4.0,4,1.0,0,0
NEW_HIRE_6M,PL,Digital,2023Q3,2023-09-30,6.0,5,0.8333333333333334,0,0
NEW_HIRE_6M,PL,Digital,2023Q4,2023-12-31,1.0,1,1.0,0,0
NEW_HIRE_6M,PL,Digital,2024Q1,2024-03-31,1.0,1,1.0,0,0
NEW_HIRE_6M,PL,Digital,2024Q2,2024-06-30,5.0,5,1.0,0,0
NEW_HIRE_6M,PL,Digital,2024Q3,2024-09-30,5.0,3,0.6,0,0
NEW_HIRE_6M,PL,Digital,2024Q4,2024-12-31,4.0,4,1.0,0,0
NEW_HIRE_6M,PL,Digital,2025Q1,2025-03-31,2.0,2,1.0,0,0
NEW_HIRE_6M,PL,Digital,2025Q2,2025-06-30,3.0,3,1.0,0,0
NEW_HIRE_6M,PL,Digital,2025Q3,2025-09-30,0.0,0,,3,0
NEW_HIRE_6M,PL,Digital,2025Q4,2025-12-31,0.0,0,,1,0
NEW_HIRE_6M,PL,Finance,2021Q1,2021-03-31,3.0,3,1.0,0,0
NEW_HIRE_6M,PL,Finance,2021Q2,2021-06-30,6.0,4,0.6666666666666666,0,0
NEW_HIRE_6M,PL,Finance,2021Q3,2021-09-30,6.0,6,1.0,0,0
NEW_HIRE_6M,PL,Finance,2021Q4,2021-12-31,7.0,7,1.0,0,0
NEW_HIRE_6M,PL,Finance,2022Q1,2022-03-31,1.0,1,1.0,0,0
NEW_HIRE_6M,PL,Finance,2022Q2,2022-06-30,8.0,5,0.625,0,0
NEW_HIRE_6M,PL,Finance,2022Q3,2022-09-30,7.0,7,1.0,0,0
NEW_HIRE_6M,PL,Finance,2022Q4,2022-12-31,7.0,6,0.8571428571428571,0,0
NEW_HIRE_6M,PL,Finance,2023Q2,2023-06-30,3.0,3,1.0,0,0
NEW_HIRE_6M,PL,Finance,2023Q3,2023-09-30,2.0,2,1.0,0,0
NEW_HIRE_6M,PL,Finance,2023Q4,2023-12-31,5.0,5,1.0,0,0
NEW_HIRE_6M,PL,Finance,2024Q1,2024-03-31,2.0,2,1.0,0,0
NEW_HIRE_6M,PL,Finance,2024Q2,2024-06-30,7.0,6,0.8571428571428571,0,0
NEW_HIRE_6M,PL,Finance,2024Q3,2024-09-30,4.0,4,1.0,0,0
NEW_HIRE_6M,PL,Finance,2024Q4,2024-12-31,6.0,6,1.0,0,0
NEW_HIRE_6M,PL,Finance,2025Q1,2025-03-31,4.0,3,0.75,0,0
NEW_HIRE_6M,PL,Finance,2025Q2,2025-06-30,3.0,3,1.0,0,0
NEW_HIRE_6M,PL,Finance,2025Q3,2025-09-30,0.0,0,,6,0
NEW_HIRE_6M,PL,Finance,2025Q4,2025-12-31,0.0,0,,5,0
NEW_HIRE_6M,PL,Sales,2021Q1,2021-03-31,1.0,1,1.0,0,0
NEW_HIRE_6M,PL,Sales,2021Q2,2021-06-30,3.0,3,1.0,0,0
NEW_HIRE_6M,PL,Sales,2021Q3,2021-09-30,5.0,5,1.0,0,0
NEW_HIRE_6M,PL,Sales,2021Q4,2021-12-31,6.0,6,1.0,0,0
NEW_HIRE_6M,PL,Sales,2022Q1,2022-03-31,2.0,2,1.0,0,0
NEW_HIRE_6M,PL,Sales,2022Q2,2022-06-30,5.0,5,1.0,0,0
NEW_HIRE_6M,PL,Sales,2022Q3,2022-09-30,2.0,1,0.5,0,0
NEW_HIRE_6M,PL,Sales,2022Q4,2022-12-31,5.0,5,1.0,0,0
NEW_HIRE_6M,PL,Sales,2023Q1,2023-03-31,3.0,2,0.6666666666666666,0,0
NEW_HIRE_6M,PL,Sales,2023Q2,2023-06-30,6.0,4,0.6666666666666666,0,0
NEW_HIRE_6M,PL,Sales,2023Q3,2023-09-30,3.0,3,1.0,0,0
NEW_HIRE_6M,PL,Sales,2023Q4,2023-12-31,2.0,2,1.0,0,0
NEW_HIRE_6M,PL,Sales,2024Q1,2024-03-31,2.0,1,0.5,0,0
NEW_HIRE_6M,PL,Sales,2024Q2,2024-06-30,3.0,2,0.6666666666666666,0,0
NEW_HIRE_6M,PL,Sales,2024Q3,2024-09-30,2.0,2,1.0,0,0
NEW_HIRE_6M,PL,Sales,2024Q4,2024-12-31,1.0,1,1.0,0,0
NEW_HIRE_6M,PL,Sales,2025Q1,2025-03-31,4.0,3,0.75,0,0
NEW_HIRE_6M,PL,Sales,2025Q2,2025-06-30,3.0,3,1.0,0,0
NEW_HIRE_6M,PL,Sales,2025Q3,2025-09-30,0.0,0,,3,0
NEW_HIRE_6M,PL,Sales,2025Q4,2025-12-31,0.0,0,,2,0
NEW_HIRE_6M,PL,Supply Chain,2021Q1,2021-03-31,7.0,5,0.7142857142857143,0,0
NEW_HIRE_6M,PL,Supply Chain,2021Q2,2021-06-30,6.0,6,1.0,0,0
NEW_HIRE_6M,PL,Supply Chain,2021Q3,2021-09-30,5.0,5,1.0,0,0
NEW_HIRE_6M,PL,Supply Chain,2021Q4,2021-12-31,8.0,7,0.875,0,0
NEW_HIRE_6M,PL,Supply Chain,2022Q1,2022-03-31,5.0,3,0.6,0,0
NEW_HIRE_6M,PL,Supply Chain,2022Q2,2022-06-30,9.0,9,1.0,0,0
NEW_HIRE_6M,PL,Supply Chain,2022Q3,2022-09-30,2.0,1,0.5,0,0
NEW_HIRE_6M,PL,Supply Chain,2022Q4,2022-12-31,8.0,8,1.0,0,0
NEW_HIRE_6M,PL,Supply Chain,2023Q1,2023-03-31,3.0,2,0.6666666666666666,0,0
NEW_HIRE_6M,PL,Supply Chain,2023Q2,2023-06-30,6.0,6,1.0,0,0
NEW_HIRE_6M,PL,Supply Chain,2023Q3,2023-09-30,3.0,2,0.6666666666666666,0,0
NEW_HIRE_6M,PL,Supply Chain,2023Q4,2023-12-31,5.0,5,1.0,0,0
NEW_HIRE_6M,PL,Supply Chain,2024Q1,2024-03-31,7.0,7,1.0,0,0
NEW_HIRE_6M,PL,Supply Chain,2024Q3,2024-09-30,6.0,6,1.0,0,0
NEW_HIRE_6M,PL,Supply Chain,2024Q4,2024-12-31,3.0,2,0.6666666666666666,0,0
NEW_HIRE_6M,PL,Supply Chain,2025Q1,2025-03-31,2.0,2,1.0,0,0
NEW_HIRE_6M,PL,Supply Chain,2025Q2,2025-06-30,5.0,4,0.8,0,0
NEW_HIRE_6M,PL,Supply Chain,2025Q3,2025-09-30,0.0,0,,2,0
NEW_HIRE_6M,PL,Supply Chain,2025Q4,2025-12-31,0.0,0,,3,0
NEW_HIRE_6M,RO,ALL,2021Q1,2021-03-31,12.0,11,0.9166666666666666,0,0
NEW_HIRE_6M,RO,ALL,2021Q2,2021-06-30,16.0,12,0.75,0,0
NEW_HIRE_6M,RO,ALL,2021Q3,2021-09-30,15.0,15,1.0,0,0
NEW_HIRE_6M,RO,ALL,2021Q4,2021-12-31,10.0,9,0.9,0,0
NEW_HIRE_6M,RO,ALL,2022Q1,2022-03-31,13.0,11,0.8461538461538461,0,0
NEW_HIRE_6M,RO,ALL,2022Q2,2022-06-30,21.0,18,0.8571428571428571,0,0
NEW_HIRE_6M,RO,ALL,2022Q3,2022-09-30,10.0,8,0.8,0,0
NEW_HIRE_6M,RO,ALL,2022Q4,2022-12-31,17.0,14,0.8235294117647058,0,0
NEW_HIRE_6M,RO,ALL,2023Q1,2023-03-31,17.0,11,0.6470588235294118,0,0
NEW_HIRE_6M,RO,ALL,2023Q2,2023-06-30,17.0,15,0.8823529411764706,0,0
NEW_HIRE_6M,RO,ALL,2023Q3,2023-09-30,18.0,15,0.8333333333333334,0,0
NEW_HIRE_6M,RO,ALL,2023Q4,2023-12-31,15.0,12,0.8,0,0
NEW_HIRE_6M,RO,ALL,2024Q1,2024-03-31,29.0,28,0.9655172413793104,0,0
NEW_HIRE_6M,RO,ALL,2024Q2,2024-06-30,17.0,15,0.8823529411764706,0,0
NEW_HIRE_6M,RO,ALL,2024Q3,2024-09-30,28.0,23,0.8214285714285714,0,0
NEW_HIRE_6M,RO,ALL,2024Q4,2024-12-31,19.0,15,0.7894736842105263,0,0
NEW_HIRE_6M,RO,ALL,2025Q1,2025-03-31,15.0,14,0.9333333333333333,0,0
NEW_HIRE_6M,RO,ALL,2025Q2,2025-06-30,13.0,11,0.8461538461538461,0,0
NEW_HIRE_6M,RO,ALL,2025Q3,2025-09-30,0.0,0,,14,0
NEW_HIRE_6M,RO,ALL,2025Q4,2025-12-31,0.0,0,,9,0
NEW_HIRE_6M,RO,Digital,2021Q1,2021-03-31,6.0,6,1.0,0,0
NEW_HIRE_6M,RO,Digital,2021Q2,2021-06-30,2.0,1,0.5,0,0
NEW_HIRE_6M,RO,Digital,2021Q3,2021-09-30,4.0,4,1.0,0,0
NEW_HIRE_6M,RO,Digital,2021Q4,2021-12-31,5.0,4,0.8,0,0
NEW_HIRE_6M,RO,Digital,2022Q1,2022-03-31,4.0,3,0.75,0,0
NEW_HIRE_6M,RO,Digital,2022Q2,2022-06-30,3.0,3,1.0,0,0
NEW_HIRE_6M,RO,Digital,2022Q3,2022-09-30,1.0,1,1.0,0,0
NEW_HIRE_6M,RO,Digital,2022Q4,2022-12-31,3.0,3,1.0,0,0
NEW_HIRE_6M,RO,Digital,2023Q1,2023-03-31,2.0,0,0.0,0,0
NEW_HIRE_6M,RO,Digital,2023Q2,2023-06-30,8.0,6,0.75,0,0
NEW_HIRE_6M,RO,Digital,2023Q3,2023-09-30,4.0,3,0.75,0,0
NEW_HIRE_6M,RO,Digital,2023Q4,2023-12-31,3.0,3,1.0,0,0
NEW_HIRE_6M,RO,Digital,2024Q1,2024-03-31,8.0,8,1.0,0,0
NEW_HIRE_6M,RO,Digital,2024Q2,2024-06-30,3.0,3,1.0,0,0
NEW_HIRE_6M,RO,Digital,2024Q3,2024-09-30,10.0,9,0.9,0,0
NEW_HIRE_6M,RO,Digital,2024Q4,2024-12-31,4.0,3,0.75,0,0
NEW_HIRE_6M,RO,Digital,2025Q1,2025-03-31,6.0,6,1.0,0,0
NEW_HIRE_6M,RO,Digital,2025Q2,2025-06-30,3.0,2,0.6666666666666666,0,0
NEW_HIRE_6M,RO,Digital,2025Q3,2025-09-30,0.0,0,,5,0
NEW_HIRE_6M,RO,Digital,2025Q4,2025-12-31,0.0,0,,4,0
NEW_HIRE_6M,RO,Finance,2021Q1,2021-03-31,3.0,3,1.0,0,0
NEW_HIRE_6M,RO,Finance,2021Q2,2021-06-30,5.0,5,1.0,0,0
NEW_HIRE_6M,RO,Finance,2021Q3,2021-09-30,3.0,3,1.0,0,0
NEW_HIRE_6M,RO,Finance,2021Q4,2021-12-31,2.0,2,1.0,0,0
NEW_HIRE_6M,RO,Finance,2022Q1,2022-03-31,2.0,1,0.5,0,0
NEW_HIRE_6M,RO,Finance,2022Q2,2022-06-30,3.0,3,1.0,0,0
NEW_HIRE_6M,RO,Finance,2022Q3,2022-09-30,6.0,4,0.6666666666666666,0,0
NEW_HIRE_6M,RO,Finance,2022Q4,2022-12-31,6.0,5,0.8333333333333334,0,0
NEW_HIRE_6M,RO,Finance,2023Q1,2023-03-31,8.0,6,0.75,0,0
NEW_HIRE_6M,RO,Finance,2023Q2,2023-06-30,2.0,2,1.0,0,0
NEW_HIRE_6M,RO,Finance,2023Q3,2023-09-30,7.0,5,0.7142857142857143,0,0
NEW_HIRE_6M,RO,Finance,2023Q4,2023-12-31,5.0,3,0.6,0,0
NEW_HIRE_6M,RO,Finance,2024Q1,2024-03-31,10.0,10,1.0,0,0
NEW_HIRE_6M,RO,Finance,2024Q2,2024-06-30,3.0,2,0.6666666666666666,0,0
NEW_HIRE_6M,RO,Finance,2024Q3,2024-09-30,4.0,3,0.75,0,0
NEW_HIRE_6M,RO,Finance,2024Q4,2024-12-31,6.0,5,0.8333333333333334,0,0
NEW_HIRE_6M,RO,Finance,2025Q1,2025-03-31,5.0,4,0.8,0,0
NEW_HIRE_6M,RO,Finance,2025Q2,2025-06-30,3.0,3,1.0,0,0
NEW_HIRE_6M,RO,Finance,2025Q3,2025-09-30,0.0,0,,1,0
NEW_HIRE_6M,RO,Finance,2025Q4,2025-12-31,0.0,0,,3,0
NEW_HIRE_6M,RO,Sales,2021Q1,2021-03-31,1.0,1,1.0,0,0
NEW_HIRE_6M,RO,Sales,2021Q2,2021-06-30,3.0,1,0.3333333333333333,0,0
NEW_HIRE_6M,RO,Sales,2021Q3,2021-09-30,4.0,4,1.0,0,0
NEW_HIRE_6M,RO,Sales,2021Q4,2021-12-31,3.0,3,1.0,0,0
NEW_HIRE_6M,RO,Sales,2022Q1,2022-03-31,6.0,6,1.0,0,0
NEW_HIRE_6M,RO,Sales,2022Q2,2022-06-30,9.0,7,0.7777777777777778,0,0
NEW_HIRE_6M,RO,Sales,2022Q3,2022-09-30,2.0,2,1.0,0,0
NEW_HIRE_6M,RO,Sales,2022Q4,2022-12-31,4.0,2,0.5,0,0
NEW_HIRE_6M,RO,Sales,2023Q1,2023-03-31,2.0,1,0.5,0,0
NEW_HIRE_6M,RO,Sales,2023Q2,2023-06-30,3.0,3,1.0,0,0
NEW_HIRE_6M,RO,Sales,2023Q3,2023-09-30,4.0,4,1.0,0,0
NEW_HIRE_6M,RO,Sales,2023Q4,2023-12-31,5.0,4,0.8,0,0
NEW_HIRE_6M,RO,Sales,2024Q1,2024-03-31,6.0,5,0.8333333333333334,0,0
NEW_HIRE_6M,RO,Sales,2024Q2,2024-06-30,6.0,5,0.8333333333333334,0,0
NEW_HIRE_6M,RO,Sales,2024Q3,2024-09-30,11.0,8,0.7272727272727273,0,0
NEW_HIRE_6M,RO,Sales,2024Q4,2024-12-31,4.0,3,0.75,0,0
NEW_HIRE_6M,RO,Sales,2025Q1,2025-03-31,3.0,3,1.0,0,0
NEW_HIRE_6M,RO,Sales,2025Q2,2025-06-30,5.0,4,0.8,0,0
NEW_HIRE_6M,RO,Sales,2025Q3,2025-09-30,0.0,0,,4,0
NEW_HIRE_6M,RO,Sales,2025Q4,2025-12-31,0.0,0,,2,0
NEW_HIRE_6M,RO,Supply Chain,2021Q1,2021-03-31,2.0,1,0.5,0,0
NEW_HIRE_6M,RO,Supply Chain,2021Q2,2021-06-30,6.0,5,0.8333333333333334,0,0
NEW_HIRE_6M,RO,Supply Chain,2021Q3,2021-09-30,4.0,4,1.0,0,0
NEW_HIRE_6M,RO,Supply Chain,2022Q1,2022-03-31,1.0,1,1.0,0,0
NEW_HIRE_6M,RO,Supply Chain,2022Q2,2022-06-30,6.0,5,0.8333333333333334,0,0
NEW_HIRE_6M,RO,Supply Chain,2022Q3,2022-09-30,1.0,1,1.0,0,0
NEW_HIRE_6M,RO,Supply Chain,2022Q4,2022-12-31,4.0,4,1.0,0,0
NEW_HIRE_6M,RO,Supply Chain,2023Q1,2023-03-31,5.0,4,0.8,0,0
NEW_HIRE_6M,RO,Supply Chain,2023Q2,2023-06-30,4.0,4,1.0,0,0
NEW_HIRE_6M,RO,Supply Chain,2023Q3,2023-09-30,3.0,3,1.0,0,0
NEW_HIRE_6M,RO,Supply Chain,2023Q4,2023-12-31,2.0,2,1.0,0,0
NEW_HIRE_6M,RO,Supply Chain,2024Q1,2024-03-31,5.0,5,1.0,0,0
NEW_HIRE_6M,RO,Supply Chain,2024Q2,2024-06-30,5.0,5,1.0,0,0
NEW_HIRE_6M,RO,Supply Chain,2024Q3,2024-09-30,3.0,3,1.0,0,0
NEW_HIRE_6M,RO,Supply Chain,2024Q4,2024-12-31,5.0,4,0.8,0,0
NEW_HIRE_6M,RO,Supply Chain,2025Q1,2025-03-31,1.0,1,1.0,0,0
NEW_HIRE_6M,RO,Supply Chain,2025Q2,2025-06-30,2.0,2,1.0,0,0
NEW_HIRE_6M,RO,Supply Chain,2025Q3,2025-09-30,0.0,0,,4,0
REGRETTED_TURNOVER_12M,ALL,ALL,2021Q4,2021-12-31,535.0,23,0.04299065420560748,0,2
REGRETTED_TURNOVER_12M,ALL,ALL,2022Q1,2022-03-31,594.5,23,0.03868797308662742,0,4
REGRETTED_TURNOVER_12M,ALL,ALL,2022Q2,2022-06-30,676.0,25,0.03698224852071006,0,5
REGRETTED_TURNOVER_12M,ALL,ALL,2022Q3,2022-09-30,762.5,26,0.03409836065573771,0,5
REGRETTED_TURNOVER_12M,ALL,ALL,2022Q4,2022-12-31,849.0,32,0.03769140164899882,0,4
REGRETTED_TURNOVER_12M,ALL,ALL,2023Q1,2023-03-31,906.5,29,0.031991174848317705,0,1
REGRETTED_TURNOVER_12M,ALL,ALL,2023Q2,2023-06-30,989.0,28,0.028311425682507583,0,1
REGRETTED_TURNOVER_12M,ALL,ALL,2023Q3,2023-09-30,1060.0,34,0.03207547169811321,0,1
REGRETTED_TURNOVER_12M,ALL,ALL,2023Q4,2023-12-31,1123.0,38,0.03383793410507569,0,2
REGRETTED_TURNOVER_12M,ALL,ALL,2024Q1,2024-03-31,1184.0,42,0.03547297297297297,0,2
REGRETTED_TURNOVER_12M,ALL,ALL,2024Q2,2024-06-30,1258.0,46,0.03656597774244833,0,3
REGRETTED_TURNOVER_12M,ALL,ALL,2024Q3,2024-09-30,1337.5,43,0.03214953271028037,0,3
REGRETTED_TURNOVER_12M,ALL,ALL,2024Q4,2024-12-31,1390.0,45,0.03237410071942446,0,3
REGRETTED_TURNOVER_12M,ALL,ALL,2025Q1,2025-03-31,1438.0,46,0.031988873435326845,0,3
REGRETTED_TURNOVER_12M,ALL,ALL,2025Q2,2025-06-30,1493.0,53,0.03549899531145345,0,2
REGRETTED_TURNOVER_12M,ALL,ALL,2025Q3,2025-09-30,1561.5,60,0.03842459173871278,0,2
REGRETTED_TURNOVER_12M,ALL,ALL,2025Q4,2025-12-31,1570.0,80,0.050955414012738856,0,2
REGRETTED_TURNOVER_12M,ALL,Digital,2021Q4,2021-12-31,141.5,9,0.0636042402826855,0,1
REGRETTED_TURNOVER_12M,ALL,Digital,2022Q1,2022-03-31,158.5,8,0.050473186119873815,0,3
REGRETTED_TURNOVER_12M,ALL,Digital,2022Q2,2022-06-30,176.0,9,0.05113636363636364,0,3
REGRETTED_TURNOVER_12M,ALL,Digital,2022Q3,2022-09-30,196.0,9,0.04591836734693878,0,3
REGRETTED_TURNOVER_12M,ALL,Digital,2022Q4,2022-12-31,217.0,11,0.05069124423963134,0,2
REGRETTED_TURNOVER_12M,ALL,Digital,2023Q1,2023-03-31,230.0,11,0.04782608695652174,0,0
REGRETTED_TURNOVER_12M,ALL,Digital,2023Q2,2023-06-30,247.5,9,0.03636363636363636,0,0
REGRETTED_TURNOVER_12M,ALL,Digital,2023Q3,2023-09-30,264.0,12,0.045454545454545456,0,0
REGRETTED_TURNOVER_12M,ALL,Digital,2023Q4,2023-12-31,276.5,13,0.04701627486437613,0,0
REGRETTED_TURNOVER_12M,ALL,Digital,2024Q1,2024-03-31,287.0,14,0.04878048780487805,0,0
REGRETTED_TURNOVER_12M,ALL,Digital,2024Q2,2024-06-30,305.0,15,0.04918032786885246,0,0
REGRETTED_TURNOVER_12M,ALL,Digital,2024Q3,2024-09-30,326.5,13,0.039816232771822356,0,0
REGRETTED_TURNOVER_12M,ALL,Digital,2024Q4,2024-12-31,340.0,13,0.03823529411764706,0,0
REGRETTED_TURNOVER_12M,ALL,Digital,2025Q1,2025-03-31,350.5,11,0.03138373751783167,0,0
REGRETTED_TURNOVER_12M,ALL,Digital,2025Q2,2025-06-30,361.5,12,0.03319502074688797,0,0
REGRETTED_TURNOVER_12M,ALL,Digital,2025Q3,2025-09-30,384.0,14,0.036458333333333336,0,0
REGRETTED_TURNOVER_12M,ALL,Digital,2025Q4,2025-12-31,393.0,18,0.04580152671755725,0,0
REGRETTED_TURNOVER_12M,ALL,Finance,2021Q4,2021-12-31,135.5,5,0.03690036900369004,0,1
REGRETTED_TURNOVER_12M,ALL,Finance,2022Q1,2022-03-31,149.0,4,0.026845637583892617,0,0
REGRETTED_TURNOVER_12M,ALL,Finance,2022Q2,2022-06-30,170.5,4,0.02346041055718475,0,1
REGRETTED_TURNOVER_12M,ALL,Finance,2022Q3,2022-09-30,195.5,4,0.020460358056265986,0,1
REGRETTED_TURNOVER_12M,ALL,Finance,2022Q4,2022-12-31,220.0,6,0.02727272727272727,0,1
REGRETTED_TURNOVER_12M,ALL,Finance,2023Q1,2023-03-31,236.0,8,0.03389830508474576,0,1
REGRETTED_TURNOVER_12M,ALL,Finance,2023Q2,2023-06-30,250.0,8,0.032,0,0
REGRETTED_TURNOVER_12M,ALL,Finance,2023Q3,2023-09-30,272.5,10,0.03669724770642202,0,0
REGRETTED_TURNOVER_12M,ALL,Finance,2023Q4,2023-12-31,294.5,12,0.04074702886247878,0,0
REGRETTED_TURNOVER_12M,ALL,Finance,2024Q1,2024-03-31,310.0,9,0.02903225806451613,0,0
REGRETTED_TURNOVER_12M,ALL,Finance,2024Q2,2024-06-30,325.5,10,0.030721966205837174,0,1
REGRETTED_TURNOVER_12M,ALL,Finance,2024Q3,2024-09-30,344.5,10,0.02902757619738752,0,1
REGRETTED_TURNOVER_12M,ALL,Finance,2024Q4,2024-12-31,361.0,6,0.01662049861495845,0,1
REGRETTED_TURNOVER_12M,ALL,Finance,2025Q1,2025-03-31,375.5,11,0.02929427430093209,0,1
REGRETTED_TURNOVER_12M,ALL,Finance,2025Q2,2025-06-30,390.5,15,0.03841229193341869,0,1
REGRETTED_TURNOVER_12M,ALL,Finance,2025Q3,2025-09-30,407.0,14,0.0343980343980344,0,1
REGRETTED_TURNOVER_12M,ALL,Finance,2025Q4,2025-12-31,408.0,26,0.06372549019607843,0,2
REGRETTED_TURNOVER_12M,ALL,Sales,2021Q4,2021-12-31,131.5,3,0.022813688212927757,0,0
REGRETTED_TURNOVER_12M,ALL,Sales,2022Q1,2022-03-31,144.0,6,0.041666666666666664,0,0
REGRETTED_TURNOVER_12M,ALL,Sales,2022Q2,2022-06-30,160.5,6,0.037383177570093455,0,0
REGRETTED_TURNOVER_12M,ALL,Sales,2022Q3,2022-09-30,180.0,8,0.044444444444444446,0,0
REGRETTED_TURNOVER_12M,ALL,Sales,2022Q4,2022-12-31,201.0,8,0.03980099502487562,0,0
REGRETTED_TURNOVER_12M,ALL,Sales,2023Q1,2023-03-31,212.0,5,0.02358490566037736,0,0
REGRETTED_TURNOVER_12M,ALL,Sales,2023Q2,2023-06-30,240.0,6,0.025,0,0
REGRETTED_TURNOVER_12M,ALL,Sales,2023Q3,2023-09-30,253.0,7,0.02766798418972332,0,0
REGRETTED_TURNOVER_12M,ALL,Sales,2023Q4,2023-12-31,265.5,10,0.03766478342749529,0,0
REGRETTED_TURNOVER_12M,ALL,Sales,2024Q1,2024-03-31,277.0,10,0.036101083032490974,0,0
REGRETTED_TURNOVER_12M,ALL,Sales,2024Q2,2024-06-30,302.5,11,0.03636363636363636,0,0
REGRETTED_TURNOVER_12M,ALL,Sales,2024Q3,2024-09-30,319.5,9,0.028169014084507043,0,0
REGRETTED_TURNOVER_12M,ALL,Sales,2024Q4,2024-12-31,327.5,12,0.0366412213740458,0,0
REGRETTED_TURNOVER_12M,ALL,Sales,2025Q1,2025-03-31,337.0,13,0.03857566765578635,0,0
REGRETTED_TURNOVER_12M,ALL,Sales,2025Q2,2025-06-30,353.5,15,0.042432814710042434,0,0
REGRETTED_TURNOVER_12M,ALL,Sales,2025Q3,2025-09-30,369.5,17,0.046008119079837616,0,0
REGRETTED_TURNOVER_12M,ALL,Sales,2025Q4,2025-12-31,364.5,18,0.04938271604938271,0,0
REGRETTED_TURNOVER_12M,ALL,Supply Chain,2021Q4,2021-12-31,126.5,6,0.04743083003952569,0,0
REGRETTED_TURNOVER_12M,ALL,Supply Chain,2022Q1,2022-03-31,143.0,5,0.03496503496503497,0,1
REGRETTED_TURNOVER_12M,ALL,Supply Chain,2022Q2,2022-06-30,169.0,6,0.03550295857988166,0,1
REGRETTED_TURNOVER_12M,ALL,Supply Chain,2022Q3,2022-09-30,191.0,5,0.02617801047120419,0,1
REGRETTED_TURNOVER_12M,ALL,Supply Chain,2022Q4,2022-12-31,211.0,7,0.03317535545023697,0,1
REGRETTED_TURNOVER_12M,ALL,Supply Chain,2023Q1,2023-03-31,228.5,5,0.02188183807439825,0,0
REGRETTED_TURNOVER_12M,ALL,Supply Chain,2023Q2,2023-06-30,251.5,5,0.019880715705765408,0,1
REGRETTED_TURNOVER_12M,ALL,Supply Chain,2023Q3,2023-09-30,270.5,5,0.018484288354898338,0,1
REGRETTED_TURNOVER_12M,ALL,Supply Chain,2023Q4,2023-12-31,286.5,3,0.010471204188481676,0,2
REGRETTED_TURNOVER_12M,ALL,Supply Chain,2024Q1,2024-03-31,310.0,9,0.02903225806451613,0,2
REGRETTED_TURNOVER_12M,ALL,Supply Chain,2024Q2,2024-06-30,325.0,10,0.03076923076923077,0,2
REGRETTED_TURNOVER_12M,ALL,Supply Chain,2024Q3,2024-09-30,347.0,11,0.03170028818443804,0,2
REGRETTED_TURNOVER_12M,ALL,Supply Chain,2024Q4,2024-12-31,361.5,14,0.03872752420470263,0,2
REGRETTED_TURNOVER_12M,ALL,Supply Chain,2025Q1,2025-03-31,375.0,11,0.029333333333333333,0,2
REGRETTED_TURNOVER_12M,ALL,Supply Chain,2025Q2,2025-06-30,387.5,11,0.02838709677419355,0,1
REGRETTED_TURNOVER_12M,ALL,Supply Chain,2025Q3,2025-09-30,401.0,15,0.03740648379052369,0,1
REGRETTED_TURNOVER_12M,ALL,Supply Chain,2025Q4,2025-12-31,404.5,18,0.04449938195302843,0,0
REGRETTED_TURNOVER_12M,BG,ALL,2021Q4,2021-12-31,90.5,2,0.022099447513812154,0,0
REGRETTED_TURNOVER_12M,BG,ALL,2022Q1,2022-03-31,100.0,5,0.05,0,0
REGRETTED_TURNOVER_12M,BG,ALL,2022Q2,2022-06-30,113.5,5,0.04405286343612335,0,0
REGRETTED_TURNOVER_12M,BG,ALL,2022Q3,2022-09-30,130.0,7,0.05384615384615385,0,0
REGRETTED_TURNOVER_12M,BG,ALL,2022Q4,2022-12-31,142.5,7,0.04912280701754386,0,0
REGRETTED_TURNOVER_12M,BG,ALL,2023Q1,2023-03-31,151.5,5,0.033003300330033,0,0
REGRETTED_TURNOVER_12M,BG,ALL,2023Q2,2023-06-30,166.5,5,0.03003003003003003,0,0
REGRETTED_TURNOVER_12M,BG,ALL,2023Q3,2023-09-30,175.0,4,0.022857142857142857,0,0
REGRETTED_TURNOVER_12M,BG,ALL,2023Q4,2023-12-31,185.5,5,0.026954177897574125,0,0
REGRETTED_TURNOVER_12M,BG,ALL,2024Q1,2024-03-31,198.5,5,0.02518891687657431,0,0
REGRETTED_TURNOVER_12M,BG,ALL,2024Q2,2024-06-30,216.0,5,0.023148148148148147,0,1
REGRETTED_TURNOVER_12M,BG,ALL,2024Q3,2024-09-30,227.0,7,0.030837004405286344,0,1
REGRETTED_TURNOVER_12M,BG,ALL,2024Q4,2024-12-31,236.5,8,0.03382663847780127,0,2
REGRETTED_TURNOVER_12M,BG,ALL,2025Q1,2025-03-31,248.0,8,0.03225806451612903,0,2
REGRETTED_TURNOVER_12M,BG,ALL,2025Q2,2025-06-30,258.0,11,0.04263565891472868,0,1
REGRETTED_TURNOVER_12M,BG,ALL,2025Q3,2025-09-30,272.5,11,0.04036697247706422,0,1
REGRETTED_TURNOVER_12M,BG,ALL,2025Q4,2025-12-31,271.5,17,0.06261510128913444,0,0
REGRETTED_TURNOVER_12M,BG,Digital,2021Q4,2021-12-31,28.5,1,0.03508771929824561,0,0
REGRETTED_TURNOVER_12M,BG,Digital,2022Q1,2022-03-31,31.0,2,0.06451612903225806,0,0
REGRETTED_TURNOVER_12M,BG,Digital,2022Q2,2022-06-30,36.5,2,0.0547945205479452,0,0
REGRETTED_TURNOVER_12M,BG,Digital,2022Q3,2022-09-30,40.5,3,0.07407407407407407,0,0
REGRETTED_TURNOVER_12M,BG,Digital,2022Q4,2022-12-31,44.5,3,0.06741573033707865,0,0
REGRETTED_TURNOVER_12M,BG,Digital,2023Q1,2023-03-31,45.5,3,0.06593406593406594,0,0
REGRETTED_TURNOVER_12M,BG,Digital,2023Q2,2023-06-30,49.0,3,0.061224489795918366,0,0
REGRETTED_TURNOVER_12M,BG,Digital,2023Q3,2023-09-30,51.0,2,0.0392156862745098,0,0
REGRETTED_TURNOVER_12M,BG,Digital,2023Q4,2023-12-31,54.5,2,0.03669724770642202,0,0
REGRETTED_TURNOVER_12M,BG,Digital,2024Q1,2024-03-31,55.5,1,0.018018018018018018,0,0
REGRETTED_TURNOVER_12M,BG,Digital,2024Q2,2024-06-30,59.5,1,0.01680672268907563,0,0
REGRETTED_TURNOVER_12M,BG,Digital,2024Q3,2024-09-30,63.0,2,0.031746031746031744,0,0
REGRETTED_TURNOVER_12M,BG,Digital,2024Q4,2024-12-31,64.0,2,0.03125,0,0
REGRETTED_TURNOVER_12M,BG,Digital,2025Q1,2025-03-31,65.5,1,0.015267175572519083,0,0
REGRETTED_TURNOVER_12M,BG,Digital,2025Q2,2025-06-30,66.5,2,0.03007518796992481,0,0
REGRETTED_TURNOVER_12M,BG,Digital,2025Q3,2025-09-30,71.0,2,0.028169014084507043,0,0
REGRETTED_TURNOVER_12M,BG,Digital,2025Q4,2025-12-31,70.5,4,0.05673758865248227,0,0
REGRETTED_TURNOVER_12M,BG,Finance,2021Q4,2021-12-31,25.5,0,0.0,0,0
REGRETTED_TURNOVER_12M,BG,Finance,2022Q1,2022-03-31,28.0,1,0.03571428571428571,0,0
REGRETTED_TURNOVER_12M,BG,Finance,2022Q2,2022-06-30,31.5,2,0.06349206349206349,0,0
REGRETTED_TURNOVER_12M,BG,Finance,2022Q3,2022-09-30,35.5,2,0.056338028169014086,0,0
REGRETTED_TURNOVER_12M,BG,Finance,2022Q4,2022-12-31,39.0,2,0.05128205128205128,0,0
REGRETTED_TURNOVER_12M,BG,Finance,2023Q1,2023-03-31,42.5,1,0.023529411764705882,0,0
REGRETTED_TURNOVER_12M,BG,Finance,2023Q2,2023-06-30,44.5,1,0.02247191011235955,0,0
REGRETTED_TURNOVER_12M,BG,Finance,2023Q3,2023-09-30,46.0,2,0.043478260869565216,0,0
REGRETTED_TURNOVER_12M,BG,Finance,2023Q4,2023-12-31,48.0,2,0.041666666666666664,0,0
REGRETTED_TURNOVER_12M,BG,Finance,2024Q1,2024-03-31,51.5,2,0.038834951456310676,0,0
REGRETTED_TURNOVER_12M,BG,Finance,2024Q2,2024-06-30,53.5,1,0.018691588785046728,0,1
REGRETTED_TURNOVER_12M,BG,Finance,2024Q3,2024-09-30,53.5,1,0.018691588785046728,0,1
REGRETTED_TURNOVER_12M,BG,Finance,2024Q4,2024-12-31,55.0,2,0.03636363636363636,0,1
REGRETTED_TURNOVER_12M,BG,Finance,2025Q1,2025-03-31,58.0,2,0.034482758620689655,0,1
REGRETTED_TURNOVER_12M,BG,Finance,2025Q2,2025-06-30,62.5,3,0.048,0,0
REGRETTED_TURNOVER_12M,BG,Finance,2025Q3,2025-09-30,65.5,2,0.030534351145038167,0,0
REGRETTED_TURNOVER_12M,BG,Finance,2025Q4,2025-12-31,64.5,3,0.046511627906976744,0,0
REGRETTED_TURNOVER_12M,BG,Sales,2021Q4,2021-12-31,18.0,1,0.05555555555555555,0,0
REGRETTED_TURNOVER_12M,BG,Sales,2022Q1,2022-03-31,19.5,2,0.10256410256410256,0,0
REGRETTED_TURNOVER_12M,BG,Sales,2022Q2,2022-06-30,20.5,1,0.04878048780487805,0,0
REGRETTED_TURNOVER_12M,BG,Sales,2022Q3,2022-09-30,24.5,2,0.08163265306122448,0,0
REGRETTED_TURNOVER_12M,BG,Sales,2022Q4,2022-12-31,26.5,2,0.07547169811320754,0,0
REGRETTED_TURNOVER_12M,BG,Sales,2023Q1,2023-03-31,27.0,1,0.037037037037037035,0,0
REGRETTED_TURNOVER_12M,BG,Sales,2023Q2,2023-06-30,33.5,1,0.029850746268656716,0,0
REGRETTED_TURNOVER_12M,BG,Sales,2023Q3,2023-09-30,35.0,0,0.0,0,0
REGRETTED_TURNOVER_12M,BG,Sales,2023Q4,2023-12-31,37.5,0,0.0,0,0
REGRETTED_TURNOVER_12M,BG,Sales,2024Q1,2024-03-31,40.5,0,0.0,0,0
REGRETTED_TURNOVER_12M,BG,Sales,2024Q2,2024-06-30,47.5,0,0.0,0,0
REGRETTED_TURNOVER_12M,BG,Sales,2024Q3,2024-09-30,50.5,0,0.0,0,0
REGRETTED_TURNOVER_12M,BG,Sales,2024Q4,2024-12-31,56.0,0,0.0,0,0
REGRETTED_TURNOVER_12M,BG,Sales,2025Q1,2025-03-31,58.0,0,0.0,0,0
REGRETTED_TURNOVER_12M,BG,Sales,2025Q2,2025-06-30,59.0,2,0.03389830508474576,0,0
REGRETTED_TURNOVER_12M,BG,Sales,2025Q3,2025-09-30,63.5,2,0.031496062992125984,0,0
REGRETTED_TURNOVER_12M,BG,Sales,2025Q4,2025-12-31,64.5,3,0.046511627906976744,0,0
REGRETTED_TURNOVER_12M,BG,Supply Chain,2021Q4,2021-12-31,18.5,0,0.0,0,0
REGRETTED_TURNOVER_12M,BG,Supply Chain,2022Q1,2022-03-31,21.5,0,0.0,0,0
REGRETTED_TURNOVER_12M,BG,Supply Chain,2022Q2,2022-06-30,25.0,0,0.0,0,0
REGRETTED_TURNOVER_12M,BG,Supply Chain,2022Q3,2022-09-30,29.5,0,0.0,0,0
REGRETTED_TURNOVER_12M,BG,Supply Chain,2022Q4,2022-12-31,32.5,0,0.0,0,0
REGRETTED_TURNOVER_12M,BG,Supply Chain,2023Q1,2023-03-31,36.5,0,0.0,0,0
REGRETTED_TURNOVER_12M,BG,Supply Chain,2023Q2,2023-06-30,39.5,0,0.0,0,0
REGRETTED_TURNOVER_12M,BG,Supply Chain,2023Q3,2023-09-30,43.0,0,0.0,0,0
REGRETTED_TURNOVER_12M,BG,Supply Chain,2023Q4,2023-12-31,45.5,1,0.02197802197802198,0,0
REGRETTED_TURNOVER_12M,BG,Supply Chain,2024Q1,2024-03-31,51.0,2,0.0392156862745098,0,0
REGRETTED_TURNOVER_12M,BG,Supply Chain,2024Q2,2024-06-30,55.5,3,0.05405405405405406,0,0
REGRETTED_TURNOVER_12M,BG,Supply Chain,2024Q3,2024-09-30,60.0,4,0.06666666666666667,0,0
REGRETTED_TURNOVER_12M,BG,Supply Chain,2024Q4,2024-12-31,61.5,4,0.06504065040650407,0,1
REGRETTED_TURNOVER_12M,BG,Supply Chain,2025Q1,2025-03-31,66.5,5,0.07518796992481203,0,1
REGRETTED_TURNOVER_12M,BG,Supply Chain,2025Q2,2025-06-30,70.0,4,0.05714285714285714,0,1
REGRETTED_TURNOVER_12M,BG,Supply Chain,2025Q3,2025-09-30,72.5,5,0.06896551724137931,0,1
REGRETTED_TURNOVER_12M,BG,Supply Chain,2025Q4,2025-12-31,72.0,7,0.09722222222222222,0,0
REGRETTED_TURNOVER_12M,GR,ALL,2021Q4,2021-12-31,98.5,5,0.050761421319796954,0,0
REGRETTED_TURNOVER_12M,GR,ALL,2022Q1,2022-03-31,105.5,7,0.06635071090047394,0,1
REGRETTED_TURNOVER_12M,GR,ALL,2022Q2,2022-06-30,124.0,7,0.056451612903225805,0,1
REGRETTED_TURNOVER_12M,GR,ALL,2022Q3,2022-09-30,139.5,5,0.035842293906810034,0,1
REGRETTED_TURNOVER_12M,GR,ALL,2022Q4,2022-12-31,157.5,4,0.025396825396825397,0,1
REGRETTED_TURNOVER_12M,GR,ALL,2023Q1,2023-03-31,163.0,0,0.0,0,0
REGRETTED_TURNOVER_12M,GR,ALL,2023Q2,2023-06-30,177.5,0,0.0,0,0
REGRETTED_TURNOVER_12M,GR,ALL,2023Q3,2023-09-30,196.5,1,0.005089058524173028,0,0
REGRETTED_TURNOVER_12M,GR,ALL,2023Q4,2023-12-31,205.0,1,0.004878048780487805,0,0
REGRETTED_TURNOVER_12M,GR,ALL,2024Q1,2024-03-31,212.0,5,0.02358490566037736,0,0
REGRETTED_TURNOVER_12M,GR,ALL,2024Q2,2024-06-30,222.0,6,0.02702702702702703,0,0
REGRETTED_TURNOVER_12M,GR,ALL,2024Q3,2024-09-30,240.0,6,0.025,0,0
REGRETTED_TURNOVER_12M,GR,ALL,2024Q4,2024-12-31,250.5,10,0.03992015968063872,0,0
REGRETTED_TURNOVER_12M,GR,ALL,2025Q1,2025-03-31,254.5,7,0.0275049115913556,0,0
REGRETTED_TURNOVER_12M,GR,ALL,2025Q2,2025-06-30,262.5,8,0.030476190476190476,0,0
REGRETTED_TURNOVER_12M,GR,ALL,2025Q3,2025-09-30,275.0,9,0.03272727272727273,0,0
REGRETTED_TURNOVER_12M,GR,ALL,2025Q4,2025-12-31,283.0,8,0.028268551236749116,0,0
REGRETTED_TURNOVER_12M,GR,Digital,2021Q4,2021-12-31,30.5,2,0.06557377049180328,0,0
REGRETTED_TURNOVER_12M,GR,Digital,2022Q1,2022-03-31,32.0,2,0.0625,0,1
REGRETTED_TURNOVER_12M,GR,Digital,2022Q2,2022-06-30,35.5,2,0.056338028169014086,0,1
REGRETTED_TURNOVER_12M,GR,Digital,2022Q3,2022-09-30,39.0,1,0.02564102564102564,0,1
REGRETTED_TURNOVER_12M,GR,Digital,2022Q4,2022-12-31,44.5,1,0.02247191011235955,0,1
REGRETTED_TURNOVER_12M,GR,Digital,2023Q1,2023-03-31,46.0,0,0.0,0,0
REGRETTED_TURNOVER_12M,GR,Digital,2023Q2,2023-06-30,47.0,0,0.0,0,0
REGRETTED_TURNOVER_12M,GR,Digital,2023Q3,2023-09-30,52.0,1,0.019230769230769232,0,0
REGRETTED_TURNOVER_12M,GR,Digital,2023Q4,2023-12-31,54.5,1,0.01834862385321101,0,0
REGRETTED_TURNOVER_12M,GR,Digital,2024Q1,2024-03-31,55.5,2,0.036036036036036036,0,0
REGRETTED_TURNOVER_12M,GR,Digital,2024Q2,2024-06-30,57.5,2,0.034782608695652174,0,0
REGRETTED_TURNOVER_12M,GR,Digital,2024Q3,2024-09-30,62.0,1,0.016129032258064516,0,0
REGRETTED_TURNOVER_12M,GR,Digital,2024Q4,2024-12-31,66.0,1,0.015151515151515152,0,0
REGRETTED_TURNOVER_12M,GR,Digital,2025Q1,2025-03-31,66.0,1,0.015151515151515152,0,0
REGRETTED_TURNOVER_12M,GR,Digital,2025Q2,2025-06-30,69.0,1,0.014492753623188406,0,0
REGRETTED_TURNOVER_12M,GR,Digital,2025Q3,2025-09-30,73.0,2,0.0273972602739726,0,0
REGRETTED_TURNOVER_12M,GR,Digital,2025Q4,2025-12-31,76.0,3,0.039473684210526314,0,0
REGRETTED_TURNOVER_12M,GR,Finance,2021Q4,2021-12-31,15.5,1,0.06451612903225806,0,0
REGRETTED_TURNOVER_12M,GR,Finance,2022Q1,2022-03-31,17.5,1,0.05714285714285714,0,0
REGRETTED_TURNOVER_12M,GR,Finance,2022Q2,2022-06-30,23.0,1,0.043478260869565216,0,0
REGRETTED_TURNOVER_12M,GR,Finance,2022Q3,2022-09-30,27.0,0,0.0,0,0
REGRETTED_TURNOVER_12M,GR,Finance,2022Q4,2022-12-31,31.5,0,0.0,0,0
REGRETTED_TURNOVER_12M,GR,Finance,2023Q1,2023-03-31,35.0,0,0.0,0,0
REGRETTED_TURNOVER_12M,GR,Finance,2023Q2,2023-06-30,39.5,0,0.0,0,0
REGRETTED_TURNOVER_12M,GR,Finance,2023Q3,2023-09-30,44.0,0,0.0,0,0
REGRETTED_TURNOVER_12M,GR,Finance,2023Q4,2023-12-31,47.5,0,0.0,0,0
REGRETTED_TURNOVER_12M,GR,Finance,2024Q1,2024-03-31,49.5,0,0.0,0,0
REGRETTED_TURNOVER_12M,GR,Finance,2024Q2,2024-06-30,53.5,0,0.0,0,0
REGRETTED_TURNOVER_12M,GR,Finance,2024Q3,2024-09-30,58.5,1,0.017094017094017096,0,0
REGRETTED_TURNOVER_12M,GR,Finance,2024Q4,2024-12-31,61.0,1,0.01639344262295082,0,0
REGRETTED_TURNOVER_12M,GR,Finance,2025Q1,2025-03-31,64.0,1,0.015625,0,0
REGRETTED_TURNOVER_12M,GR,Finance,2025Q2,2025-06-30,67.0,2,0.029850746268656716,0,0
REGRETTED_TURNOVER_12M,GR,Finance,2025Q3,2025-09-30,69.5,1,0.014388489208633094,0,0
REGRETTED_TURNOVER_12M,GR,Finance,2025Q4,2025-12-31,70.5,2,0.028368794326241134,0,0
REGRETTED_TURNOVER_12M,GR,Sales,2021Q4,2021-12-31,33.5,0,0.0,0,0
REGRETTED_TURNOVER_12M,GR,Sales,2022Q1,2022-03-31,34.5,3,0.08695652173913043,0,0
REGRETTED_TURNOVER_12M,GR,Sales,2022Q2,2022-06-30,38.5,3,0.07792207792207792,0,0
REGRETTED_TURNOVER_12M,GR,Sales,2022Q3,2022-09-30,41.5,3,0.07228915662650602,0,0
REGRETTED_TURNOVER_12M,GR,Sales,2022Q4,2022-12-31,47.0,3,0.06382978723404255,0,0
REGRETTED_TURNOVER_12M,GR,Sales,2023Q1,2023-03-31,46.5,0,0.0,0,0
REGRETTED_TURNOVER_12M,GR,Sales,2023Q2,2023-06-30,51.5,0,0.0,0,0
REGRETTED_TURNOVER_12M,GR,Sales,2023Q3,2023-09-30,54.5,0,0.0,0,0
REGRETTED_TURNOVER_12M,GR,Sales,2023Q4,2023-12-31,55.5,0,0.0,0,0
REGRETTED_TURNOVER_12M,GR,Sales,2024Q1,2024-03-31,57.0,0,0.0,0,0
REGRETTED_TURNOVER_12M,GR,Sales,2024Q2,2024-06-30,61.0,0,0.0,0,0
REGRETTED_TURNOVER_12M,GR,Sales,2024Q3,2024-09-30,65.0,0,0.0,0,0
REGRETTED_TURNOVER_12M,GR,Sales,2024Q4,2024-12-31,66.0,3,0.045454545454545456,0,0
REGRETTED_TURNOVER_12M,GR,Sales,2025Q1,2025-03-31,66.5,3,0.045112781954887216,0,0
REGRETTED_TURNOVER_12M,GR,Sales,2025Q2,2025-06-30,68.5,3,0.043795620437956206,0,0
REGRETTED_TURNOVER_12M,GR,Sales,2025Q3,2025-09-30,71.5,3,0.04195804195804196,0,0
REGRETTED_TURNOVER_12M,GR,Sales,2025Q4,2025-12-31,73.0,0,0.0,0,0
REGRETTED_TURNOVER_12M,GR,Supply Chain,2021Q4,2021-12-31,19.0,2,0.10526315789473684,0,0
REGRETTED_TURNOVER_12M,GR,Supply Chain,2022Q1,2022-03-31,21.5,1,0.046511627906976744,0,0
REGRETTED_TURNOVER_12M,GR,Supply Chain,2022Q2,2022-06-30,27.0,1,0.037037037037037035,0,0
REGRETTED_TURNOVER_12M,GR,Supply Chain,2022Q3,2022-09-30,32.0,1,0.03125,0,0
REGRETTED_TURNOVER_12M,GR,Supply Chain,2022Q4,2022-12-31,34.5,0,0.0,0,0
REGRETTED_TURNOVER_12M,GR,Supply Chain,2023Q1,2023-03-31,35.5,0,0.0,0,0
REGRETTED_TURNOVER_12M,GR,Supply Chain,2023Q2,2023-06-30,39.5,0,0.0,0,0
REGRETTED_TURNOVER_12M,GR,Supply Chain,2023Q3,2023-09-30,46.0,0,0.0,0,0
REGRETTED_TURNOVER_12M,GR,Supply Chain,2023Q4,2023-12-31,47.5,0,0.0,0,0
REGRETTED_TURNOVER_12M,GR,Supply Chain,2024Q1,2024-03-31,50.0,3,0.06,0,0
REGRETTED_TURNOVER_12M,GR,Supply Chain,2024Q2,2024-06-30,50.0,4,0.08,0,0
REGRETTED_TURNOVER_12M,GR,Supply Chain,2024Q3,2024-09-30,54.5,4,0.07339449541284404,0,0
REGRETTED_TURNOVER_12M,GR,Supply Chain,2024Q4,2024-12-31,57.5,5,0.08695652173913043,0,0
REGRETTED_TURNOVER_12M,GR,Supply Chain,2025Q1,2025-03-31,58.0,2,0.034482758620689655,0,0
REGRETTED_TURNOVER_12M,GR,Supply Chain,2025Q2,2025-06-30,58.0,2,0.034482758620689655,0,0
REGRETTED_TURNOVER_12M,GR,Supply Chain,2025Q3,2025-09-30,61.0,3,0.04918032786885246,0,0
REGRETTED_TURNOVER_12M,GR,Supply Chain,2025Q4,2025-12-31,63.5,3,0.047244094488188976,0,0
REGRETTED_TURNOVER_12M,IE,ALL,2021Q4,2021-12-31,79.0,2,0.02531645569620253,0,0
REGRETTED_TURNOVER_12M,IE,ALL,2022Q1,2022-03-31,88.5,1,0.011299435028248588,0,1
REGRETTED_TURNOVER_12M,IE,ALL,2022Q2,2022-06-30,96.0,3,0.03125,0,2
REGRETTED_TURNOVER_12M,IE,ALL,2022Q3,2022-09-30,111.5,3,0.026905829596412557,0,2
REGRETTED_TURNOVER_12M,IE,ALL,2022Q4,2022-12-31,121.5,4,0.03292181069958848,0,2
REGRETTED_TURNOVER_12M,IE,ALL,2023Q1,2023-03-31,134.0,6,0.04477611940298507,0,1
REGRETTED_TURNOVER_12M,IE,ALL,2023Q2,2023-06-30,144.0,4,0.027777777777777776,0,0
REGRETTED_TURNOVER_12M,IE,ALL,2023Q3,2023-09-30,155.5,6,0.03858520900321544,0,0
REGRETTED_TURNOVER_12M,IE,ALL,2023Q4,2023-12-31,162.5,8,0.04923076923076923,0,1
REGRETTED_TURNOVER_12M,IE,ALL,2024Q1,2024-03-31,173.5,8,0.04610951008645533,0,1
REGRETTED_TURNOVER_12M,IE,ALL,2024Q2,2024-06-30,184.0,7,0.03804347826086957,0,2
REGRETTED_TURNOVER_12M,IE,ALL,2024Q3,2024-09-30,193.5,6,0.031007751937984496,0,2
REGRETTED_TURNOVER_12M,IE,ALL,2024Q4,2024-12-31,201.5,6,0.02977667493796526,0,1
REGRETTED_TURNOVER_12M,IE,ALL,2025Q1,2025-03-31,209.0,5,0.023923444976076555,0,1
REGRETTED_TURNOVER_12M,IE,ALL,2025Q2,2025-06-30,222.0,8,0.036036036036036036,0,0
REGRETTED_TURNOVER_12M,IE,ALL,2025Q3,2025-09-30,233.0,10,0.04291845493562232,0,0
REGRETTED_TURNOVER_12M,IE,ALL,2025Q4,2025-12-31,231.0,15,0.06493506493506493,0,1
REGRETTED_TURNOVER_12M,IE,Digital,2021Q4,2021-12-31,15.5,1,0.06451612903225806,0,0
REGRETTED_TURNOVER_12M,IE,Digital,2022Q1,2022-03-31,19.0,1,0.05263157894736842,0,0
REGRETTED_TURNOVER_12M,IE,Digital,2022Q2,2022-06-30,20.0,1,0.05,0,0
REGRETTED_TURNOVER_12M,IE,Digital,2022Q3,2022-09-30,24.0,1,0.041666666666666664,0,0
REGRETTED_TURNOVER_12M,IE,Digital,2022Q4,2022-12-31,24.5,1,0.04081632653061224,0,0
REGRETTED_TURNOVER_12M,IE,Digital,2023Q1,2023-03-31,27.5,1,0.03636363636363636,0,0
REGRETTED_TURNOVER_12M,IE,Digital,2023Q2,2023-06-30,29.0,1,0.034482758620689655,0,0
REGRETTED_TURNOVER_12M,IE,Digital,2023Q3,2023-09-30,31.0,1,0.03225806451612903,0,0
REGRETTED_TURNOVER_12M,IE,Digital,2023Q4,2023-12-31,32.5,1,0.03076923076923077,0,0
REGRETTED_TURNOVER_12M,IE,Digital,2024Q1,2024-03-31,36.5,2,0.0547945205479452,0,0
REGRETTED_TURNOVER_12M,IE,Digital,2024Q2,2024-06-30,37.0,1,0.02702702702702703,0,0
REGRETTED_TURNOVER_12M,IE,Digital,2024Q3,2024-09-30,39.0,2,0.05128205128205128,0,0
REGRETTED_TURNOVER_12M,IE,Digital,2024Q4,2024-12-31,42.5,3,0.07058823529411765,0,0
REGRETTED_TURNOVER_12M,IE,Digital,2025Q1,2025-03-31,45.5,2,0.04395604395604396,0,0
REGRETTED_TURNOVER_12M,IE,Digital,2025Q2,2025-06-30,47.0,2,0.0425531914893617,0,0
REGRETTED_TURNOVER_12M,IE,Digital,2025Q3,2025-09-30,50.5,3,0.0594059405940594,0,0
REGRETTED_TURNOVER_12M,IE,Digital,2025Q4,2025-12-31,54.0,3,0.05555555555555555,0,0
REGRETTED_TURNOVER_12M,IE,Finance,2021Q4,2021-12-31,20.5,0,0.0,0,0
REGRETTED_TURNOVER_12M,IE,Finance,2022Q1,2022-03-31,23.5,0,0.0,0,0
REGRETTED_TURNOVER_12M,IE,Finance,2022Q2,2022-06-30,25.0,0,0.0,0,1
REGRETTED_TURNOVER_12M,IE,Finance,2022Q3,2022-09-30,28.0,0,0.0,0,1
REGRETTED_TURNOVER_12M,IE,Finance,2022Q4,2022-12-31,32.5,0,0.0,0,1
REGRETTED_TURNOVER_12M,IE,Finance,2023Q1,2023-03-31,34.0,2,0.058823529411764705,0,1
REGRETTED_TURNOVER_12M,IE,Finance,2023Q2,2023-06-30,35.0,2,0.05714285714285714,0,0
REGRETTED_TURNOVER_12M,IE,Finance,2023Q3,2023-09-30,37.0,3,0.08108108108108109,0,0
REGRETTED_TURNOVER_12M,IE,Finance,2023Q4,2023-12-31,39.0,6,0.15384615384615385,0,0
REGRETTED_TURNOVER_12M,IE,Finance,2024Q1,2024-03-31,39.0,4,0.10256410256410256,0,0
REGRETTED_TURNOVER_12M,IE,Finance,2024Q2,2024-06-30,43.5,4,0.09195402298850575,0,0
REGRETTED_TURNOVER_12M,IE,Finance,2024Q3,2024-09-30,45.5,3,0.06593406593406594,0,0
REGRETTED_TURNOVER_12M,IE,Finance,2024Q4,2024-12-31,47.0,0,0.0,0,0
REGRETTED_TURNOVER_12M,IE,Finance,2025Q1,2025-03-31,47.5,1,0.021052631578947368,0,0
REGRETTED_TURNOVER_12M,IE,Finance,2025Q2,2025-06-30,51.5,3,0.05825242718446602,0,0
REGRETTED_TURNOVER_12M,IE,Finance,2025Q3,2025-09-30,55.0,3,0.05454545454545454,0,0
REGRETTED_TURNOVER_12M,IE,Finance,2025Q4,2025-12-31,52.5,6,0.11428571428571428,0,1
REGRETTED_TURNOVER_12M,IE,Sales,2021Q4,2021-12-31,14.5,0,0.0,0,0
REGRETTED_TURNOVER_12M,IE,Sales,2022Q1,2022-03-31,17.0,0,0.0,0,0
REGRETTED_TURNOVER_12M,IE,Sales,2022Q2,2022-06-30,19.0,1,0.05263157894736842,0,0
REGRETTED_TURNOVER_12M,IE,Sales,2022Q3,2022-09-30,22.5,1,0.044444444444444446,0,0
REGRETTED_TURNOVER_12M,IE,Sales,2022Q4,2022-12-31,24.5,1,0.04081632653061224,0,0
REGRETTED_TURNOVER_12M,IE,Sales,2023Q1,2023-03-31,29.5,1,0.03389830508474576,0,0
REGRETTED_TURNOVER_12M,IE,Sales,2023Q2,2023-06-30,32.0,0,0.0,0,0
REGRETTED_TURNOVER_12M,IE,Sales,2023Q3,2023-09-30,35.5,0,0.0,0,0
REGRETTED_TURNOVER_12M,IE,Sales,2023Q4,2023-12-31,38.0,0,0.0,0,0
REGRETTED_TURNOVER_12M,IE,Sales,2024Q1,2024-03-31,40.5,1,0.024691358024691357,0,0
REGRETTED_TURNOVER_12M,IE,Sales,2024Q2,2024-06-30,41.5,1,0.024096385542168676,0,0
REGRETTED_TURNOVER_12M,IE,Sales,2024Q3,2024-09-30,43.5,1,0.022988505747126436,0,0
REGRETTED_TURNOVER_12M,IE,Sales,2024Q4,2024-12-31,45.0,3,0.06666666666666667,0,0
REGRETTED_TURNOVER_12M,IE,Sales,2025Q1,2025-03-31,46.0,2,0.043478260869565216,0,0
REGRETTED_TURNOVER_12M,IE,Sales,2025Q2,2025-06-30,51.5,2,0.038834951456310676,0,0
REGRETTED_TURNOVER_12M,IE,Sales,2025Q3,2025-09-30,52.5,2,0.0380952380952381,0,0
REGRETTED_TURNOVER_12M,IE,Sales,2025Q4,2025-12-31,49.0,4,0.08163265306122448,0,0
REGRETTED_TURNOVER_12M,IE,Supply Chain,2021Q4,2021-12-31,28.5,1,0.03508771929824561,0,0
REGRETTED_TURNOVER_12M,IE,Supply Chain,2022Q1,2022-03-31,29.0,0,0.0,0,1
REGRETTED_TURNOVER_12M,IE,Supply Chain,2022Q2,2022-06-30,32.0,1,0.03125,0,1
REGRETTED_TURNOVER_12M,IE,Supply Chain,2022Q3,2022-09-30,37.0,1,0.02702702702702703,0,1
REGRETTED_TURNOVER_12M,IE,Supply Chain,2022Q4,2022-12-31,40.0,2,0.05,0,1
REGRETTED_TURNOVER_12M,IE,Supply Chain,2023Q1,2023-03-31,43.0,2,0.046511627906976744,0,0
REGRETTED_TURNOVER_12M,IE,Supply Chain,2023Q2,2023-06-30,48.0,1,0.020833333333333332,0,0
REGRETTED_TURNOVER_12M,IE,Supply Chain,2023Q3,2023-09-30,52.0,2,0.038461538461538464,0,0
REGRETTED_TURNOVER_12M,IE,Supply Chain,2023Q4,2023-12-31,53.0,1,0.018867924528301886,0,1
REGRETTED_TURNOVER_12M,IE,Supply Chain,2024Q1,2024-03-31,57.5,1,0.017391304347826087,0,1
REGRETTED_TURNOVER_12M,IE,Supply Chain,2024Q2,2024-06-30,62.0,1,0.016129032258064516,0,2
REGRETTED_TURNOVER_12M,IE,Supply Chain,2024Q3,2024-09-30,65.5,0,0.0,0,2
REGRETTED_TURNOVER_12M,IE,Supply Chain,2024Q4,2024-12-31,67.0,0,0.0,0,1
REGRETTED_TURNOVER_12M,IE,Supply Chain,2025Q1,2025-03-31,70.0,0,0.0,0,1
REGRETTED_TURNOVER_12M,IE,Supply Chain,2025Q2,2025-06-30,72.0,1,0.013888888888888888,0,0
REGRETTED_TURNOVER_12M,IE,Supply Chain,2025Q3,2025-09-30,75.0,2,0.02666666666666667,0,0
REGRETTED_TURNOVER_12M,IE,Supply Chain,2025Q4,2025-12-31,75.5,2,0.026490066225165563,0,0
REGRETTED_TURNOVER_12M,IT,ALL,2021Q4,2021-12-31,100.5,5,0.04975124378109453,0,2
REGRETTED_TURNOVER_12M,IT,ALL,2022Q1,2022-03-31,117.0,3,0.02564102564102564,0,1
REGRETTED_TURNOVER_12M,IT,ALL,2022Q2,2022-06-30,125.5,4,0.03187250996015936,0,1
REGRETTED_TURNOVER_12M,IT,ALL,2022Q3,2022-09-30,144.0,3,0.020833333333333332,0,1
REGRETTED_TURNOVER_12M,IT,ALL,2022Q4,2022-12-31,158.0,3,0.0189873417721519,0,0
REGRETTED_TURNOVER_12M,IT,ALL,2023Q1,2023-03-31,175.5,3,0.017094017094017096,0,0
REGRETTED_TURNOVER_12M,IT,ALL,2023Q2,2023-06-30,183.5,4,0.021798365122615803,0,1
REGRETTED_TURNOVER_12M,IT,ALL,2023Q3,2023-09-30,199.0,6,0.03015075376884422,0,1
REGRETTED_TURNOVER_12M,IT,ALL,2023Q4,2023-12-31,212.5,9,0.042352941176470586,0,1
REGRETTED_TURNOVER_12M,IT,ALL,2024Q1,2024-03-31,221.0,11,0.049773755656108594,0,1
REGRETTED_TURNOVER_12M,IT,ALL,2024Q2,2024-06-30,232.0,14,0.0603448275862069,0,0
REGRETTED_TURNOVER_12M,IT,ALL,2024Q3,2024-09-30,245.0,13,0.053061224489795916,0,0
REGRETTED_TURNOVER_12M,IT,ALL,2024Q4,2024-12-31,252.5,12,0.047524752475247525,0,0
REGRETTED_TURNOVER_12M,IT,ALL,2025Q1,2025-03-31,256.5,10,0.03898635477582846,0,0
REGRETTED_TURNOVER_12M,IT,ALL,2025Q2,2025-06-30,263.0,10,0.03802281368821293,0,0
REGRETTED_TURNOVER_12M,IT,ALL,2025Q3,2025-09-30,274.0,13,0.04744525547445255,0,0
REGRETTED_TURNOVER_12M,IT,ALL,2025Q4,2025-12-31,275.0,14,0.05090909090909091,0,0
REGRETTED_TURNOVER_12M,IT,Digital,2021Q4,2021-12-31,26.0,2,0.07692307692307693,0,1
REGRETTED_TURNOVER_12M,IT,Digital,2022Q1,2022-03-31,32.5,2,0.06153846153846154,0,1
REGRETTED_TURNOVER_12M,IT,Digital,2022Q2,2022-06-30,35.5,3,0.08450704225352113,0,1
REGRETTED_TURNOVER_12M,IT,Digital,2022Q3,2022-09-30,39.5,2,0.05063291139240506,0,1
REGRETTED_TURNOVER_12M,IT,Digital,2022Q4,2022-12-31,43.0,2,0.046511627906976744,0,0
REGRETTED_TURNOVER_12M,IT,Digital,2023Q1,2023-03-31,48.0,2,0.041666666666666664,0,0
REGRETTED_TURNOVER_12M,IT,Digital,2023Q2,2023-06-30,50.5,1,0.019801980198019802,0,0
REGRETTED_TURNOVER_12M,IT,Digital,2023Q3,2023-09-30,53.5,2,0.037383177570093455,0,0
REGRETTED_TURNOVER_12M,IT,Digital,2023Q4,2023-12-31,56.0,3,0.05357142857142857,0,0
REGRETTED_TURNOVER_12M,IT,Digital,2024Q1,2024-03-31,54.5,4,0.07339449541284404,0,0
REGRETTED_TURNOVER_12M,IT,Digital,2024Q2,2024-06-30,58.5,5,0.08547008547008547,0,0
REGRETTED_TURNOVER_12M,IT,Digital,2024Q3,2024-09-30,61.0,4,0.06557377049180328,0,0
REGRETTED_TURNOVER_12M,IT,Digital,2024Q4,2024-12-31,63.5,4,0.06299212598425197,0,0
REGRETTED_TURNOVER_12M,IT,Digital,2025Q1,2025-03-31,63.5,2,0.031496062992125984,0,0
REGRETTED_TURNOVER_12M,IT,Digital,2025Q2,2025-06-30,66.0,3,0.045454545454545456,0,0
REGRETTED_TURNOVER_12M,IT,Digital,2025Q3,2025-09-30,69.0,3,0.043478260869565216,0,0
REGRETTED_TURNOVER_12M,IT,Digital,2025Q4,2025-12-31,72.5,3,0.041379310344827586,0,0
REGRETTED_TURNOVER_12M,IT,Finance,2021Q4,2021-12-31,25.5,2,0.0784313725490196,0,1
REGRETTED_TURNOVER_12M,IT,Finance,2022Q1,2022-03-31,28.0,1,0.03571428571428571,0,0
REGRETTED_TURNOVER_12M,IT,Finance,2022Q2,2022-06-30,30.0,1,0.03333333333333333,0,0
REGRETTED_TURNOVER_12M,IT,Finance,2022Q3,2022-09-30,36.5,1,0.0273972602739726,0,0
REGRETTED_TURNOVER_12M,IT,Finance,2022Q4,2022-12-31,40.5,0,0.0,0,0
REGRETTED_TURNOVER_12M,IT,Finance,2023Q1,2023-03-31,44.5,0,0.0,0,0
REGRETTED_TURNOVER_12M,IT,Finance,2023Q2,2023-06-30,46.0,0,0.0,0,0
REGRETTED_TURNOVER_12M,IT,Finance,2023Q3,2023-09-30,53.0,0,0.0,0,0
REGRETTED_TURNOVER_12M,IT,Finance,2023Q4,2023-12-31,61.0,1,0.01639344262295082,0,0
REGRETTED_TURNOVER_12M,IT,Finance,2024Q1,2024-03-31,65.0,1,0.015384615384615385,0,0
REGRETTED_TURNOVER_12M,IT,Finance,2024Q2,2024-06-30,65.0,3,0.046153846153846156,0,0
REGRETTED_TURNOVER_12M,IT,Finance,2024Q3,2024-09-30,70.0,3,0.04285714285714286,0,0
REGRETTED_TURNOVER_12M,IT,Finance,2024Q4,2024-12-31,74.5,2,0.026845637583892617,0,0
REGRETTED_TURNOVER_12M,IT,Finance,2025Q1,2025-03-31,77.5,3,0.03870967741935484,0,0
REGRETTED_TURNOVER_12M,IT,Finance,2025Q2,2025-06-30,75.5,3,0.039735099337748346,0,0
REGRETTED_TURNOVER_12M,IT,Finance,2025Q3,2025-09-30,79.0,4,0.05063291139240506,0,0
REGRETTED_TURNOVER_12M,IT,Finance,2025Q4,2025-12-31,78.0,5,0.0641025641025641,0,0
REGRETTED_TURNOVER_12M,IT,Sales,2021Q4,2021-12-31,26.0,1,0.038461538461538464,0,0
REGRETTED_TURNOVER_12M,IT,Sales,2022Q1,2022-03-31,28.5,0,0.0,0,0
REGRETTED_TURNOVER_12M,IT,Sales,2022Q2,2022-06-30,30.0,0,0.0,0,0
REGRETTED_TURNOVER_12M,IT,Sales,2022Q3,2022-09-30,34.0,0,0.0,0,0
REGRETTED_TURNOVER_12M,IT,Sales,2022Q4,2022-12-31,38.0,0,0.0,0,0
REGRETTED_TURNOVER_12M,IT,Sales,2023Q1,2023-03-31,41.0,0,0.0,0,0
REGRETTED_TURNOVER_12M,IT,Sales,2023Q2,2023-06-30,44.5,2,0.0449438202247191,0,0
REGRETTED_TURNOVER_12M,IT,Sales,2023Q3,2023-09-30,47.5,3,0.06315789473684211,0,0
REGRETTED_TURNOVER_12M,IT,Sales,2023Q4,2023-12-31,48.0,5,0.10416666666666667,0,0
REGRETTED_TURNOVER_12M,IT,Sales,2024Q1,2024-03-31,50.5,5,0.09900990099009901,0,0
REGRETTED_TURNOVER_12M,IT,Sales,2024Q2,2024-06-30,57.0,5,0.08771929824561403,0,0
REGRETTED_TURNOVER_12M,IT,Sales,2024Q3,2024-09-30,59.5,4,0.06722689075630252,0,0
REGRETTED_TURNOVER_12M,IT,Sales,2024Q4,2024-12-31,58.5,3,0.05128205128205128,0,0
REGRETTED_TURNOVER_12M,IT,Sales,2025Q1,2025-03-31,59.5,3,0.05042016806722689,0,0
REGRETTED_TURNOVER_12M,IT,Sales,2025Q2,2025-06-30,63.5,2,0.031496062992125984,0,0
REGRETTED_TURNOVER_12M,IT,Sales,2025Q3,2025-09-30,66.0,4,0.06060606060606061,0,0
REGRETTED_TURNOVER_12M,IT,Sales,2025Q4,2025-12-31,64.0,4,0.0625,0,0
REGRETTED_TURNOVER_12M,IT,Supply Chain,2021Q4,2021-12-31,23.0,0,0.0,0,0
REGRETTED_TURNOVER_12M,IT,Supply Chain,2022Q1,2022-03-31,28.0,0,0.0,0,0
REGRETTED_TURNOVER_12M,IT,Supply Chain,2022Q2,2022-06-30,30.0,0,0.0,0,0
REGRETTED_TURNOVER_12M,IT,Supply Chain,2022Q3,2022-09-30,34.0,0,0.0,0,0
REGRETTED_TURNOVER_12M,IT,Supply Chain,2022Q4,2022-12-31,36.5,1,0.0273972602739726,0,0
REGRETTED_TURNOVER_12M,IT,Supply Chain,2023Q1,2023-03-31,42.0,1,0.023809523809523808,0,0
REGRETTED_TURNOVER_12M,IT,Supply Chain,2023Q2,2023-06-30,42.5,1,0.023529411764705882,0,1
REGRETTED_TURNOVER_12M,IT,Supply Chain,2023Q3,2023-09-30,45.0,1,0.022222222222222223,0,1
REGRETTED_TURNOVER_12M,IT,Supply Chain,2023Q4,2023-12-31,47.5,0,0.0,0,1
REGRETTED_TURNOVER_12M,IT,Supply Chain,2024Q1,2024-03-31,51.0,1,0.0196078431372549,0,1
REGRETTED_TURNOVER_12M,IT,Supply Chain,2024Q2,2024-06-30,51.5,1,0.019417475728155338,0,0
REGRETTED_TURNOVER_12M,IT,Supply Chain,2024Q3,2024-09-30,54.5,2,0.03669724770642202,0,0
REGRETTED_TURNOVER_12M,IT,Supply Chain,2024Q4,2024-12-31,56.0,3,0.05357142857142857,0,0
REGRETTED_TURNOVER_12M,IT,Supply Chain,2025Q1,2025-03-31,56.0,2,0.03571428571428571,0,0
REGRETTED_TURNOVER_12M,IT,Supply Chain,2025Q2,2025-06-30,58.0,2,0.034482758620689655,0,0
REGRETTED_TURNOVER_12M,IT,Supply Chain,2025Q3,2025-09-30,60.0,2,0.03333333333333333,0,0
REGRETTED_TURNOVER_12M,IT,Supply Chain,2025Q4,2025-12-31,60.5,2,0.03305785123966942,0,0
REGRETTED_TURNOVER_12M,PL,ALL,2021Q4,2021-12-31,92.0,4,0.043478260869565216,0,0
REGRETTED_TURNOVER_12M,PL,ALL,2022Q1,2022-03-31,99.0,2,0.020202020202020204,0,1
REGRETTED_TURNOVER_12M,PL,ALL,2022Q2,2022-06-30,117.0,2,0.017094017094017096,0,1
REGRETTED_TURNOVER_12M,PL,ALL,2022Q3,2022-09-30,128.5,4,0.0311284046692607,0,1
REGRETTED_TURNOVER_12M,PL,ALL,2022Q4,2022-12-31,151.5,6,0.039603960396039604,0,1
REGRETTED_TURNOVER_12M,PL,ALL,2023Q1,2023-03-31,157.0,5,0.03184713375796178,0,0
REGRETTED_TURNOVER_12M,PL,ALL,2023Q2,2023-06-30,176.0,5,0.028409090909090908,0,0
REGRETTED_TURNOVER_12M,PL,ALL,2023Q3,2023-09-30,183.0,5,0.0273224043715847,0,0
REGRETTED_TURNOVER_12M,PL,ALL,2023Q4,2023-12-31,198.0,6,0.030303030303030304,0,0
REGRETTED_TURNOVER_12M,PL,ALL,2024Q1,2024-03-31,205.0,7,0.03414634146341464,0,0
REGRETTED_TURNOVER_12M,PL,ALL,2024Q2,2024-06-30,216.5,8,0.03695150115473441,0,0
REGRETTED_TURNOVER_12M,PL,ALL,2024Q3,2024-09-30,228.0,7,0.03070175438596491,0,0
REGRETTED_TURNOVER_12M,PL,ALL,2024Q4,2024-12-31,236.5,5,0.021141649048625793,0,0
REGRETTED_TURNOVER_12M,PL,ALL,2025Q1,2025-03-31,244.0,7,0.028688524590163935,0,0
REGRETTED_TURNOVER_12M,PL,ALL,2025Q2,2025-06-30,250.5,6,0.023952095808383235,0,1
REGRETTED_TURNOVER_12M,PL,ALL,2025Q3,2025-09-30,259.5,6,0.023121387283236993,0,1
REGRETTED_TURNOVER_12M,PL,ALL,2025Q4,2025-12-31,264.0,9,0.03409090909090909,0,1
REGRETTED_TURNOVER_12M,PL,Digital,2021Q4,2021-12-31,22.0,1,0.045454545454545456,0,0
REGRETTED_TURNOVER_12M,PL,Digital,2022Q1,2022-03-31,21.5,0,0.0,0,1
REGRETTED_TURNOVER_12M,PL,Digital,2022Q2,2022-06-30,24.0,1,0.041666666666666664,0,1
REGRETTED_TURNOVER_12M,PL,Digital,2022Q3,2022-09-30,27.0,1,0.037037037037037035,0,1
REGRETTED_TURNOVER_12M,PL,Digital,2022Q4,2022-12-31,30.5,3,0.09836065573770492,0,1
REGRETTED_TURNOVER_12M,PL,Digital,2023Q1,2023-03-31,31.5,3,0.09523809523809523,0,0
REGRETTED_TURNOVER_12M,PL,Digital,2023Q2,2023-06-30,35.0,2,0.05714285714285714,0,0
REGRETTED_TURNOVER_12M,PL,Digital,2023Q3,2023-09-30,39.5,2,0.05063291139240506,0,0
REGRETTED_TURNOVER_12M,PL,Digital,2023Q4,2023-12-31,40.5,1,0.024691358024691357,0,0
REGRETTED_TURNOVER_12M,PL,Digital,2024Q1,2024-03-31,42.0,1,0.023809523809523808,0,0
REGRETTED_TURNOVER_12M,PL,Digital,2024Q2,2024-06-30,45.0,2,0.044444444444444446,0,0
REGRETTED_TURNOVER_12M,PL,Digital,2024Q3,2024-09-30,50.0,2,0.04,0,0
REGRETTED_TURNOVER_12M,PL,Digital,2024Q4,2024-12-31,51.5,2,0.038834951456310676,0,0
REGRETTED_TURNOVER_12M,PL,Digital,2025Q1,2025-03-31,52.0,3,0.057692307692307696,0,0
REGRETTED_TURNOVER_12M,PL,Digital,2025Q2,2025-06-30,53.5,2,0.037383177570093455,0,0
REGRETTED_TURNOVER_12M,PL,Digital,2025Q3,2025-09-30,56.5,2,0.035398230088495575,0,0
REGRETTED_TURNOVER_12M,PL,Digital,2025Q4,2025-12-31,56.5,2,0.035398230088495575,0,0
REGRETTED_TURNOVER_12M,PL,Finance,2021Q4,2021-12-31,28.0,2,0.07142857142857142,0,0
REGRETTED_TURNOVER_12M,PL,Finance,2022Q1,2022-03-31,29.0,1,0.034482758620689655,0,0
REGRETTED_TURNOVER_12M,PL,Finance,2022Q2,2022-06-30,34.5,0,0.0,0,0
REGRETTED_TURNOVER_12M,PL,Finance,2022Q3,2022-09-30,38.0,1,0.02631578947368421,0,0
REGRETTED_TURNOVER_12M,PL,Finance,2022Q4,2022-12-31,44.0,1,0.022727272727272728,0,0
REGRETTED_TURNOVER_12M,PL,Finance,2023Q1,2023-03-31,44.0,1,0.022727272727272728,0,0
REGRETTED_TURNOVER_12M,PL,Finance,2023Q2,2023-06-30,48.0,1,0.020833333333333332,0,0
REGRETTED_TURNOVER_12M,PL,Finance,2023Q3,2023-09-30,49.5,1,0.020202020202020204,0,0
REGRETTED_TURNOVER_12M,PL,Finance,2023Q4,2023-12-31,54.5,1,0.01834862385321101,0,0
REGRETTED_TURNOVER_12M,PL,Finance,2024Q1,2024-03-31,54.5,1,0.01834862385321101,0,0
REGRETTED_TURNOVER_12M,PL,Finance,2024Q2,2024-06-30,58.5,1,0.017094017094017096,0,0
REGRETTED_TURNOVER_12M,PL,Finance,2024Q3,2024-09-30,60.0,1,0.016666666666666666,0,0
REGRETTED_TURNOVER_12M,PL,Finance,2024Q4,2024-12-31,64.0,1,0.015625,0,0
REGRETTED_TURNOVER_12M,PL,Finance,2025Q1,2025-03-31,64.5,3,0.046511627906976744,0,0
REGRETTED_TURNOVER_12M,PL,Finance,2025Q2,2025-06-30,68.0,3,0.04411764705882353,0,1
REGRETTED_TURNOVER_12M,PL,Finance,2025Q3,2025-09-30,71.0,2,0.028169014084507043,0,1
REGRETTED_TURNOVER_12M,PL,Finance,2025Q4,2025-12-31,74.5,4,0.053691275167785234,0,1
REGRETTED_TURNOVER_12M,PL,Sales,2021Q4,2021-12-31,20.5,0,0.0,0,0
REGRETTED_TURNOVER_12M,PL,Sales,2022Q1,2022-03-31,22.0,0,0.0,0,0
REGRETTED_TURNOVER_12M,PL,Sales,2022Q2,2022-06-30,26.0,0,0.0,0,0
REGRETTED_TURNOVER_12M,PL,Sales,2022Q3,2022-09-30,29.0,0,0.0,0,0
REGRETTED_TURNOVER_12M,PL,Sales,2022Q4,2022-12-31,34.5,0,0.0,0,0
REGRETTED_TURNOVER_12M,PL,Sales,2023Q1,2023-03-31,36.5,0,0.0,0,0
REGRETTED_TURNOVER_12M,PL,Sales,2023Q2,2023-06-30,41.5,0,0.0,0,0
REGRETTED_TURNOVER_12M,PL,Sales,2023Q3,2023-09-30,42.0,1,0.023809523809523808,0,0
REGRETTED_TURNOVER_12M,PL,Sales,2023Q4,2023-12-31,44.5,3,0.06741573033707865,0,0
REGRETTED_TURNOVER_12M,PL,Sales,2024Q1,2024-03-31,46.5,3,0.06451612903225806,0,0
REGRETTED_TURNOVER_12M,PL,Sales,2024Q2,2024-06-30,49.0,4,0.08163265306122448,0,0
REGRETTED_TURNOVER_12M,PL,Sales,2024Q3,2024-09-30,50.0,3,0.06,0,0
REGRETTED_TURNOVER_12M,PL,Sales,2024Q4,2024-12-31,49.0,1,0.02040816326530612,0,0
REGRETTED_TURNOVER_12M,PL,Sales,2025Q1,2025-03-31,52.0,1,0.019230769230769232,0,0
REGRETTED_TURNOVER_12M,PL,Sales,2025Q2,2025-06-30,52.0,1,0.019230769230769232,0,0
REGRETTED_TURNOVER_12M,PL,Sales,2025Q3,2025-09-30,53.5,1,0.018691588785046728,0,0
REGRETTED_TURNOVER_12M,PL,Sales,2025Q4,2025-12-31,53.5,1,0.018691588785046728,0,0
REGRETTED_TURNOVER_12M,PL,Supply Chain,2021Q4,2021-12-31,21.5,1,0.046511627906976744,0,0
REGRETTED_TURNOVER_12M,PL,Supply Chain,2022Q1,2022-03-31,26.5,1,0.03773584905660377,0,0
REGRETTED_TURNOVER_12M,PL,Supply Chain,2022Q2,2022-06-30,32.5,1,0.03076923076923077,0,0
REGRETTED_TURNOVER_12M,PL,Supply Chain,2022Q3,2022-09-30,34.5,2,0.057971014492753624,0,0
REGRETTED_TURNOVER_12M,PL,Supply Chain,2022Q4,2022-12-31,42.5,2,0.047058823529411764,0,0
REGRETTED_TURNOVER_12M,PL,Supply Chain,2023Q1,2023-03-31,45.0,1,0.022222222222222223,0,0
REGRETTED_TURNOVER_12M,PL,Supply Chain,2023Q2,2023-06-30,51.5,2,0.038834951456310676,0,0
REGRETTED_TURNOVER_12M,PL,Supply Chain,2023Q3,2023-09-30,52.0,1,0.019230769230769232,0,0
REGRETTED_TURNOVER_12M,PL,Supply Chain,2023Q4,2023-12-31,58.5,1,0.017094017094017096,0,0
REGRETTED_TURNOVER_12M,PL,Supply Chain,2024Q1,2024-03-31,62.0,2,0.03225806451612903,0,0
REGRETTED_TURNOVER_12M,PL,Supply Chain,2024Q2,2024-06-30,64.0,1,0.015625,0,0
REGRETTED_TURNOVER_12M,PL,Supply Chain,2024Q3,2024-09-30,68.0,1,0.014705882352941176,0,0
REGRETTED_TURNOVER_12M,PL,Supply Chain,2024Q4,2024-12-31,72.0,1,0.013888888888888888,0,0
REGRETTED_TURNOVER_12M,PL,Supply Chain,2025Q1,2025-03-31,75.5,0,0.0,0,0
REGRETTED_TURNOVER_12M,PL,Supply Chain,2025Q2,2025-06-30,77.0,0,0.0,0,0
REGRETTED_TURNOVER_12M,PL,Supply Chain,2025Q3,2025-09-30,78.5,1,0.012738853503184714,0,0
REGRETTED_TURNOVER_12M,PL,Supply Chain,2025Q4,2025-12-31,79.5,2,0.025157232704402517,0,0
REGRETTED_TURNOVER_12M,RO,ALL,2021Q4,2021-12-31,74.5,5,0.06711409395973154,0,0
REGRETTED_TURNOVER_12M,RO,ALL,2022Q1,2022-03-31,84.5,5,0.05917159763313609,0,0
REGRETTED_TURNOVER_12M,RO,ALL,2022Q2,2022-06-30,100.0,4,0.04,0,0
REGRETTED_TURNOVER_12M,RO,ALL,2022Q3,2022-09-30,109.0,4,0.03669724770642202,0,0
REGRETTED_TURNOVER_12M,RO,ALL,2022Q4,2022-12-31,118.0,8,0.06779661016949153,0,0
REGRETTED_TURNOVER_12M,RO,ALL,2023Q1,2023-03-31,125.5,10,0.0796812749003984,0,0
REGRETTED_TURNOVER_12M,RO,ALL,2023Q2,2023-06-30,141.5,10,0.0706713780918728,0,0
REGRETTED_TURNOVER_12M,RO,ALL,2023Q3,2023-09-30,151.0,12,0.07947019867549669,0,0
REGRETTED_TURNOVER_12M,RO,ALL,2023Q4,2023-12-31,159.5,9,0.05642633228840126,0,0
REGRETTED_TURNOVER_12M,RO,ALL,2024Q1,2024-03-31,174.0,6,0.034482758620689655,0,0
REGRETTED_TURNOVER_12M,RO,ALL,2024Q2,2024-06-30,187.5,6,0.032,0,0
REGRETTED_TURNOVER_12M,RO,ALL,2024Q3,2024-09-30,204.0,4,0.0196078431372549,0,0
REGRETTED_TURNOVER_12M,RO,ALL,2024Q4,2024-12-31,212.5,4,0.018823529411764704,0,0
REGRETTED_TURNOVER_12M,RO,ALL,2025Q1,2025-03-31,226.0,9,0.03982300884955752,0,0
REGRETTED_TURNOVER_12M,RO,ALL,2025Q2,2025-06-30,237.0,10,0.04219409282700422,0,0
REGRETTED_TURNOVER_12M,RO,ALL,2025Q3,2025-09-30,247.5,11,0.044444444444444446,0,0
REGRETTED_TURNOVER_12M,RO,ALL,2025Q4,2025-12-31,245.5,17,0.06924643584521385,0,0
REGRETTED_TURNOVER_12M,RO,Digital,2021Q4,2021-12-31,19.0,2,0.10526315789473684,0,0
REGRETTED_TURNOVER_12M,RO,Digital,2022Q1,2022-03-31,22.5,1,0.044444444444444446,0,0
REGRETTED_TURNOVER_12M,RO,Digital,2022Q2,2022-06-30,24.5,0,0.0,0,0
REGRETTED_TURNOVER_12M,RO,Digital,2022Q3,2022-09-30,26.0,1,0.038461538461538464,0,0
REGRETTED_TURNOVER_12M,RO,Digital,2022Q4,2022-12-31,30.0,1,0.03333333333333333,0,0
REGRETTED_TURNOVER_12M,RO,Digital,2023Q1,2023-03-31,31.5,2,0.06349206349206349,0,0
REGRETTED_TURNOVER_12M,RO,Digital,2023Q2,2023-06-30,37.0,2,0.05405405405405406,0,0
REGRETTED_TURNOVER_12M,RO,Digital,2023Q3,2023-09-30,37.0,4,0.10810810810810811,0,0
REGRETTED_TURNOVER_12M,RO,Digital,2023Q4,2023-12-31,38.5,5,0.12987012987012986,0,0
REGRETTED_TURNOVER_12M,RO,Digital,2024Q1,2024-03-31,43.0,4,0.09302325581395349,0,0
REGRETTED_TURNOVER_12M,RO,Digital,2024Q2,2024-06-30,47.5,4,0.08421052631578947,0,0
REGRETTED_TURNOVER_12M,RO,Digital,2024Q3,2024-09-30,51.5,2,0.038834951456310676,0,0
REGRETTED_TURNOVER_12M,RO,Digital,2024Q4,2024-12-31,52.5,1,0.01904761904761905,0,0
REGRETTED_TURNOVER_12M,RO,Digital,2025Q1,2025-03-31,58.0,2,0.034482758620689655,0,0
REGRETTED_TURNOVER_12M,RO,Digital,2025Q2,2025-06-30,59.5,2,0.03361344537815126,0,0
REGRETTED_TURNOVER_12M,RO,Digital,2025Q3,2025-09-30,64.0,2,0.03125,0,0
REGRETTED_TURNOVER_12M,RO,Digital,2025Q4,2025-12-31,63.5,3,0.047244094488188976,0,0
REGRETTED_TURNOVER_12M,RO,Finance,2021Q4,2021-12-31,20.5,0,0.0,0,0
REGRETTED_TURNOVER_12M,RO,Finance,2022Q1,2022-03-31,23.0,0,0.0,0,0
REGRETTED_TURNOVER_12M,RO,Finance,2022Q2,2022-06-30,26.5,0,0.0,0,0
REGRETTED_TURNOVER_12M,RO,Finance,2022Q3,2022-09-30,30.5,0,0.0,0,0
REGRETTED_TURNOVER_12M,RO,Finance,2022Q4,2022-12-31,32.5,3,0.09230769230769231,0,0
REGRETTED_TURNOVER_12M,RO,Finance,2023Q1,2023-03-31,36.0,4,0.1111111111111111,0,0
REGRETTED_TURNOVER_12M,RO,Finance,2023Q2,2023-06-30,37.0,4,0.10810810810810811,0,0
REGRETTED_TURNOVER_12M,RO,Finance,2023Q3,2023-09-30,43.0,4,0.09302325581395349,0,0
REGRETTED_TURNOVER_12M,RO,Finance,2023Q4,2023-12-31,44.5,2,0.0449438202247191,0,0
REGRETTED_TURNOVER_12M,RO,Finance,2024Q1,2024-03-31,50.5,1,0.019801980198019802,0,0
REGRETTED_TURNOVER_12M,RO,Finance,2024Q2,2024-06-30,51.5,1,0.019417475728155338,0,0
REGRETTED_TURNOVER_12M,RO,Finance,2024Q3,2024-09-30,57.0,1,0.017543859649122806,0,0
REGRETTED_TURNOVER_12M,RO,Finance,2024Q4,2024-12-31,59.5,0,0.0,0,0
REGRETTED_TURNOVER_12M,RO,Finance,2025Q1,2025-03-31,64.0,1,0.015625,0,0
REGRETTED_TURNOVER_12M,RO,Finance,2025Q2,2025-06-30,66.0,1,0.015151515151515152,0,0
REGRETTED_TURNOVER_12M,RO,Finance,2025Q3,2025-09-30,67.0,2,0.029850746268656716,0,0
REGRETTED_TURNOVER_12M,RO,Finance,2025Q4,2025-12-31,68.0,6,0.08823529411764706,0,0
REGRETTED_TURNOVER_12M,RO,Sales,2021Q4,2021-12-31,19.0,1,0.05263157894736842,0,0
REGRETTED_TURNOVER_12M,RO,Sales,2022Q1,2022-03-31,22.5,1,0.044444444444444446,0,0
REGRETTED_TURNOVER_12M,RO,Sales,2022Q2,2022-06-30,26.5,1,0.03773584905660377,0,0
REGRETTED_TURNOVER_12M,RO,Sales,2022Q3,2022-09-30,28.5,2,0.07017543859649122,0,0
REGRETTED_TURNOVER_12M,RO,Sales,2022Q4,2022-12-31,30.5,2,0.06557377049180328,0,0
REGRETTED_TURNOVER_12M,RO,Sales,2023Q1,2023-03-31,31.5,3,0.09523809523809523,0,0
REGRETTED_TURNOVER_12M,RO,Sales,2023Q2,2023-06-30,37.0,3,0.08108108108108109,0,0
REGRETTED_TURNOVER_12M,RO,Sales,2023Q3,2023-09-30,38.5,3,0.07792207792207792,0,0
REGRETTED_TURNOVER_12M,RO,Sales,2023Q4,2023-12-31,42.0,2,0.047619047619047616,0,0
REGRETTED_TURNOVER_12M,RO,Sales,2024Q1,2024-03-31,42.0,1,0.023809523809523808,0,0
REGRETTED_TURNOVER_12M,RO,Sales,2024Q2,2024-06-30,46.5,1,0.021505376344086023,0,0
REGRETTED_TURNOVER_12M,RO,Sales,2024Q3,2024-09-30,51.0,1,0.0196078431372549,0,0
REGRETTED_TURNOVER_12M,RO,Sales,2024Q4,2024-12-31,53.0,2,0.03773584905660377,0,0
REGRETTED_TURNOVER_12M,RO,Sales,2025Q1,2025-03-31,55.0,4,0.07272727272727272,0,0
REGRETTED_TURNOVER_12M,RO,Sales,2025Q2,2025-06-30,59.0,5,0.0847457627118644,0,0
REGRETTED_TURNOVER_12M,RO,Sales,2025Q3,2025-09-30,62.5,5,0.08,0,0
REGRETTED_TURNOVER_12M,RO,Sales,2025Q4,2025-12-31,60.5,6,0.09917355371900827,0,0
REGRETTED_TURNOVER_12M,RO,Supply Chain,2021Q4,2021-12-31,16.0,2,0.125,0,0
REGRETTED_TURNOVER_12M,RO,Supply Chain,2022Q1,2022-03-31,16.5,3,0.18181818181818182,0,0
REGRETTED_TURNOVER_12M,RO,Supply Chain,2022Q2,2022-06-30,22.5,3,0.13333333333333333,0,0
REGRETTED_TURNOVER_12M,RO,Supply Chain,2022Q3,2022-09-30,24.0,1,0.041666666666666664,0,0
REGRETTED_TURNOVER_12M,RO,Supply Chain,2022Q4,2022-12-31,25.0,2,0.08,0,0
REGRETTED_TURNOVER_12M,RO,Supply Chain,2023Q1,2023-03-31,26.5,1,0.03773584905660377,0,0
REGRETTED_TURNOVER_12M,RO,Supply Chain,2023Q2,2023-06-30,30.5,1,0.03278688524590164,0,0
REGRETTED_TURNOVER_12M,RO,Supply Chain,2023Q3,2023-09-30,32.5,1,0.03076923076923077,0,0
REGRETTED_TURNOVER_12M,RO,Supply Chain,2023Q4,2023-12-31,34.5,0,0.0,0,0
REGRETTED_TURNOVER_12M,RO,Supply Chain,2024Q1,2024-03-31,38.5,0,0.0,0,0
REGRETTED_TURNOVER_12M,RO,Supply Chain,2024Q2,2024-06-30,42.0,0,0.0,0,0
REGRETTED_TURNOVER_12M,RO,Supply Chain,2024Q3,2024-09-30,44.5,0,0.0,0,0
REGRETTED_TURNOVER_12M,RO,Supply Chain,2024Q4,2024-12-31,47.5,1,0.021052631578947368,0,0
REGRETTED_TURNOVER_12M,RO,Supply Chain,2025Q1,2025-03-31,49.0,2,0.04081632653061224,0,0
REGRETTED_TURNOVER_12M,RO,Supply Chain,2025Q2,2025-06-30,52.5,2,0.0380952380952381,0,0
REGRETTED_TURNOVER_12M,RO,Supply Chain,2025Q3,2025-09-30,54.0,2,0.037037037037037035,0,0
REGRETTED_TURNOVER_12M,RO,Supply Chain,2025Q4,2025-12-31,53.5,2,0.037383177570093455,0,0
SENIOR_HIRE_12M,ALL,ALL,2021Q1,2021-03-31,14.0,13,0.9285714285714286,0,0
SENIOR_HIRE_12M,ALL,ALL,2021Q2,2021-06-30,5.0,4,0.8,0,0
SENIOR_HIRE_12M,ALL,ALL,2021Q3,2021-09-30,21.0,13,0.6190476190476191,0,0
SENIOR_HIRE_12M,ALL,ALL,2021Q4,2021-12-31,22.0,15,0.6818181818181818,0,0
SENIOR_HIRE_12M,ALL,ALL,2022Q1,2022-03-31,16.0,13,0.8125,0,0
SENIOR_HIRE_12M,ALL,ALL,2022Q2,2022-06-30,20.0,17,0.85,0,0
SENIOR_HIRE_12M,ALL,ALL,2022Q3,2022-09-30,21.0,14,0.6666666666666666,0,0
SENIOR_HIRE_12M,ALL,ALL,2022Q4,2022-12-31,13.0,11,0.8461538461538461,0,0
SENIOR_HIRE_12M,ALL,ALL,2023Q1,2023-03-31,15.0,12,0.8,0,0
SENIOR_HIRE_12M,ALL,ALL,2023Q2,2023-06-30,16.0,13,0.8125,0,0
SENIOR_HIRE_12M,ALL,ALL,2023Q3,2023-09-30,14.0,11,0.7857142857142857,0,0
SENIOR_HIRE_12M,ALL,ALL,2023Q4,2023-12-31,21.0,17,0.8095238095238095,0,0
SENIOR_HIRE_12M,ALL,ALL,2024Q1,2024-03-31,16.0,12,0.75,0,0
SENIOR_HIRE_12M,ALL,ALL,2024Q2,2024-06-30,19.0,16,0.8421052631578947,0,0
SENIOR_HIRE_12M,ALL,ALL,2024Q3,2024-09-30,12.0,11,0.9166666666666666,0,0
SENIOR_HIRE_12M,ALL,ALL,2024Q4,2024-12-31,14.0,10,0.7142857142857143,0,0
SENIOR_HIRE_12M,ALL,ALL,2025Q1,2025-03-31,0.0,0,,8,0
SENIOR_HIRE_12M,ALL,ALL,2025Q2,2025-06-30,0.0,0,,17,0
SENIOR_HIRE_12M,ALL,ALL,2025Q3,2025-09-30,0.0,0,,17,0
SENIOR_HIRE_12M,ALL,ALL,2025Q4,2025-12-31,0.0,0,,6,0
SENIOR_HIRE_12M,ALL,Digital,2021Q1,2021-03-31,4.0,4,1.0,0,0
SENIOR_HIRE_12M,ALL,Digital,2021Q3,2021-09-30,4.0,2,0.5,0,0
SENIOR_HIRE_12M,ALL,Digital,2021Q4,2021-12-31,6.0,5,0.8333333333333334,0,0
SENIOR_HIRE_12M,ALL,Digital,2022Q1,2022-03-31,3.0,2,0.6666666666666666,0,0
SENIOR_HIRE_12M,ALL,Digital,2022Q2,2022-06-30,4.0,3,0.75,0,0
SENIOR_HIRE_12M,ALL,Digital,2022Q3,2022-09-30,3.0,2,0.6666666666666666,0,0
SENIOR_HIRE_12M,ALL,Digital,2022Q4,2022-12-31,2.0,2,1.0,0,0
SENIOR_HIRE_12M,ALL,Digital,2023Q1,2023-03-31,1.0,0,0.0,0,0
SENIOR_HIRE_12M,ALL,Digital,2023Q2,2023-06-30,2.0,2,1.0,0,0
SENIOR_HIRE_12M,ALL,Digital,2023Q3,2023-09-30,4.0,2,0.5,0,0
SENIOR_HIRE_12M,ALL,Digital,2023Q4,2023-12-31,6.0,4,0.6666666666666666,0,0
SENIOR_HIRE_12M,ALL,Digital,2024Q1,2024-03-31,6.0,6,1.0,0,0
SENIOR_HIRE_12M,ALL,Digital,2024Q2,2024-06-30,7.0,7,1.0,0,0
SENIOR_HIRE_12M,ALL,Digital,2024Q3,2024-09-30,5.0,5,1.0,0,0
SENIOR_HIRE_12M,ALL,Digital,2024Q4,2024-12-31,2.0,2,1.0,0,0
SENIOR_HIRE_12M,ALL,Digital,2025Q1,2025-03-31,0.0,0,,2,0
SENIOR_HIRE_12M,ALL,Digital,2025Q2,2025-06-30,0.0,0,,1,0
SENIOR_HIRE_12M,ALL,Digital,2025Q3,2025-09-30,0.0,0,,2,0
SENIOR_HIRE_12M,ALL,Digital,2025Q4,2025-12-31,0.0,0,,2,0
SENIOR_HIRE_12M,ALL,Finance,2021Q1,2021-03-31,3.0,3,1.0,0,0
SENIOR_HIRE_12M,ALL,Finance,2021Q2,2021-06-30,1.0,0,0.0,0,0
SENIOR_HIRE_12M,ALL,Finance,2021Q3,2021-09-30,2.0,1,0.5,0,0
SENIOR_HIRE_12M,ALL,Finance,2021Q4,2021-12-31,4.0,3,0.75,0,0
SENIOR_HIRE_12M,ALL,Finance,2022Q1,2022-03-31,4.0,3,0.75,0,0
SENIOR_HIRE_12M,ALL,Finance,2022Q2,2022-06-30,4.0,4,1.0,0,0
SENIOR_HIRE_12M,ALL,Finance,2022Q3,2022-09-30,9.0,5,0.5555555555555556,0,0
SENIOR_HIRE_12M,ALL,Finance,2022Q4,2022-12-31,4.0,2,0.5,0,0
SENIOR_HIRE_12M,ALL,Finance,2023Q1,2023-03-31,5.0,4,0.8,0,0
SENIOR_HIRE_12M,ALL,Finance,2023Q2,2023-06-30,1.0,1,1.0,0,0
SENIOR_HIRE_12M,ALL,Finance,2023Q3,2023-09-30,4.0,3,0.75,0,0
SENIOR_HIRE_12M,ALL,Finance,2023Q4,2023-12-31,8.0,7,0.875,0,0
SENIOR_HIRE_12M,ALL,Finance,2024Q1,2024-03-31,1.0,1,1.0,0,0
SENIOR_HIRE_12M,ALL,Finance,2024Q2,2024-06-30,5.0,4,0.8,0,0
SENIOR_HIRE_12M,ALL,Finance,2024Q3,2024-09-30,1.0,1,1.0,0,0
SENIOR_HIRE_12M,ALL,Finance,2024Q4,2024-12-31,5.0,4,0.8,0,0
SENIOR_HIRE_12M,ALL,Finance,2025Q1,2025-03-31,0.0,0,,3,0
SENIOR_HIRE_12M,ALL,Finance,2025Q2,2025-06-30,0.0,0,,5,0
SENIOR_HIRE_12M,ALL,Finance,2025Q3,2025-09-30,0.0,0,,5,0
SENIOR_HIRE_12M,ALL,Finance,2025Q4,2025-12-31,0.0,0,,1,0
SENIOR_HIRE_12M,ALL,Sales,2021Q1,2021-03-31,2.0,2,1.0,0,0
SENIOR_HIRE_12M,ALL,Sales,2021Q2,2021-06-30,2.0,2,1.0,0,0
SENIOR_HIRE_12M,ALL,Sales,2021Q3,2021-09-30,4.0,3,0.75,0,0
SENIOR_HIRE_12M,ALL,Sales,2021Q4,2021-12-31,9.0,6,0.6666666666666666,0,0
SENIOR_HIRE_12M,ALL,Sales,2022Q1,2022-03-31,4.0,4,1.0,0,0
SENIOR_HIRE_12M,ALL,Sales,2022Q2,2022-06-30,3.0,1,0.3333333333333333,0,0
SENIOR_HIRE_12M,ALL,Sales,2022Q3,2022-09-30,2.0,1,0.5,0,0
SENIOR_HIRE_12M,ALL,Sales,2022Q4,2022-12-31,2.0,2,1.0,0,0
SENIOR_HIRE_12M,ALL,Sales,2023Q1,2023-03-31,4.0,4,1.0,0,0
SENIOR_HIRE_12M,ALL,Sales,2023Q2,2023-06-30,4.0,3,0.75,0,0
SENIOR_HIRE_12M,ALL,Sales,2023Q3,2023-09-30,4.0,4,1.0,0,0
SENIOR_HIRE_12M,ALL,Sales,2023Q4,2023-12-31,3.0,3,1.0,0,0
SENIOR_HIRE_12M,ALL,Sales,2024Q1,2024-03-31,2.0,1,0.5,0,0
SENIOR_HIRE_12M,ALL,Sales,2024Q2,2024-06-30,3.0,2,0.6666666666666666,0,0
SENIOR_HIRE_12M,ALL,Sales,2024Q3,2024-09-30,4.0,4,1.0,0,0
SENIOR_HIRE_12M,ALL,Sales,2024Q4,2024-12-31,2.0,0,0.0,0,0
SENIOR_HIRE_12M,ALL,Sales,2025Q1,2025-03-31,0.0,0,,1,0
SENIOR_HIRE_12M,ALL,Sales,2025Q2,2025-06-30,0.0,0,,4,0
SENIOR_HIRE_12M,ALL,Sales,2025Q3,2025-09-30,0.0,0,,7,0
SENIOR_HIRE_12M,ALL,Sales,2025Q4,2025-12-31,0.0,0,,1,0
SENIOR_HIRE_12M,ALL,Supply Chain,2021Q1,2021-03-31,5.0,4,0.8,0,0
SENIOR_HIRE_12M,ALL,Supply Chain,2021Q2,2021-06-30,2.0,2,1.0,0,0
SENIOR_HIRE_12M,ALL,Supply Chain,2021Q3,2021-09-30,11.0,7,0.6363636363636364,0,0
SENIOR_HIRE_12M,ALL,Supply Chain,2021Q4,2021-12-31,3.0,1,0.3333333333333333,0,0
SENIOR_HIRE_12M,ALL,Supply Chain,2022Q1,2022-03-31,5.0,4,0.8,0,0
SENIOR_HIRE_12M,ALL,Supply Chain,2022Q2,2022-06-30,9.0,9,1.0,0,0
SENIOR_HIRE_12M,ALL,Supply Chain,2022Q3,2022-09-30,7.0,6,0.8571428571428571,0,0
SENIOR_HIRE_12M,ALL,Supply Chain,2022Q4,2022-12-31,5.0,5,1.0,0,0
SENIOR_HIRE_12M,ALL,Supply Chain,2023Q1,2023-03-31,5.0,4,0.8,0,0
SENIOR_HIRE_12M,ALL,Supply Chain,2023Q2,2023-06-30,9.0,7,0.7777777777777778,0,0
SENIOR_HIRE_12M,ALL,Supply Chain,2023Q3,2023-09-30,2.0,2,1.0,0,0
SENIOR_HIRE_12M,ALL,Supply Chain,2023Q4,2023-12-31,4.0,3,0.75,0,0
SENIOR_HIRE_12M,ALL,Supply Chain,2024Q1,2024-03-31,7.0,4,0.5714285714285714,0,0
SENIOR_HIRE_12M,ALL,Supply Chain,2024Q2,2024-06-30,4.0,3,0.75,0,0
SENIOR_HIRE_12M,ALL,Supply Chain,2024Q3,2024-09-30,2.0,1,0.5,0,0
SENIOR_HIRE_12M,ALL,Supply Chain,2024Q4,2024-12-31,5.0,4,0.8,0,0
SENIOR_HIRE_12M,ALL,Supply Chain,2025Q1,2025-03-31,0.0,0,,2,0
SENIOR_HIRE_12M,ALL,Supply Chain,2025Q2,2025-06-30,0.0,0,,7,0
SENIOR_HIRE_12M,ALL,Supply Chain,2025Q3,2025-09-30,0.0,0,,3,0
SENIOR_HIRE_12M,ALL,Supply Chain,2025Q4,2025-12-31,0.0,0,,2,0
SENIOR_HIRE_12M,BG,ALL,2021Q1,2021-03-31,2.0,2,1.0,0,0
SENIOR_HIRE_12M,BG,ALL,2021Q3,2021-09-30,8.0,6,0.75,0,0
SENIOR_HIRE_12M,BG,ALL,2021Q4,2021-12-31,4.0,2,0.5,0,0
SENIOR_HIRE_12M,BG,ALL,2022Q1,2022-03-31,4.0,4,1.0,0,0
SENIOR_HIRE_12M,BG,ALL,2022Q2,2022-06-30,2.0,0,0.0,0,0
SENIOR_HIRE_12M,BG,ALL,2022Q3,2022-09-30,6.0,3,0.5,0,0
SENIOR_HIRE_12M,BG,ALL,2022Q4,2022-12-31,2.0,2,1.0,0,0
SENIOR_HIRE_12M,BG,ALL,2023Q1,2023-03-31,2.0,2,1.0,0,0
SENIOR_HIRE_12M,BG,ALL,2023Q2,2023-06-30,3.0,2,0.6666666666666666,0,0
SENIOR_HIRE_12M,BG,ALL,2023Q3,2023-09-30,1.0,0,0.0,0,0
SENIOR_HIRE_12M,BG,ALL,2023Q4,2023-12-31,5.0,4,0.8,0,0
SENIOR_HIRE_12M,BG,ALL,2024Q1,2024-03-31,4.0,3,0.75,0,0
SENIOR_HIRE_12M,BG,ALL,2024Q2,2024-06-30,1.0,1,1.0,0,0
SENIOR_HIRE_12M,BG,ALL,2024Q3,2024-09-30,4.0,3,0.75,0,0
SENIOR_HIRE_12M,BG,ALL,2024Q4,2024-12-31,2.0,2,1.0,0,0
SENIOR_HIRE_12M,BG,ALL,2025Q1,2025-03-31,0.0,0,,1,0
SENIOR_HIRE_12M,BG,ALL,2025Q2,2025-06-30,0.0,0,,6,0
SENIOR_HIRE_12M,BG,ALL,2025Q3,2025-09-30,0.0,0,,1,0
SENIOR_HIRE_12M,BG,ALL,2025Q4,2025-12-31,0.0,0,,1,0
SENIOR_HIRE_12M,BG,Digital,2021Q3,2021-09-30,2.0,1,0.5,0,0
SENIOR_HIRE_12M,BG,Digital,2022Q2,2022-06-30,1.0,0,0.0,0,0
SENIOR_HIRE_12M,BG,Digital,2022Q3,2022-09-30,2.0,1,0.5,0,0
SENIOR_HIRE_12M,BG,Digital,2022Q4,2022-12-31,1.0,1,1.0,0,0
SENIOR_HIRE_12M,BG,Digital,2023Q2,2023-06-30,1.0,1,1.0,0,0
SENIOR_HIRE_12M,BG,Digital,2023Q3,2023-09-30,1.0,0,0.0,0,0
SENIOR_HIRE_12M,BG,Digital,2023Q4,2023-12-31,3.0,2,0.6666666666666666,0,0
SENIOR_HIRE_12M,BG,Digital,2024Q1,2024-03-31,1.0,1,1.0,0,0
SENIOR_HIRE_12M,BG,Digital,2024Q3,2024-09-30,3.0,3,1.0,0,0
SENIOR_HIRE_12M,BG,Finance,2021Q1,2021-03-31,1.0,1,1.0,0,0
SENIOR_HIRE_12M,BG,Finance,2021Q3,2021-09-30,2.0,1,0.5,0,0
SENIOR_HIRE_12M,BG,Finance,2021Q4,2021-12-31,1.0,1,1.0,0,0
SENIOR_HIRE_12M,BG,Finance,2022Q1,2022-03-31,2.0,2,1.0,0,0
SENIOR_HIRE_12M,BG,Finance,2022Q3,2022-09-30,2.0,1,0.5,0,0
SENIOR_HIRE_12M,BG,Finance,2022Q4,2022-12-31,1.0,1,1.0,0,0
SENIOR_HIRE_12M,BG,Finance,2024Q4,2024-12-31,1.0,1,1.0,0,0
SENIOR_HIRE_12M,BG,Finance,2025Q1,2025-03-31,0.0,0,,1,0
SENIOR_HIRE_12M,BG,Finance,2025Q2,2025-06-30,0.0,0,,3,0
SENIOR_HIRE_12M,BG,Sales,2021Q1,2021-03-31,1.0,1,1.0,0,0
SENIOR_HIRE_12M,BG,Sales,2021Q3,2021-09-30,2.0,2,1.0,0,0
SENIOR_HIRE_12M,BG,Sales,2021Q4,2021-12-31,2.0,1,0.5,0,0
SENIOR_HIRE_12M,BG,Sales,2022Q1,2022-03-31,1.0,1,1.0,0,0
SENIOR_HIRE_12M,BG,Sales,2022Q2,2022-06-30,1.0,0,0.0,0,0
SENIOR_HIRE_12M,BG,Sales,2022Q3,2022-09-30,1.0,0,0.0,0,0
SENIOR_HIRE_12M,BG,Sales,2023Q1,2023-03-31,1.0,1,1.0,0,0
SENIOR_HIRE_12M,BG,Sales,2023Q2,2023-06-30,1.0,0,0.0,0,0
SENIOR_HIRE_12M,BG,Sales,2023Q4,2023-12-31,1.0,1,1.0,0,0
SENIOR_HIRE_12M,BG,Sales,2025Q3,2025-09-30,0.0,0,,1,0
SENIOR_HIRE_12M,BG,Supply Chain,2021Q3,2021-09-30,2.0,2,1.0,0,0
SENIOR_HIRE_12M,BG,Supply Chain,2021Q4,2021-12-31,1.0,0,0.0,0,0
SENIOR_HIRE_12M,BG,Supply Chain,2022Q1,2022-03-31,1.0,1,1.0,0,0
SENIOR_HIRE_12M,BG,Supply Chain,2022Q3,2022-09-30,1.0,1,1.0,0,0
SENIOR_HIRE_12M,BG,Supply Chain,2023Q1,2023-03-31,1.0,1,1.0,0,0
SENIOR_HIRE_12M,BG,Supply Chain,2023Q2,2023-06-30,1.0,1,1.0,0,0
SENIOR_HIRE_12M,BG,Supply Chain,2023Q4,2023-12-31,1.0,1,1.0,0,0
SENIOR_HIRE_12M,BG,Supply Chain,2024Q1,2024-03-31,3.0,2,0.6666666666666666,0,0
SENIOR_HIRE_12M,BG,Supply Chain,2024Q2,2024-06-30,1.0,1,1.0,0,0
SENIOR_HIRE_12M,BG,Supply Chain,2024Q3,2024-09-30,1.0,0,0.0,0,0
SENIOR_HIRE_12M,BG,Supply Chain,2024Q4,2024-12-31,1.0,1,1.0,0,0
SENIOR_HIRE_12M,BG,Supply Chain,2025Q2,2025-06-30,0.0,0,,3,0
SENIOR_HIRE_12M,BG,Supply Chain,2025Q4,2025-12-31,0.0,0,,1,0
SENIOR_HIRE_12M,GR,ALL,2021Q1,2021-03-31,4.0,4,1.0,0,0
SENIOR_HIRE_12M,GR,ALL,2021Q2,2021-06-30,4.0,3,0.75,0,0
SENIOR_HIRE_12M,GR,ALL,2021Q3,2021-09-30,3.0,0,0.0,0,0
SENIOR_HIRE_12M,GR,ALL,2021Q4,2021-12-31,7.0,4,0.5714285714285714,0,0
SENIOR_HIRE_12M,GR,ALL,2022Q1,2022-03-31,1.0,1,1.0,0,0
SENIOR_HIRE_12M,GR,ALL,2022Q2,2022-06-30,6.0,6,1.0,0,0
SENIOR_HIRE_12M,GR,ALL,2022Q3,2022-09-30,3.0,3,1.0,0,0
SENIOR_HIRE_12M,GR,ALL,2022Q4,2022-12-31,2.0,2,1.0,0,0
SENIOR_HIRE_12M,GR,ALL,2023Q1,2023-03-31,2.0,2,1.0,0,0
SENIOR_HIRE_12M,GR,ALL,2023Q2,2023-06-30,2.0,2,1.0,0,0
SENIOR_HIRE_12M,GR,ALL,2023Q3,2023-09-30,4.0,4,1.0,0,0
SENIOR_HIRE_12M,GR,ALL,2023Q4,2023-12-31,5.0,4,0.8,0,0
SENIOR_HIRE_12M,GR,ALL,2024Q1,2024-03-31,5.0,4,0.8,0,0
SENIOR_HIRE_12M,GR,ALL,2024Q2,2024-06-30,4.0,2,0.5,0,0
SENIOR_HIRE_12M,GR,ALL,2024Q3,2024-09-30,1.0,1,1.0,0,0
SENIOR_HIRE_12M,GR,ALL,2024Q4,2024-12-31,1.0,1,1.0,0,0
SENIOR_HIRE_12M,GR,ALL,2025Q1,2025-03-31,0.0,0,,2,0
SENIOR_HIRE_12M,GR,ALL,2025Q2,2025-06-30,0.0,0,,2,0
SENIOR_HIRE_12M,GR,ALL,2025Q3,2025-09-30,0.0,0,,6,0
SENIOR_HIRE_12M,GR,Digital,2021Q1,2021-03-31,1.0,1,1.0,0,0
SENIOR_HIRE_12M,GR,Digital,2021Q4,2021-12-31,3.0,2,0.6666666666666666,0,0
SENIOR_HIRE_12M,GR,Digital,2022Q3,2022-09-30,1.0,1,1.0,0,0
SENIOR_HIRE_12M,GR,Digital,2022Q4,2022-12-31,1.0,1,1.0,0,0
SENIOR_HIRE_12M,GR,Digital,2023Q4,2023-12-31,1.0,1,1.0,0,0
SENIOR_HIRE_12M,GR,Digital,2024Q1,2024-03-31,3.0,3,1.0,0,0
SENIOR_HIRE_12M,GR,Digital,2024Q2,2024-06-30,1.0,1,1.0,0,0
SENIOR_HIRE_12M,GR,Digital,2024Q3,2024-09-30,1.0,1,1.0,0,0
SENIOR_HIRE_12M,GR,Digital,2024Q4,2024-12-31,1.0,1,1.0,0,0
SENIOR_HIRE_12M,GR,Digital,2025Q3,2025-09-30,0.0,0,,1,0
SENIOR_HIRE_12M,GR,Finance,2021Q2,2021-06-30,1.0,0,0.0,0,0
SENIOR_HIRE_12M,GR,Finance,2022Q1,2022-03-31,1.0,1,1.0,0,0
SENIOR_HIRE_12M,GR,Finance,2022Q2,2022-06-30,2.0,2,1.0,0,0
SENIOR_HIRE_12M,GR,Finance,2023Q1,2023-03-31,1.0,1,1.0,0,0
SENIOR_HIRE_12M,GR,Finance,2023Q2,2023-06-30,1.0,1,1.0,0,0
SENIOR_HIRE_12M,GR,Finance,2023Q4,2023-12-31,2.0,2,1.0,0,0
SENIOR_HIRE_12M,GR,Finance,2024Q2,2024-06-30,2.0,1,0.5,0,0
SENIOR_HIRE_12M,GR,Finance,2025Q1,2025-03-31,0.0,0,,1,0
SENIOR_HIRE_12M,GR,Finance,2025Q3,2025-09-30,0.0,0,,1,0
SENIOR_HIRE_12M,GR,Sales,2021Q1,2021-03-31,1.0,1,1.0,0,0
SENIOR_HIRE_12M,GR,Sales,2021Q2,2021-06-30,2.0,2,1.0,0,0
SENIOR_HIRE_12M,GR,Sales,2021Q3,2021-09-30,1.0,0,0.0,0,0
SENIOR_HIRE_12M,GR,Sales,2021Q4,2021-12-31,4.0,2,0.5,0,0
SENIOR_HIRE_12M,GR,Sales,2022Q4,2022-12-31,1.0,1,1.0,0,0
SENIOR_HIRE_12M,GR,Sales,2023Q1,2023-03-31,1.0,1,1.0,0,0
SENIOR_HIRE_12M,GR,Sales,2023Q3,2023-09-30,3.0,3,1.0,0,0
SENIOR_HIRE_12M,GR,Sales,2023Q4,2023-12-31,1.0,1,1.0,0,0
SENIOR_HIRE_12M,GR,Sales,2024Q1,2024-03-31,1.0,0,0.0,0,0
SENIOR_HIRE_12M,GR,Sales,2024Q2,2024-06-30,1.0,0,0.0,0,0
SENIOR_HIRE_12M,GR,Sales,2025Q1,2025-03-31,0.0,0,,1,0
SENIOR_HIRE_12M,GR,Sales,2025Q2,2025-06-30,0.0,0,,1,0
SENIOR_HIRE_12M,GR,Sales,2025Q3,2025-09-30,0.0,0,,2,0
SENIOR_HIRE_12M,GR,Supply Chain,2021Q1,2021-03-31,2.0,2,1.0,0,0
SENIOR_HIRE_12M,GR,Supply Chain,2021Q2,2021-06-30,1.0,1,1.0,0,0
SENIOR_HIRE_12M,GR,Supply Chain,2021Q3,2021-09-30,2.0,0,0.0,0,0
SENIOR_HIRE_12M,GR,Supply Chain,2022Q2,2022-06-30,4.0,4,1.0,0,0
SENIOR_HIRE_12M,GR,Supply Chain,2022Q3,2022-09-30,2.0,2,1.0,0,0
SENIOR_HIRE_12M,GR,Supply Chain,2023Q2,2023-06-30,1.0,1,1.0,0,0
SENIOR_HIRE_12M,GR,Supply Chain,2023Q3,2023-09-30,1.0,1,1.0,0,0
SENIOR_HIRE_12M,GR,Supply Chain,2023Q4,2023-12-31,1.0,0,0.0,0,0
SENIOR_HIRE_12M,GR,Supply Chain,2024Q1,2024-03-31,1.0,1,1.0,0,0
SENIOR_HIRE_12M,GR,Supply Chain,2025Q2,2025-06-30,0.0,0,,1,0
SENIOR_HIRE_12M,GR,Supply Chain,2025Q3,2025-09-30,0.0,0,,2,0
SENIOR_HIRE_12M,IE,ALL,2021Q1,2021-03-31,3.0,3,1.0,0,0
SENIOR_HIRE_12M,IE,ALL,2021Q3,2021-09-30,4.0,3,0.75,0,0
SENIOR_HIRE_12M,IE,ALL,2021Q4,2021-12-31,1.0,1,1.0,0,0
SENIOR_HIRE_12M,IE,ALL,2022Q1,2022-03-31,2.0,2,1.0,0,0
SENIOR_HIRE_12M,IE,ALL,2022Q2,2022-06-30,4.0,4,1.0,0,0
SENIOR_HIRE_12M,IE,ALL,2022Q3,2022-09-30,2.0,2,1.0,0,0
SENIOR_HIRE_12M,IE,ALL,2022Q4,2022-12-31,3.0,3,1.0,0,0
SENIOR_HIRE_12M,IE,ALL,2023Q1,2023-03-31,3.0,2,0.6666666666666666,0,0
SENIOR_HIRE_12M,IE,ALL,2023Q2,2023-06-30,3.0,1,0.3333333333333333,0,0
SENIOR_HIRE_12M,IE,ALL,2023Q3,2023-09-30,1.0,0,0.0,0,0
SENIOR_HIRE_12M,IE,ALL,2023Q4,2023-12-31,1.0,1,1.0,0,0
SENIOR_HIRE_12M,IE,ALL,2024Q1,2024-03-31,3.0,2,0.6666666666666666,0,0
SENIOR_HIRE_12M,IE,ALL,2024Q2,2024-06-30,2.0,2,1.0,0,0
SENIOR_HIRE_12M,IE,ALL,2024Q3,2024-09-30,1.0,1,1.0,0,0
SENIOR_HIRE_12M,IE,ALL,2024Q4,2024-12-31,1.0,0,0.0,0,0
SENIOR_HIRE_12M,IE,ALL,2025Q1,2025-03-31,0.0,0,,1,0
SENIOR_HIRE_12M,IE,ALL,2025Q2,2025-06-30,0.0,0,,4,0
SENIOR_HIRE_12M,IE,ALL,2025Q3,2025-09-30,0.0,0,,1,0
SENIOR_HIRE_12M,IE,ALL,2025Q4,2025-12-31,0.0,0,,3,0
SENIOR_HIRE_12M,IE,Digital,2021Q1,2021-03-31,1.0,1,1.0,0,0
SENIOR_HIRE_12M,IE,Digital,2021Q3,2021-09-30,1.0,1,1.0,0,0
SENIOR_HIRE_12M,IE,Digital,2022Q2,2022-06-30,1.0,1,1.0,0,0
SENIOR_HIRE_12M,IE,Digital,2023Q1,2023-03-31,1.0,0,0.0,0,0
SENIOR_HIRE_12M,IE,Digital,2025Q4,2025-12-31,0.0,0,,2,0
SENIOR_HIRE_12M,IE,Finance,2021Q1,2021-03-31,2.0,2,1.0,0,0
SENIOR_HIRE_12M,IE,Finance,2022Q3,2022-09-30,1.0,1,1.0,0,0
SENIOR_HIRE_12M,IE,Finance,2022Q4,2022-12-31,1.0,1,1.0,0,0
SENIOR_HIRE_12M,IE,Finance,2023Q1,2023-03-31,2.0,2,1.0,0,0
SENIOR_HIRE_12M,IE,Finance,2023Q3,2023-09-30,1.0,0,0.0,0,0
SENIOR_HIRE_12M,IE,Finance,2023Q4,2023-12-31,1.0,1,1.0,0,0
SENIOR_HIRE_12M,IE,Finance,2024Q2,2024-06-30,1.0,1,1.0,0,0
SENIOR_HIRE_12M,IE,Finance,2025Q2,2025-06-30,0.0,0,,1,0
SENIOR_HIRE_12M,IE,Finance,2025Q3,2025-09-30,0.0,0,,1,0
SENIOR_HIRE_12M,IE,Sales,2021Q4,2021-12-31,1.0,1,1.0,0,0
SENIOR_HIRE_12M,IE,Sales,2022Q1,2022-03-31,1.0,1,1.0,0,0
SENIOR_HIRE_12M,IE,Sales,2022Q2,2022-06-30,1.0,1,1.0,0,0
SENIOR_HIRE_12M,IE,Sales,2022Q4,2022-12-31,1.0,1,1.0,0,0
SENIOR_HIRE_12M,IE,Sales,2023Q2,2023-06-30,1.0,1,1.0,0,0
SENIOR_HIRE_12M,IE,Sales,2024Q1,2024-03-31,1.0,1,1.0,0,0
SENIOR_HIRE_12M,IE,Sales,2024Q3,2024-09-30,1.0,1,1.0,0,0
SENIOR_HIRE_12M,IE,Sales,2024Q4,2024-12-31,1.0,0,0.0,0,0
SENIOR_HIRE_12M,IE,Sales,2025Q2,2025-06-30,0.0,0,,2,0
SENIOR_HIRE_12M,IE,Sales,2025Q4,2025-12-31,0.0,0,,1,0
SENIOR_HIRE_12M,IE,Supply Chain,2021Q3,2021-09-30,3.0,2,0.6666666666666666,0,0
SENIOR_HIRE_12M,IE,Supply Chain,2022Q1,2022-03-31,1.0,1,1.0,0,0
SENIOR_HIRE_12M,IE,Supply Chain,2022Q2,2022-06-30,2.0,2,1.0,0,0
SENIOR_HIRE_12M,IE,Supply Chain,2022Q3,2022-09-30,1.0,1,1.0,0,0
SENIOR_HIRE_12M,IE,Supply Chain,2022Q4,2022-12-31,1.0,1,1.0,0,0
SENIOR_HIRE_12M,IE,Supply Chain,2023Q2,2023-06-30,2.0,0,0.0,0,0
SENIOR_HIRE_12M,IE,Supply Chain,2024Q1,2024-03-31,2.0,1,0.5,0,0
SENIOR_HIRE_12M,IE,Supply Chain,2024Q2,2024-06-30,1.0,1,1.0,0,0
SENIOR_HIRE_12M,IE,Supply Chain,2025Q1,2025-03-31,0.0,0,,1,0
SENIOR_HIRE_12M,IE,Supply Chain,2025Q2,2025-06-30,0.0,0,,1,0
SENIOR_HIRE_12M,IT,ALL,2021Q1,2021-03-31,2.0,2,1.0,0,0
SENIOR_HIRE_12M,IT,ALL,2021Q3,2021-09-30,3.0,1,0.3333333333333333,0,0
SENIOR_HIRE_12M,IT,ALL,2021Q4,2021-12-31,3.0,3,1.0,0,0
SENIOR_HIRE_12M,IT,ALL,2022Q1,2022-03-31,5.0,3,0.6,0,0
SENIOR_HIRE_12M,IT,ALL,2022Q2,2022-06-30,1.0,1,1.0,0,0
SENIOR_HIRE_12M,IT,ALL,2022Q3,2022-09-30,3.0,3,1.0,0,0
SENIOR_HIRE_12M,IT,ALL,2022Q4,2022-12-31,2.0,2,1.0,0,0
SENIOR_HIRE_12M,IT,ALL,2023Q1,2023-03-31,3.0,3,1.0,0,0
SENIOR_HIRE_12M,IT,ALL,2023Q2,2023-06-30,3.0,3,1.0,0,0
SENIOR_HIRE_12M,IT,ALL,2023Q3,2023-09-30,1.0,1,1.0,0,0
SENIOR_HIRE_12M,IT,ALL,2023Q4,2023-12-31,4.0,3,0.75,0,0
SENIOR_HIRE_12M,IT,ALL,2024Q1,2024-03-31,1.0,0,0.0,0,0
SENIOR_HIRE_12M,IT,ALL,2024Q2,2024-06-30,6.0,5,0.8333333333333334,0,0
SENIOR_HIRE_12M,IT,ALL,2024Q3,2024-09-30,3.0,3,1.0,0,0
SENIOR_HIRE_12M,IT,ALL,2024Q4,2024-12-31,1.0,1,1.0,0,0
SENIOR_HIRE_12M,IT,ALL,2025Q1,2025-03-31,0.0,0,,1,0
SENIOR_HIRE_12M,IT,ALL,2025Q2,2025-06-30,0.0,0,,3,0
SENIOR_HIRE_12M,IT,ALL,2025Q4,2025-12-31,0.0,0,,1,0
SENIOR_HIRE_12M,IT,Digital,2021Q3,2021-09-30,1.0,0,0.0,0,0
SENIOR_HIRE_12M,IT,Digital,2021Q4,2021-12-31,2.0,2,1.0,0,0
SENIOR_HIRE_12M,IT,Digital,2022Q1,2022-03-31,2.0,1,0.5,0,0
SENIOR_HIRE_12M,IT,Digital,2022Q2,2022-06-30,1.0,1,1.0,0,0
SENIOR_HIRE_12M,IT,Digital,2023Q3,2023-09-30,1.0,1,1.0,0,0
SENIOR_HIRE_12M,IT,Digital,2023Q4,2023-12-31,2.0,1,0.5,0,0
SENIOR_HIRE_12M,IT,Digital,2024Q2,2024-06-30,3.0,3,1.0,0,0
SENIOR_HIRE_12M,IT,Finance,2022Q3,2022-09-30,2.0,2,1.0,0,0
SENIOR_HIRE_12M,IT,Finance,2023Q4,2023-12-31,2.0,2,1.0,0,0
SENIOR_HIRE_12M,IT,Finance,2024Q3,2024-09-30,1.0,1,1.0,0,0
SENIOR_HIRE_12M,IT,Finance,2025Q2,2025-06-30,0.0,0,,1,0
SENIOR_HIRE_12M,IT,Finance,2025Q4,2025-12-31,0.0,0,,1,0
SENIOR_HIRE_12M,IT,Sales,2021Q4,2021-12-31,1.0,1,1.0,0,0
SENIOR_HIRE_12M,IT,Sales,2023Q1,2023-03-31,2.0,2,1.0,0,0
SENIOR_HIRE_12M,IT,Sales,2023Q2,2023-06-30,2.0,2,1.0,0,0
SENIOR_HIRE_12M,IT,Sales,2024Q2,2024-06-30,2.0,2,1.0,0,0
SENIOR_HIRE_12M,IT,Sales,2024Q3,2024-09-30,2.0,2,1.0,0,0
SENIOR_HIRE_12M,IT,Supply Chain,2021Q1,2021-03-31,2.0,2,1.0,0,0
SENIOR_HIRE_12M,IT,Supply Chain,2021Q3,2021-09-30,2.0,1,0.5,0,0
SENIOR_HIRE_12M,IT,Supply Chain,2022Q1,2022-03-31,3.0,2,0.6666666666666666,0,0
SENIOR_HIRE_12M,IT,Supply Chain,2022Q3,2022-09-30,1.0,1,1.0,0,0
SENIOR_HIRE_12M,IT,Supply Chain,2022Q4,2022-12-31,2.0,2,1.0,0,0
SENIOR_HIRE_12M,IT,Supply Chain,2023Q1,2023-03-31,1.0,1,1.0,0,0
SENIOR_HIRE_12M,IT,Supply Chain,2023Q2,2023-06-30,1.0,1,1.0,0,0
SENIOR_HIRE_12M,IT,Supply Chain,2024Q1,2024-03-31,1.0,0,0.0,0,0
SENIOR_HIRE_12M,IT,Supply Chain,2024Q2,2024-06-30,1.0,0,0.0,0,0
SENIOR_HIRE_12M,IT,Supply Chain,2024Q4,2024-12-31,1.0,1,1.0,0,0
SENIOR_HIRE_12M,IT,Supply Chain,2025Q1,2025-03-31,0.0,0,,1,0
SENIOR_HIRE_12M,IT,Supply Chain,2025Q2,2025-06-30,0.0,0,,2,0
SENIOR_HIRE_12M,PL,ALL,2021Q1,2021-03-31,1.0,1,1.0,0,0
SENIOR_HIRE_12M,PL,ALL,2021Q2,2021-06-30,1.0,1,1.0,0,0
SENIOR_HIRE_12M,PL,ALL,2021Q3,2021-09-30,2.0,2,1.0,0,0
SENIOR_HIRE_12M,PL,ALL,2021Q4,2021-12-31,5.0,3,0.6,0,0
SENIOR_HIRE_12M,PL,ALL,2022Q2,2022-06-30,5.0,5,1.0,0,0
SENIOR_HIRE_12M,PL,ALL,2022Q3,2022-09-30,4.0,1,0.25,0,0
SENIOR_HIRE_12M,PL,ALL,2022Q4,2022-12-31,2.0,1,0.5,0,0
SENIOR_HIRE_12M,PL,ALL,2023Q1,2023-03-31,1.0,0,0.0,0,0
SENIOR_HIRE_12M,PL,ALL,2023Q2,2023-06-30,3.0,3,1.0,0,0
SENIOR_HIRE_12M,PL,ALL,2023Q3,2023-09-30,4.0,3,0.75,0,0
SENIOR_HIRE_12M,PL,ALL,2023Q4,2023-12-31,6.0,5,0.8333333333333334,0,0
SENIOR_HIRE_12M,PL,ALL,2024Q1,2024-03-31,1.0,1,1.0,0,0
SENIOR_HIRE_12M,PL,ALL,2024Q2,2024-06-30,4.0,4,1.0,0,0
SENIOR_HIRE_12M,PL,ALL,2024Q4,2024-12-31,6.0,4,0.6666666666666666,0,0
SENIOR_HIRE_12M,PL,ALL,2025Q1,2025-03-31,0.0,0,,2,0
SENIOR_HIRE_12M,PL,ALL,2025Q3,2025-09-30,0.0,0,,7,0
SENIOR_HIRE_12M,PL,ALL,2025Q4,2025-12-31,0.0,0,,1,0
SENIOR_HIRE_12M,PL,Digital,2021Q1,2021-03-31,1.0,1,1.0,0,0
SENIOR_HIRE_12M,PL,Digital,2022Q2,2022-06-30,1.0,1,1.0,0,0
SENIOR_HIRE_12M,PL,Digital,2023Q3,2023-09-30,1.0,0,0.0,0,0
SENIOR_HIRE_12M,PL,Digital,2024Q1,2024-03-31,1.0,1,1.0,0,0
SENIOR_HIRE_12M,PL,Digital,2024Q2,2024-06-30,3.0,3,1.0,0,0
SENIOR_HIRE_12M,PL,Digital,2024Q4,2024-12-31,1.0,1,1.0,0,0
SENIOR_HIRE_12M,PL,Digital,2025Q1,2025-03-31,0.0,0,,1,0
SENIOR_HIRE_12M,PL,Digital,2025Q3,2025-09-30,0.0,0,,1,0
SENIOR_HIRE_12M,PL,Finance,2021Q4,2021-12-31,3.0,2,0.6666666666666666,0,0
SENIOR_HIRE_12M,PL,Finance,2022Q2,2022-06-30,1.0,1,1.0,0,0
SENIOR_HIRE_12M,PL,Finance,2022Q3,2022-09-30,2.0,0,0.0,0,0
SENIOR_HIRE_12M,PL,Finance,2022Q4,2022-12-31,1.0,0,0.0,0,0
SENIOR_HIRE_12M,PL,Finance,2023Q3,2023-09-30,1.0,1,1.0,0,0
SENIOR_HIRE_12M,PL,Finance,2023Q4,2023-12-31,3.0,2,0.6666666666666666,0,0
SENIOR_HIRE_12M,PL,Finance,2024Q2,2024-06-30,1.0,1,1.0,0,0
SENIOR_HIRE_12M,PL,Finance,2024Q4,2024-12-31,3.0,2,0.6666666666666666,0,0
SENIOR_HIRE_12M,PL,Finance,2025Q1,2025-03-31,0.0,0,,1,0
SENIOR_HIRE_12M,PL,Finance,2025Q3,2025-09-30,0.0,0,,3,0
SENIOR_HIRE_12M,PL,Sales,2023Q3,2023-09-30,1.0,1,1.0,0,0
SENIOR_HIRE_12M,PL,Sales,2023Q4,2023-12-31,1.0,1,1.0,0,0
SENIOR_HIRE_12M,PL,Sales,2025Q3,2025-09-30,0.0,0,,2,0
SENIOR_HIRE_12M,PL,Supply Chain,2021Q2,2021-06-30,1.0,1,1.0,0,0
SENIOR_HIRE_12M,PL,Supply Chain,2021Q3,2021-09-30,2.0,2,1.0,0,0
SENIOR_HIRE_12M,PL,Supply Chain,2021Q4,2021-12-31,2.0,1,0.5,0,0
SENIOR_HIRE_12M,PL,Supply Chain,2022Q2,2022-06-30,3.0,3,1.0,0,0
SENIOR_HIRE_12M,PL,Supply Chain,2022Q3,2022-09-30,2.0,1,0.5,0,0
SENIOR_HIRE_12M,PL,Supply Chain,2022Q4,2022-12-31,1.0,1,1.0,0,0
SENIOR_HIRE_12M,PL,Supply Chain,2023Q1,2023-03-31,1.0,0,0.0,0,0
SENIOR_HIRE_12M,PL,Supply Chain,2023Q2,2023-06-30,3.0,3,1.0,0,0
SENIOR_HIRE_12M,PL,Supply Chain,2023Q3,2023-09-30,1.0,1,1.0,0,0
SENIOR_HIRE_12M,PL,Supply Chain,2023Q4,2023-12-31,2.0,2,1.0,0,0
SENIOR_HIRE_12M,PL,Supply Chain,2024Q4,2024-12-31,2.0,1,0.5,0,0
SENIOR_HIRE_12M,PL,Supply Chain,2025Q3,2025-09-30,0.0,0,,1,0
SENIOR_HIRE_12M,PL,Supply Chain,2025Q4,2025-12-31,0.0,0,,1,0
SENIOR_HIRE_12M,RO,ALL,2021Q1,2021-03-31,2.0,1,0.5,0,0
SENIOR_HIRE_12M,RO,ALL,2021Q3,2021-09-30,1.0,1,1.0,0,0
SENIOR_HIRE_12M,RO,ALL,2021Q4,2021-12-31,2.0,2,1.0,0,0
SENIOR_HIRE_12M,RO,ALL,2022Q1,2022-03-31,4.0,3,0.75,0,0
SENIOR_HIRE_12M,RO,ALL,2022Q2,2022-06-30,2.0,1,0.5,0,0
SENIOR_HIRE_12M,RO,ALL,2022Q3,2022-09-30,3.0,2,0.6666666666666666,0,0
SENIOR_HIRE_12M,RO,ALL,2022Q4,2022-12-31,2.0,1,0.5,0,0
SENIOR_HIRE_12M,RO,ALL,2023Q1,2023-03-31,4.0,3,0.75,0,0
SENIOR_HIRE_12M,RO,ALL,2023Q2,2023-06-30,2.0,2,1.0,0,0
SENIOR_HIRE_12M,RO,ALL,2023Q3,2023-09-30,3.0,3,1.0,0,0
SENIOR_HIRE_12M,RO,ALL,2024Q1,2024-03-31,2.0,2,1.0,0,0
SENIOR_HIRE_12M,RO,ALL,2024Q2,2024-06-30,2.0,2,1.0,0,0
SENIOR_HIRE_12M,RO,ALL,2024Q3,2024-09-30,3.0,3,1.0,0,0
SENIOR_HIRE_12M,RO,ALL,2024Q4,2024-12-31,3.0,2,0.6666666666666666,0,0
SENIOR_HIRE_12M,RO,ALL,2025Q1,2025-03-31,0.0,0,,1,0
SENIOR_HIRE_12M,RO,ALL,2025Q2,2025-06-30,0.0,0,,2,0
SENIOR_HIRE_12M,RO,ALL,2025Q3,2025-09-30,0.0,0,,2,0
SENIOR_HIRE_12M,RO,Digital,2021Q1,2021-03-31,1.0,1,1.0,0,0
SENIOR_HIRE_12M,RO,Digital,2021Q4,2021-12-31,1.0,1,1.0,0,0
SENIOR_HIRE_12M,RO,Digital,2022Q1,2022-03-31,1.0,1,1.0,0,0
SENIOR_HIRE_12M,RO,Digital,2023Q2,2023-06-30,1.0,1,1.0,0,0
SENIOR_HIRE_12M,RO,Digital,2023Q3,2023-09-30,1.0,1,1.0,0,0
SENIOR_HIRE_12M,RO,Digital,2024Q1,2024-03-31,1.0,1,1.0,0,0
SENIOR_HIRE_12M,RO,Digital,2024Q3,2024-09-30,1.0,1,1.0,0,0
SENIOR_HIRE_12M,RO,Digital,2025Q1,2025-03-31,0.0,0,,1,0
SENIOR_HIRE_12M,RO,Digital,2025Q2,2025-06-30,0.0,0,,1,0
SENIOR_HIRE_12M,RO,Finance,2022Q1,2022-03-31,1.0,0,0.0,0,0
SENIOR_HIRE_12M,RO,Finance,2022Q2,2022-06-30,1.0,1,1.0,0,0
SENIOR_HIRE_12M,RO,Finance,2022Q3,2022-09-30,2.0,1,0.5,0,0
SENIOR_HIRE_12M,RO,Finance,2022Q4,2022-12-31,1.0,0,0.0,0,0
SENIOR_HIRE_12M,RO,Finance,2023Q1,2023-03-31,2.0,1,0.5,0,0
SENIOR_HIRE_12M,RO,Finance,2023Q3,2023-09-30,2.0,2,1.0,0,0
SENIOR_HIRE_12M,RO,Finance,2024Q1,2024-03-31,1.0,1,1.0,0,0
SENIOR_HIRE_12M,RO,Finance,2024Q2,2024-06-30,1.0,1,1.0,0,0
SENIOR_HIRE_12M,RO,Finance,2024Q4,2024-12-31,1.0,1,1.0,0,0
SENIOR_HIRE_12M,RO,Sales,2021Q3,2021-09-30,1.0,1,1.0,0,0
SENIOR_HIRE_12M,RO,Sales,2021Q4,2021-12-31,1.0,1,1.0,0,0
SENIOR_HIRE_12M,RO,Sales,2022Q1,2022-03-31,2.0,2,1.0,0,0
SENIOR_HIRE_12M,RO,Sales,2022Q2,2022-06-30,1.0,0,0.0,0,0
SENIOR_HIRE_12M,RO,Sales,2022Q3,2022-09-30,1.0,1,1.0,0,0
SENIOR_HIRE_12M,RO,Sales,2024Q3,2024-09-30,1.0,1,1.0,0,0
SENIOR_HIRE_12M,RO,Sales,2024Q4,2024-12-31,1.0,0,0.0,0,0
SENIOR_HIRE_12M,RO,Sales,2025Q2,2025-06-30,0.0,0,,1,0
SENIOR_HIRE_12M,RO,Sales,2025Q3,2025-09-30,0.0,0,,2,0
SENIOR_HIRE_12M,RO,Supply Chain,2021Q1,2021-03-31,1.0,0,0.0,0,0
SENIOR_HIRE_12M,RO,Supply Chain,2022Q4,2022-12-31,1.0,1,1.0,0,0
SENIOR_HIRE_12M,RO,Supply Chain,2023Q1,2023-03-31,2.0,2,1.0,0,0
SENIOR_HIRE_12M,RO,Supply Chain,2023Q2,2023-06-30,1.0,1,1.0,0,0
SENIOR_HIRE_12M,RO,Supply Chain,2024Q2,2024-06-30,1.0,1,1.0,0,0
SENIOR_HIRE_12M,RO,Supply Chain,2024Q3,2024-09-30,1.0,1,1.0,0,0
SENIOR_HIRE_12M,RO,Supply Chain,2024Q4,2024-12-31,1.0,1,1.0,0,0
